"ReferenceName","RangeID"
"857","310"
"857","307"
"857","347"
"857","338"
"857","325"
"857","251"
"857","200"
"203","224"
"37","229"
"439","245"
"857","308"
"931","313"
"931","219"
"439","317"
"931","316"
"439","316"
"857","316"
"439","289"
"740","289"
"842","289"
"857","289"
"439","230"
"842","230"
"857","230"
"439","356"
"740","356"
"842","356"
"847","356"
"439","359"
"842","359"
"857","359"
"931","359"
"439","221"
"842","221"
"857","221"
"931","221"
"439","240"
"740","240"
"842","240"
"857","240"
"439","353"
"842","353"
"857","353"
"740","353"
"439","213"
"740","213"
"842","213"
"857","213"
"931","213"
"439","179"
"842","179"
"857","179"
"439","354"
"842","354"
"857","354"
"439","306"
"842","306"
"439","235"
"842","235"
"857","235"
"931","235"
"439","290"
"842","290"
"857","290"
"931","290"
"439","252"
"842","252"
"857","252"
"931","252"
"857","334"
"439","192"
"857","192"
"857","239"
"857","189"
"857","375"
"857","350"
"439","276"
"857","276"
"857","281"
"857","339"
"857","185"
"857","319"
"857","259"
"555","225"
"857","320"
"857","184"
"857","364"
"857","183"
"857","261"
"857","318"
"33","304"
"857","304"
"842","304"
"857","309"
"857","296"
"842","296"
"439","296"
"967","296"
"521","296"
"577","296"
"857","186"
"857","191"
"842","191"
"439","191"
"857","248"
"857","206"
"842","206"
"439","206"
"931","206"
"857","330"
"857","327"
"842","327"
"439","327"
"857","324"
"857","288"
"857","217"
"842","217"
"439","217"
"857","195"
"33","231"
"857","302"
"842","302"
"857","358"
"857","207"
"439","207"
"842","207"
"857","335"
"842","335"
"439","335"
"931","242"
"931","237"
"931","178"
"857","181"
"439","181"
"931","194"
"439","244"
"857","244"
"248","208"
"931","246"
"857","315"
"857","287"
"163","287"
"857","267"
"490","267"
"857","199"
"857","212"
"857","269"
"857","215"
"857","337"
"857","220"
"857","201"
"857","295"
"857","193"
"857","314"
"857","298"
"857","260"
"857","214"
"857","216"
"857","277"
"857","197"
"857","204"
"857","352"
"857","198"
"857","203"
"857","340"
"857","209"
"38","209"
"857","210"
"857","175"
"857","332"
"857","294"
"857","357"
"857","371"
"857","196"
"857","284"
"857","211"
"847","211"
"857","264"
"857","274"
"857","258"
"857","272"
"857","341"
"857","257"
"857","256"
"857","367"
"857","344"
"1201","344"
"857","378"
"857","331"
"438","331"
"857","232"
"833","232"
"857","180"
"857","176"
"1014","176"
"857","228"
"757","228"
"1036","228"
"857","273"
"857","275"
"857","280"
"857","379"
"857","285"
"857","342"
"857","366"
"857","177"
"857","271"
"757","271"
"857","226"
"857","279"
"857","268"
"857","270"
"857","187"
"857","227"
"857","380"
"757","381"
