"year","filename","species","type","January","Feburary","March","April","May","June","July","August","September","October","November","December","Total","flag"
"2010","06_Monthly_landings_Columbia_River.pdf","CHECK","landings",NA,NA,NA,NA,NA,NA,NA,NA,NA,NA,NA,NA,NA,NA
"2010","07_Monthly_landings_Astoria.pdf","Anchovy..northern.....","landings","CHECK","CHECK","CHECK","CHECK","CHECK","CHECK","CHECK","CHECK","CHECK","CHECK","CHECK","CHECK","CHECK","CHECK"
"2010","07_Monthly_landings_Astoria.pdf","Barracudina, Duckbill","landings","0","0","0","0","0","00",NA,"04",NA,"0","0","04","","CHECK"
"2010","07_Monthly_landings_Astoria.pdf","Shark, Brown Cat","landings","0","0","0","0","0","00",NA,"78469",NA,"0","0","0547","","CHECK"
"2010","07_Monthly_landings_Astoria.pdf","Cabezon","landings","0","0","0","0","0","140",NA,"00",NA,"0","0","014","","CHECK"
"2010","07_Monthly_landings_Astoria.pdf","Cod, Pacific","landings","121","649","710","2702","8499","1567229226",NA,"1492022246",NA,"19125","1369","3144118383","","CHECK"
"2010","07_Monthly_landings_Astoria.pdf","EelPout","landings","0","0","0","0","0","00",NA,"11",NA,"0","0","02","","CHECK"
"2010","07_Monthly_landings_Astoria.pdf","Flounder, arrowtooth","landings","86774","391890","160775","377941","443891","514537730047",NA,"569480163366",NA,"147635","222396","2875824096314","","CHECK"
"2010","07_Monthly_landings_Astoria.pdf","Flounder, starry","landings","0","650","293","381","494","128643210",NA,"1492630",NA,"448","13","720482","","CHECK"
"2010","07_Monthly_landings_Astoria.pdf","Grenadier, Pacific","landings","0","384","0","921","1266","644184",NA,"3534",NA,"198","7","03673","","CHECK"
"2010","07_Monthly_landings_Astoria.pdf","Hagfish sp","landings","0","0","0","0","0","01",NA,"00",NA,"0","0","01","","CHECK"
"2010","07_Monthly_landings_Astoria.pdf","Halibut, California","landings","0","0","0","0","0","00",NA,"012",NA,"0","0","012","","CHECK"
"2010","07_Monthly_landings_Astoria.pdf","Halibut, Pacific","landings","0","0","0","0","94","26109853",NA,"3471431",NA,"0","0","047302","","CHECK"
"2010","07_Monthly_landings_Astoria.pdf","Herring, Pacific","landings","0","0","0","0","0","00",NA,"157676294",NA,"0","0","077870","","CHECK"
"2010","07_Monthly_landings_Astoria.pdf","Lingcod","landings","546","1775","3298","3756","8720","1187312468",NA,"115178304",NA,"647","1062","19464160","","CHECK"
"2010","07_Monthly_landings_Astoria.pdf","Mackerel, jack","landings","0","0","0","0","0","021",NA,"96269",NA,"202","0","0588","","CHECK"
"2010","07_Monthly_landings_Astoria.pdf","Mackerel, Pacific","landings","0","0","0","0","0","297078595",NA,"188537657",NA,"0","0","0108075","","CHECK"
"2010","07_Monthly_landings_Astoria.pdf","Pollock, walleye","landings","0","0","0","0","0","0324",NA,"9073",NA,"0","0","01234","","CHECK"
"2010","07_Monthly_landings_Astoria.pdf","Prowfish","landings","0","0","0","0","0","00",NA,"90",NA,"0","0","09","","CHECK"
"2010","07_Monthly_landings_Astoria.pdf","Ragfish","landings","0","0","0","0","0","00",NA,"02",NA,"0","0","02","","CHECK"
"2010","07_Monthly_landings_Astoria.pdf","Ratfish","landings","0","0","0","0","0","0139",NA,"1181",NA,"1247","0","01505","","CHECK"
"2010","07_Monthly_landings_Astoria.pdf","Pacific Ocean perch","landings","5769","11520","12518","5077","10626","1035416079",NA,"36457565",NA,"5416","13032","635102236","","CHECK"
"2010","07_Monthly_landings_Astoria.pdf","Rockfish, black","landings","0","0","169","299","51","1700",NA,"160",NA,"0","8","5718","","CHECK"
"2010","07_Monthly_landings_Astoria.pdf","Rockfish, canary","landings","0","0","305","16","90","4100535",NA,"577515",NA,"261","148","06547","","CHECK"
"2010","07_Monthly_landings_Astoria.pdf","Rockfish, darkblotched","landings","5684","8244","25942","6269","4761","27123843",NA,"23691766",NA,"6141","12936","63181298","","CHECK"
"2010","07_Monthly_landings_Astoria.pdf","Rockfish, widow","landings","57","150","878","517","135","57692142",NA,"67322210",NA,"133","118","018841","","CHECK"
"2010","07_Monthly_landings_Astoria.pdf","Rockfish, yelloweye","landings","0","0","0","0","8","120",NA,"12190",NA,"0","0","01239","","CHECK"
"2010","07_Monthly_landings_Astoria.pdf","Rockfish, yellowtail","landings","0","148","863","2589","4107","7661110289",NA,"6761221980",NA,"3506","829","39188573","","CHECK"
"2010","07_Monthly_landings_Astoria.pdf","Rockfish, Shelf","landings","0","289","108","153","278","15711242",NA,"1305430",NA,"1000","77","126465","","CHECK"
"2010","07_Monthly_landings_Astoria.pdf","Rockfish, Slope","landings","5001","11676","18698","15109","15371","713417825",NA,"161721674",NA,"17461","27686","501159753","","CHECK"
"2010","07_Monthly_landings_Astoria.pdf","Thornyhead, longspine","landings","9715","79813","46449","86557","66757","5731560834",NA,"4432034999",NA,"42263","17897","14917561836","","CHECK"
"2010","07_Monthly_landings_Astoria.pdf","Thornyhead, shortspine","landings","18732","91777","42727","64728","91098","8461874076",NA,"7298555048",NA,"75603","60069","22942754403","","CHECK"
"2010","07_Monthly_landings_Astoria.pdf","Sablefish","landings","42312","157120","79672","116813","179427","176621173277",NA,"111751124645",NA,"104799","162482","723901501309","","CHECK"
"2010","07_Monthly_landings_Astoria.pdf","Salmon, chinook","landings","0","0","0","0","7456","7818921987",NA,"314951567",NA,"0","0","0140694","","CHECK"
"2010","07_Monthly_landings_Astoria.pdf","Salmon, chum","landings","0","0","0","0","0","00",NA,"68",NA,"0","0","014","","CHECK"
"2010","07_Monthly_landings_Astoria.pdf","Salmon, coho","landings","0","0","0","0","0","03578",NA,"3326325",NA,"0","0","07229","","CHECK"
"2010","07_Monthly_landings_Astoria.pdf","Sanddab, Pacific","landings","0","8087","3511","8718","13102","2806415196",NA,"219226162",NA,"3296","1975","2874112907","","CHECK"
"2010","07_Monthly_landings_Astoria.pdf","Sardine, Pacific","landings","0","0","0","0","0","928451  30668857",NA,"3364094  10957397",NA,"0","0","0  45918799","","CHECK"
"2010","07_Monthly_landings_Astoria.pdf","Shad, American","landings","0","0","0","0","0","202084",NA,"5581183",NA,"0","0","07868","","CHECK"
"2010","07_Monthly_landings_Astoria.pdf","Shark, soupfin","landings","0","0","0","0","0","460",NA,"2200",NA,"0","0","0266","","CHECK"
"2010","07_Monthly_landings_Astoria.pdf","Shark, spiny dogfish","landings","0","0","0","0","121","66323125",NA,"1644065122",NA,"33168","0","0124608","","CHECK"
"2010","07_Monthly_landings_Astoria.pdf","Shark, thresher","landings","0","0","0","0","0","00",NA,"7070",NA,"0","0","0707","","CHECK"
"2010","07_Monthly_landings_Astoria.pdf","Shark, other sp","landings","0","106","0","0","0","33712",NA,"0103",NA,"0","0","0558","","CHECK"
"2010","07_Monthly_landings_Astoria.pdf","Skates and rays","landings","28394","56585","73011","109418","88524","13377198039",NA,"11140662097",NA,"60133","38145","20969880492","","CHECK"
"2010","07_Monthly_landings_Astoria.pdf","Skilfish","landings","0","0","0","0","25","00",NA,"00",NA,"0","0","025","","CHECK"
"2010","07_Monthly_landings_Astoria.pdf","Smelt (eulachon)","landings","0","0","0","0","0","00",NA,"40",NA,"0","0","04","","CHECK"
"2010","07_Monthly_landings_Astoria.pdf","Snailfish, blacktail","landings","0","0","0","0","0","00",NA,"026",NA,"0","0","026","","CHECK"
"2010","07_Monthly_landings_Astoria.pdf","Sole..butter..........","landings","CHECK","CHECK","CHECK","CHECK","CHECK","CHECK","CHECK","CHECK","CHECK","CHECK","CHECK","CHECK","CHECK","CHECK"
"2010","07_Monthly_landings_Astoria.pdf","Sole, curlfin (turbot)","landings","0","0","0","0","057",NA,"0","0","3","0","0","060","","CHECK"
"2010","07_Monthly_landings_Astoria.pdf","Sole, Dover","landings","359629","977104","880660","753694","761356466523",NA,"349236","385574","263982","356963","641290","3166666512677","","CHECK"
"2010","07_Monthly_landings_Astoria.pdf","Sole, English","landings","3288","14130","15995","14337","2478640921",NA,"28212","24608","8632","8318","8634","5272197133","","CHECK"
"2010","07_Monthly_landings_Astoria.pdf","Sole, flathead","landings","0","0","785","229","270536",NA,"384","403","253","413","95","123380","","CHECK"
"2010","07_Monthly_landings_Astoria.pdf","Sole, petrale","landings","84618","74569","111831","14128","3188828013",NA,"27096","16313","22488","10094","49468","20309490815","","CHECK"
"2010","07_Monthly_landings_Astoria.pdf","Sole, rex","landings","7319","16022","9312","12527","4001253831",NA,"49462","58527","22657","29653","24814","6543330679","","CHECK"
"2010","07_Monthly_landings_Astoria.pdf","Sole, rock","landings","0","43","0","43","27146",NA,"52","32","298","5","0","4650","","CHECK"
"2010","07_Monthly_landings_Astoria.pdf","Sole, sand","landings","0","1309","2127","8336","2057026090",NA,"36739","18530","3878","972","569","2295121415","","CHECK"
"2010","07_Monthly_landings_Astoria.pdf","Sole, slender","landings","0","0","0","0","00",NA,"41","10","4","0","0","055","","CHECK"
"2010","07_Monthly_landings_Astoria.pdf","Steelhead","landings","0","0","0","0","00",NA,"9","0","0","0","0","09","","CHECK"
"2010","07_Monthly_landings_Astoria.pdf","Sunfish, ocean","landings","0","0","0","0","00",NA,"0","55","0","0","0","055","","CHECK"
"2010","07_Monthly_landings_Astoria.pdf","Tuna, albacore","landings","0","0","0","0","00",NA,"1573639","1660178","832169","331592","0","04397578","","CHECK"
"2010","07_Monthly_landings_Astoria.pdf","Whiting, Pac (hake)","landings","0","403","0","3","0  11396097",NA,"3658402","9778598","5746020","500306","3637","0  31083466","","CHECK"
"2010","07_Monthly_landings_Astoria.pdf","Wolf-eel","landings","0","0","0","0","60",NA,"0","8","0","0","0","014","","CHECK"
"2010","07_Monthly_landings_Astoria.pdf","Wrymouth, giant","landings","0","0","0","0","2628",NA,"132","140","74","39","0","0439","","CHECK"
"2010","07_Monthly_landings_Astoria.pdf","CRUSTACEANS:","landings",NA,NA,NA,NA,"",NA,NA,NA,NA,NA,NA,"","","CHECK"
"2010","07_Monthly_landings_Astoria.pdf","Crab, Dungeness ocean","landings","584404","251158","123071","61831","3037316943",NA,"10710","3964","0","1891","1942","22493443335631","","CHECK"
"2010","07_Monthly_landings_Astoria.pdf","Shrimp, pink","landings","0","0","0","754119","14245841097360",NA,"1047180","1777101","1885836","317492","0","08303672","","CHECK"
"2010","07_Monthly_landings_Astoria.pdf","MOLLUSKS:","landings",NA,NA,NA,NA,"",NA,NA,NA,NA,NA,NA,"","","CHECK"
"2010","07_Monthly_landings_Astoria.pdf","Clams, razor","landings","0","25","31","302","455229",NA,"10","0","0","0","0","371089","","CHECK"
"2010","07_Monthly_landings_Astoria.pdf","Octopus","landings","36","20","19","340","377787",NA,"246","163","205","160","6","42363","","CHECK"
"2010","07_Monthly_landings_Astoria.pdf","Squid, Market","landings","0","0","0","0","4649",NA,"66","6","5","0","0","0172","","CHECK"
"2010","07_Monthly_landings_Astoria.pdf","Squid, other sp","landings","0","0","0","0","0646",NA,"98","370","1925","485","919","194462","","CHECK"
"2010","07_Monthly_landings_Astoria.pdf","OTHER INVERTEBRATES:","landings",NA,NA,NA,NA,"",NA,NA,NA,NA,NA,NA,"","","CHECK"
"2010","07_Monthly_landings_Astoria.pdf","Jellyfish","landings","0","0","0","0","09",NA,"4","1","0","0","0","014","","CHECK"
"2010","07_Monthly_landings_Astoria.pdf","Sea anemone","landings","0","0","0","0","06",NA,"5","3","2","0","0","016","","CHECK"
"2010","07_Monthly_landings_Astoria.pdf","Sea stars","landings","0","0","0","0","00",NA,"1","3","2","0","0","06","","CHECK"
"2010","07A_Monthly_landings_Seaside-Gearhart.pdf","CHECK","landings",NA,NA,NA,NA,NA,NA,NA,NA,NA,NA,NA,NA,NA,NA
"2010","07B_Monthly_landings_Cannon_Beach.pdf","CHECK","landings",NA,NA,NA,NA,NA,NA,NA,NA,NA,NA,NA,NA,NA,NA
"2010","08_Monthly_landings_Nehalem_Bay.pdf","CHECK","landings",NA,NA,NA,NA,NA,NA,NA,NA,NA,NA,NA,NA,NA,NA
"2010","09_Monthly_landings_Garibaldi.pdf","Cabezon...............","landings","CHECK","CHECK","CHECK","CHECK","CHECK","CHECK","CHECK","CHECK","CHECK","CHECK","CHECK","CHECK","CHECK","CHECK"
"2010","09_Monthly_landings_Garibaldi.pdf","Cod, Pacific","landings","0","0","0","15","0","187","0","63","0","0","180","0","445",""
"2010","09_Monthly_landings_Garibaldi.pdf","Flounder, starry","landings","0","0","0","0","0","154","0","1278","0","0","14","0","1446",""
"2010","09_Monthly_landings_Garibaldi.pdf","Greenling sp","landings","0","36","16","0","22","2","133","124","163","72","8","0","576",""
"2010","09_Monthly_landings_Garibaldi.pdf","Halibut, Pacific","landings","0","0","0","0","21","0","803","0","0","0","0","0","824",""
"2010","09_Monthly_landings_Garibaldi.pdf","Irish Lord, red","landings","0","0","0","0","0","0","0","0","2","0","0","0","2",""
"2010","09_Monthly_landings_Garibaldi.pdf","Yellowtail","landings","0","0","0","0","0","0","9","0","0","0","0","0","9",""
"2010","09_Monthly_landings_Garibaldi.pdf","Lingcod","landings","0","0","0","115","326","93","326","317","319","23","92","0","1611",""
"2010","09_Monthly_landings_Garibaldi.pdf","Pomfret, Pacific","landings","0","0","0","0","0","0","0","0","8","0","0","0","8",""
"2010","09_Monthly_landings_Garibaldi.pdf","Rockfish, black","landings","0","773","1139","809","4094","489","4209","1391","3947","240","53","0","17144",""
"2010","09_Monthly_landings_Garibaldi.pdf","Rockfish, blue","landings","0","0","2","8","24","0","5","6","67","0","0","0","112",""
"2010","09_Monthly_landings_Garibaldi.pdf","Rockfish, canary","landings","0","0","0","0","0","62","0","0","0","0","14","0","76",""
"2010","09_Monthly_landings_Garibaldi.pdf","Rockfish, china","landings","0","0","0","0","3","1","6","0","3","0","0","0","13",""
"2010","09_Monthly_landings_Garibaldi.pdf","Rockfish, copper","landings","0","0","0","0","7","0","9","14","4","0","0","0","34",""
"2010","09_Monthly_landings_Garibaldi.pdf","Rockfish, quillback","landings","0","3","7","0","15","0","0","3","21","0","0","0","49",""
"2010","09_Monthly_landings_Garibaldi.pdf","Rockfish, tiger","landings","0","0","0","0","0","0","0","0","3","0","0","0","3",""
"2010","09_Monthly_landings_Garibaldi.pdf","Rockfish, vermillion","landings","0","0","4","0","0","0","0","0","20","0","0","0","24",""
"2010","09_Monthly_landings_Garibaldi.pdf","Rockfish, yellowtail","landings","0","3","84","23","12","44","44","90","212","0","0","0","512",""
"2010","09_Monthly_landings_Garibaldi.pdf","Rockfish, Shelf","landings","0","0","0","0","0","0","0","94","0","0","0","0","94",""
"2010","09_Monthly_landings_Garibaldi.pdf","Sablefish","landings","729","707","468","577","0","0","42","87","2625","0","0","0","5235",""
"2010","09_Monthly_landings_Garibaldi.pdf","Salmon, chinook","landings","0","0","0","0","1454","35456","3239","3215","1092","303","0","0","44759",""
"2010","09_Monthly_landings_Garibaldi.pdf","Salmon, coho","landings","0","0","0","0","0","0","524","255","28","0","0","0","807",""
"2010","09_Monthly_landings_Garibaldi.pdf","Sanddab, Pacific","landings","0","0","0","205","0","67","0","0","0","0","250","0","522",""
"2010","09_Monthly_landings_Garibaldi.pdf","Skates and rays","landings","0","0","0","646","0","132","0","80","0","0","348","0","1206",""
"2010","09_Monthly_landings_Garibaldi.pdf","Sole, Dover","landings","0","0","0","183","0","1561","0","618","0","0","0","0","2362",""
"2010","09_Monthly_landings_Garibaldi.pdf","Sole, English","landings","0","0","0","950","0","174","0","71","0","0","734","0","1929",""
"2010","09_Monthly_landings_Garibaldi.pdf","Sole, flathead","landings","0","0","0","30","0","0","0","0","0","0","0","0","30",""
"2010","09_Monthly_landings_Garibaldi.pdf","Sole, petrale","landings","0","0","0","3556","0","225","0","179","0","0","429","0","4389",""
"2010","09_Monthly_landings_Garibaldi.pdf","Sole, rex","landings","0","0","0","503","0","0","0","0","0","0","70","0","573",""
"2010","09_Monthly_landings_Garibaldi.pdf","Sole, sand","landings","0","0","0","0","0","2538","0","4775","0","0","140","0","7453",""
"2010","09_Monthly_landings_Garibaldi.pdf","Tuna, albacore","landings","0","0","0","0","0","397","53306","76481","64007","23801","0","0","217992",""
"2010","09_Monthly_landings_Garibaldi.pdf","Wolf-eel","landings","0","0","0","0","0","0","0","0","10","0","0","0","10",""
"2010","09_Monthly_landings_Garibaldi.pdf","CRUSTACEANS:","landings",NA,NA,NA,NA,NA,NA,NA,NA,NA,NA,NA,NA,NA,""
"2010","09_Monthly_landings_Garibaldi.pdf","Crab, Dungeness bay","landings","0","0","0","0","0","0","0","0","124","69","0","0","193",""
"2010","09_Monthly_landings_Garibaldi.pdf","Crab, Dungeness ocean","landings","127832","108758","41645","24334","34867","13725","9257","8754","0","1439","0","521197","891808",""
"2010","09_Monthly_landings_Garibaldi.pdf","Shrimp, ghost","landings","434","487","588","928","1125","2697","3299","2788","1654","870","530","211","15611",""
"2010","09_Monthly_landings_Garibaldi.pdf","Shrimp, mud","landings","0","0","30","0","0","0","0","0","0","0","0","0","30",""
"2010","09_Monthly_landings_Garibaldi.pdf","Shrimp, pink","landings","0","0","0","2016","13629","0","0","0","0","0","0","0","15645",""
"2010","09_Monthly_landings_Garibaldi.pdf","MOLLUSKS:","landings",NA,NA,NA,NA,NA,NA,NA,NA,NA,NA,NA,NA,NA,""
"2010","09_Monthly_landings_Garibaldi.pdf","Clams, butter","landings","0","1700","219","0","331","0","325","14","436","1475","1860","888","7248",""
"2010","09_Monthly_landings_Garibaldi.pdf","Clams, cockle","landings","6741","7529","15644","27052","50622","14805","18105","17409","10529","0","80","0","168516",""
"2010","09_Monthly_landings_Garibaldi.pdf","Clams, gaper","landings","0","0","0","0","0","0","2017","28","981","6324","663","225","10238",""
"2010","09_Monthly_landings_Garibaldi.pdf","Octopus","landings","0","83","0","0","0","0","0","0","0","0","0","0","83",""
"2010","10_Monthly_landings_Netarts_Bay.pdf","CHECK","landings",NA,NA,NA,NA,NA,NA,NA,NA,NA,NA,NA,NA,NA,NA
"2010","11_Monthly_landings_Pacific_City.pdf","Cabezon...............","landings","CHECK","CHECK","CHECK","CHECK","CHECK","CHECK","CHECK","CHECK","CHECK","CHECK","CHECK","CHECK","CHECK","CHECK"
"2010","11_Monthly_landings_Pacific_City.pdf","Greenling sp","landings","0","0","1","3","14","20","6","8","10","0","0","0","62",""
"2010","11_Monthly_landings_Pacific_City.pdf","Lingcod","landings","0","0","0","0","2179","1991","1651","384","943","362","11","0","7521",""
"2010","11_Monthly_landings_Pacific_City.pdf","Rockfish, black","landings","0","507","441","1676","6265","5727","3943","2716","1817","506","42","200","23840",""
"2010","11_Monthly_landings_Pacific_City.pdf","Rockfish, blue","landings","0","2","6","338","72","169","26","80","198","34","0","12","937",""
"2010","11_Monthly_landings_Pacific_City.pdf","Rockfish, china","landings","0","0","0","0","4","3","5","0","0","0","0","0","12",""
"2010","11_Monthly_landings_Pacific_City.pdf","Rockfish, copper","landings","0","0","0","0","2","0","7","0","0","6","0","0","15",""
"2010","11_Monthly_landings_Pacific_City.pdf","Rockfish, quillback","landings","0","3","10","4","2","14","0","2","5","6","0","0","46",""
"2010","11_Monthly_landings_Pacific_City.pdf","Rockfish, vermillion","landings","0","4","0","0","13","5","6","0","5","0","0","0","33",""
"2010","11_Monthly_landings_Pacific_City.pdf","Rockfish, yellowtail","landings","0","4","15","53","38","68","55","89","76","34","0","0","432",""
"2010","11_Monthly_landings_Pacific_City.pdf","Salmon, chinook","landings","0","0","0","0","387","268","96","441","0","0","0","0","1192",""
"2010","11_Monthly_landings_Pacific_City.pdf","Tuna, albacore","landings","0","0","0","0","0","0","0","5275","387","0","0","0","5662",""
"2010","11_Monthly_landings_Pacific_City.pdf","CRUSTACEANS:","landings",NA,NA,NA,NA,NA,NA,NA,NA,NA,NA,NA,NA,NA,""
"2010","11_Monthly_landings_Pacific_City.pdf","Crab, Dungeness ocean","landings","0","0","101","271","860","321","315","1154","0","0","0","518","3540",""
"2010","11_Monthly_landings_Pacific_City.pdf","Shrimp, ghost","landings","15","0","0","0","0","0","0","0","0","630","106","0","751",""
"2010","11A_Monthly_landings_Salmon_River.pdf","CHECK","landings",NA,NA,NA,NA,NA,NA,NA,NA,NA,NA,NA,NA,NA,NA
"2010","12_Monthly_landings_Siletz_Bay.pdf","CHECK","landings",NA,NA,NA,NA,NA,NA,NA,NA,NA,NA,NA,NA,NA,NA
"2010","13_Monthly_landings_Depoe_Bay.pdf","Cabezon...............","landings","CHECK","CHECK","CHECK","CHECK","CHECK","CHECK","CHECK","CHECK","CHECK","CHECK","CHECK","CHECK","CHECK","CHECK"
"2010","13_Monthly_landings_Depoe_Bay.pdf","Greenling sp","landings","0","0","0","0","4","25","56","15","17","0","0","0","117",""
"2010","13_Monthly_landings_Depoe_Bay.pdf","Lingcod","landings","0","0","0","0","783","1305","1081","611","560","19","0","0","4359",""
"2010","13_Monthly_landings_Depoe_Bay.pdf","Rockfish, black","landings","0","187","0","453","1069","365","413","1842","1175","145","0","0","5649",""
"2010","13_Monthly_landings_Depoe_Bay.pdf","Rockfish, blue","landings","0","82","0","342","280","7","22","45","323","45","0","0","1146",""
"2010","13_Monthly_landings_Depoe_Bay.pdf","Rockfish, china","landings","0","0","0","0","2","0","0","0","2","0","0","0","4",""
"2010","13_Monthly_landings_Depoe_Bay.pdf","Rockfish, copper","landings","0","0","0","0","5","13","0","33","5","0","0","0","56",""
"2010","13_Monthly_landings_Depoe_Bay.pdf","Rockfish, quillback","landings","0","0","0","0","6","9","0","0","4","0","0","0","19",""
"2010","13_Monthly_landings_Depoe_Bay.pdf","Rockfish, tiger","landings","0","0","0","0","0","0","0","3","3","0","0","0","6",""
"2010","13_Monthly_landings_Depoe_Bay.pdf","Rockfish, vermillion","landings","0","0","0","0","0","0","0","0","5","0","0","0","5",""
"2010","13_Monthly_landings_Depoe_Bay.pdf","Rockfish, widow","landings","0","0","0","0","0","0","0","6","0","1","0","0","7",""
"2010","13_Monthly_landings_Depoe_Bay.pdf","Rockfish, yellowtail","landings","0","51","0","8","11","9","16","8","8","2","0","0","113",""
"2010","13_Monthly_landings_Depoe_Bay.pdf","Salmon, chinook","landings","0","0","0","0","78","507","0","150","0","0","0","0","735",""
"2010","13_Monthly_landings_Depoe_Bay.pdf","Tuna, albacore","landings","0","0","0","0","0","0","0","6515","7987","0","0","0","14502",""
"2010","13_Monthly_landings_Depoe_Bay.pdf","CRUSTACEANS:","landings",NA,NA,NA,NA,NA,NA,NA,NA,NA,NA,NA,NA,NA,""
"2010","13_Monthly_landings_Depoe_Bay.pdf","Crab, Dungeness ocean","landings","1329","0","360","399","1963","799","1097","902","0","0","0","2084","8933",""
"2010","14_Monthly_landings_Newport.pdf","Barracudina..Duckbill","landings","CHECK","CHECK","CHECK","CHECK","CHECK","CHECK","CHECK","CHECK","CHECK","CHECK","CHECK","CHECK","CHECK","CHECK"
"2010","14_Monthly_landings_Newport.pdf","Shark, Brown Cat","landings","0","0","0","0","0","5687","4962","264","0","11348","2042","0","24303",""
"2010","14_Monthly_landings_Newport.pdf","Cabezon","landings","0","0","0","15","145","252","4","44","13","61","0","0","534",""
"2010","14_Monthly_landings_Newport.pdf","Cod, Pacific","landings","0","0","0","0","0","19","2164","566","0","0","0","0","2749",""
"2010","14_Monthly_landings_Newport.pdf","Daggertooth","landings","0","0","0","0","0","0","0","1","0","0","0","0","1",""
"2010","14_Monthly_landings_Newport.pdf","EelPout","landings","0","0","0","0","0","0","0","0","1","9","0","0","10",""
"2010","14_Monthly_landings_Newport.pdf","Flounder, arrowtooth","landings","16023","69133","39454","69071","53119","46582","37483","16414","13068","26234","21982","4667","413230",""
"2010","14_Monthly_landings_Newport.pdf","Flounder, starry","landings","0","0","0","0","0","13","45","0","0","0","0","0","58",""
"2010","14_Monthly_landings_Newport.pdf","Greenling sp","landings","0","2","0","0","7","0","4","42","13","47","1","6","122",""
"2010","14_Monthly_landings_Newport.pdf","Grenadier, Pacific","landings","25","0","0","0","0","0","445","0","0","0","0","0","470",""
"2010","14_Monthly_landings_Newport.pdf","Hagfish sp","landings","1064","8495","53697","77060","120515","125974","37312","90739","150299","106704","30501","5484","807844",""
"2010","14_Monthly_landings_Newport.pdf","Halibut, Pacific","landings","0","0","0","0","3538","1181","99942","75","114","0","0","0","104850",""
"2010","14_Monthly_landings_Newport.pdf","Herring, Pacific","landings","0","0","0","0","0","0","308","0","1","0","0","0","309",""
"2010","14_Monthly_landings_Newport.pdf","Yellowtail","landings","0","0","0","0","0","0","9","19","0","0","0","0","28",""
"2010","14_Monthly_landings_Newport.pdf","King of Salmon","landings","0","0","0","0","0","1","0","69","42","51","2","0","165",""
"2010","14_Monthly_landings_Newport.pdf","Lamprey, Pacific","landings","0","0","0","0","0","1","0","1","0","1","0","0","3",""
"2010","14_Monthly_landings_Newport.pdf","Lancetfish","landings","0","0","0","0","0","8","0","0","9","34","0","0","51",""
"2010","14_Monthly_landings_Newport.pdf","Lingcod","landings","65","689","461","158","2861","5239","4645","3371","1677","1312","913","4","21395",""
"2010","14_Monthly_landings_Newport.pdf","Mackerel, jack","landings","0","0","0","0","0","0","9","223","4498","1079","10","5","5824",""
"2010","14_Monthly_landings_Newport.pdf","Mackerel, Pacific","landings","0","0","0","0","0","0","0","0","0","1","0","0","1",""
"2010","14_Monthly_landings_Newport.pdf","Ragfish","landings","0","0","0","0","0","573","482","1857","296","277","31","0","3516",""
"2010","14_Monthly_landings_Newport.pdf","Ratfish","landings","0","0","0","0","0","0","3","6","6","0","0","0","15",""
"2010","14_Monthly_landings_Newport.pdf","Pacific Ocean perch","landings","426","2491","5474","3464","1336","764","481","1425","1350","2926","1973","85","22195",""
"2010","14_Monthly_landings_Newport.pdf","Rockfish, black","landings","0","210","0","792","2043","4046","1012","3415","1900","519","0","54","13991",""
"2010","14_Monthly_landings_Newport.pdf","Rockfish, blue","landings","0","2","0","0","45","239","49","185","78","115","40","18","771",""
"2010","14_Monthly_landings_Newport.pdf","Rockfish, canary","landings","0","0","0","0","0","89","530","321","0","0","0","0","940",""
"2010","14_Monthly_landings_Newport.pdf","Rockfish, china","landings","0","0","0","0","3","20","0","7","0","3","0","0","33",""
"2010","14_Monthly_landings_Newport.pdf","Rockfish, copper","landings","0","0","0","0","0","0","0","17","0","0","0","0","17",""
"2010","14_Monthly_landings_Newport.pdf","Rockfish, darkblotched","landings","4547","17469","23904","9638","5070","3426","2627","5178","5002","8303","11653","243","97060",""
"2010","14_Monthly_landings_Newport.pdf","Rockfish, quillback","landings","0","0","0","0","0","0","0","0","0","6","2","0","8",""
"2010","14_Monthly_landings_Newport.pdf","Rockfish, shortbelly","landings","0","0","0","0","0","0","0","1","2","0","0","0","3",""
"2010","14_Monthly_landings_Newport.pdf","Rockfish, widow","landings","2","25","350","332","11","4057","19731","1992","17059","2476","810","3018","49863",""
"2010","14_Monthly_landings_Newport.pdf","Rockfish, yelloweye","landings","0","0","0","0","0","0","38","0","0","0","0","0","38",""
"2010","14_Monthly_landings_Newport.pdf","Rockfish, yellowtail","landings","3","0","0","67","386","9038","1502","805","3","7","0","0","11811",""
"2010","14_Monthly_landings_Newport.pdf","Rockfish, Shelf","landings","0","4","8","28","239","235","1052","257","71","0","18","0","1912",""
"2010","14_Monthly_landings_Newport.pdf","Rockfish, Slope","landings","982","1976","8247","15513","17656","14699","13833","17652","45438","14206","3964","947","155113",""
"2010","14_Monthly_landings_Newport.pdf","Thornyhead, longspine","landings","6229","52768","27856","39648","82314","33588","83069","2142","11453","25526","27579","3070","395242",""
"2010","14_Monthly_landings_Newport.pdf","Thornyhead, shortspine","landings","15360","57318","33605","65296","88483","45841","48950","28451","34457","52603","30708","3815","504887",""
"2010","14_Monthly_landings_Newport.pdf","Sablefish","landings","47104","108243","71288","205230","357383","332030","397793","148870","121668","137990","86733","27930","2042262",""
"2010","14_Monthly_landings_Newport.pdf","Salmon, chinook","landings","0","0","0","0","61007","84437","25969","40464","64","682","55","409","213087",""
"2010","14_Monthly_landings_Newport.pdf","Salmon, chum","landings","0","0","0","0","0","6","0","0","0","0","0","0","6",""
"2010","14_Monthly_landings_Newport.pdf","Salmon, coho","landings","0","0","0","0","0","0","6","8","0","0","0","0","14",""
"2010","14_Monthly_landings_Newport.pdf","Sanddab, Pacific","landings","0","0","0","0","592","8","231","420","3","0","0","1","1255",""
"2010","14_Monthly_landings_Newport.pdf","Shad, American","landings","0","0","0","0","0","10","94","31","2","0","0","35","172",""
"2010","14_Monthly_landings_Newport.pdf","Shark, blue","landings","0","0","0","0","0","55","0","0","0","0","0","0","55",""
"2010","14_Monthly_landings_Newport.pdf","Shark, soupfin","landings","0","0","0","0","0","44","0","11","0","0","0","0","55",""
"2010","14_Monthly_landings_Newport.pdf","Shark..spiny.dogfish..","landings","CHECK","CHECK","CHECK","CHECK","CHECK","CHECK","CHECK","CHECK","CHECK","CHECK","CHECK","CHECK","CHECK","CHECK"
"2010","14_Monthly_landings_Newport.pdf","Shark, thresher","landings","0","0","0","0","0","0","0","0","0","0","377","0377","","CHECK"
"2010","14_Monthly_landings_Newport.pdf","Shark, other sp","landings","0","0","0","0","0","5455","3467","4514","6665","5300","1430","27127102","","CHECK"
"2010","14_Monthly_landings_Newport.pdf","Skates and rays","landings","14983","55373","54656","67602","66600","73223","52266","30597","40389","34293","21066","6400517448","","CHECK"
"2010","14_Monthly_landings_Newport.pdf","Snailfish, blacktail","landings","0","0","0","0","0","0","2","43","48","16","3","10122","","CHECK"
"2010","14_Monthly_landings_Newport.pdf","Sole, curlfin (turbot)","landings","0","0","0","0","73","4","4","0","0","0","0","081","","CHECK"
"2010","14_Monthly_landings_Newport.pdf","Sole, Dover","landings","74521","462364","296814","472064","254373","191706","193984","131991","159237","218890","207120","357162698780","","CHECK"
"2010","14_Monthly_landings_Newport.pdf","Sole, English","landings","1230","4604","464","241","1396","2246","17086","4613","6","58","4","12332071","","CHECK"
"2010","14_Monthly_landings_Newport.pdf","Sole, flathead","landings","0","0","0","0","0","0","2","18","0","0","0","020","","CHECK"
"2010","14_Monthly_landings_Newport.pdf","Sole, petrale","landings","55561","67705","42175","222","8198","17137","24468","1276","101","1387","16503","5890240623","","CHECK"
"2010","14_Monthly_landings_Newport.pdf","Sole, rex","landings","3832","11900","6582","8470","13494","16178","10822","15113","9794","13632","8474","1323119614","","CHECK"
"2010","14_Monthly_landings_Newport.pdf","Sole, rock","landings","0","0","0","0","35","276","144","0","0","0","0","0455","","CHECK"
"2010","14_Monthly_landings_Newport.pdf","Sole, sand","landings","0","0","0","0","0","0","83","0","0","0","0","083","","CHECK"
"2010","14_Monthly_landings_Newport.pdf","Sole, slender","landings","0","0","0","0","0","0","1","4","6","0","1","012","","CHECK"
"2010","14_Monthly_landings_Newport.pdf","Sunfish, ocean","landings","0","0","0","0","0","0","0","0","8","22","34","064","","CHECK"
"2010","14_Monthly_landings_Newport.pdf","Tubeshoulder","landings","0","0","0","0","0","0","0","2","1","0","1","04","","CHECK"
"2010","14_Monthly_landings_Newport.pdf","Tuna, albacore","landings","0","0","0","0","0","38829","1343512","1753685","750737","246994","4709","04138466","","CHECK"
"2010","14_Monthly_landings_Newport.pdf","Whiting, Pac (hake)","landings","0","0","605","0","0","4473604","5194929","8075033","8378086","8607324","2622427","796546  38148554","","CHECK"
"2010","14_Monthly_landings_Newport.pdf","Wolf-eel","landings","0","0","0","0","10","0","0","0","0","0","0","010","","CHECK"
"2010","14_Monthly_landings_Newport.pdf","CRUSTACEANS:","landings",NA,NA,NA,NA,NA,NA,NA,NA,NA,NA,NA,"","","CHECK"
"2010","14_Monthly_landings_Newport.pdf","Crab, box","landings","0","0","0","2852","1098","931","316","0","0","0","0","05197","","CHECK"
"2010","14_Monthly_landings_Newport.pdf","Crab, Dungeness bay","landings","0","0","0","0","0","0","0","0","422","0","600","01022","","CHECK"
"2010","14_Monthly_landings_Newport.pdf","Crab, Dungeness ocean","landings","773571","530117","124683","97676","74887","28644","16456","15190","5","886","1536","40530375716688","","CHECK"
"2010","14_Monthly_landings_Newport.pdf","Crab, rock","landings","0","0","0","0","0","235","935","0","155","190","200","7752490","","CHECK"
"2010","14_Monthly_landings_Newport.pdf","Shrimp, pink","landings","0","0","0","601698","1226653","900022","701190","986003","652301","684200","0","05752067","","CHECK"
"2010","14_Monthly_landings_Newport.pdf","MOLLUSKS:","landings",NA,NA,NA,NA,NA,NA,NA,NA,NA,NA,NA,"","","CHECK"
"2010","14_Monthly_landings_Newport.pdf","Clams, cockle","landings","0","0","0","0","0","0","0","382","0","0","0","0382","","CHECK"
"2010","14_Monthly_landings_Newport.pdf","Octopus","landings","0","70","235","100","110","50","0","0","0","0","0","110675","","CHECK"
"2010","14_Monthly_landings_Newport.pdf","Squid, Market","landings","0","0","0","0","0","188","701","377","0","0","15115","016381","","CHECK"
"2010","14_Monthly_landings_Newport.pdf","Squid, other sp","landings","0","0","0","0","0","4242","6893","12488","10569","104905","6539","126145762","","CHECK"
"2010","14_Monthly_landings_Newport.pdf","OTHER INVERTEBRATES:","landings",NA,NA,NA,NA,NA,NA,NA,NA,NA,NA,NA,"","","CHECK"
"2010","14_Monthly_landings_Newport.pdf","Jellyfish","landings","0","0","0","0","0","5","10","0","0","3","3","021","","CHECK"
"2010","14_Monthly_landings_Newport.pdf","Sea anemone","landings","0","0","0","0","0","3","9","20","23","13","2","878","","CHECK"
"2010","14_Monthly_landings_Newport.pdf","Sea cucumber","landings","0","0","0","0","0","0","0","0","1","0","0","01","","CHECK"
"2010","14_Monthly_landings_Newport.pdf","Sea stars","landings","0","40","60","54","30","75","0","0","55","1","0","0315","","CHECK"
"2010","15_Monthly_landings_Walport.pdf","Crab..Dungeness.bay...","landings","CHECK","CHECK","CHECK","CHECK","CHECK","CHECK","CHECK","CHECK","CHECK","CHECK","CHECK","CHECK","CHECK","CHECK"
"2010","15_Monthly_landings_Walport.pdf","Shrimp, ghost","landings","2743","3444","2936","3191","4036","2586","1680","1525","2431","3387","2384","1568","31911",""
"2010","15_Monthly_landings_Walport.pdf","Shrimp, mud","landings","0","0","10","0","0","0","0","60","0","0","0","0","70",""
"2010","15_Monthly_landings_Walport.pdf","MOLLUSKS:","landings",NA,NA,NA,NA,NA,NA,NA,NA,NA,NA,NA,NA,NA,""
"2010","15_Monthly_landings_Walport.pdf","Clams, softshell","landings","0","0","0","115","0","0","0","0","0","0","0","0","115",""
"2010","15A_Monthly_landings_Yachats.pdf","CHECK","landings",NA,NA,NA,NA,NA,NA,NA,NA,NA,NA,NA,NA,NA,NA
"2010","16_Montly_landings_Florence.pdf","Halibut..Pacific......","landings","CHECK","CHECK","CHECK","CHECK","CHECK","CHECK","CHECK","CHECK","CHECK","CHECK","CHECK","CHECK","CHECK","CHECK"
"2010","16_Montly_landings_Florence.pdf","Yellowtail","landings","0","0","0","0","0","0","0","7","0","0","0","0","7",""
"2010","16_Montly_landings_Florence.pdf","Lingcod","landings","0","0","0","0","0","0","269","0","0","0","0","0","269",""
"2010","16_Montly_landings_Florence.pdf","Sablefish","landings","0","0","0","0","0","0","32","0","0","0","0","0","32",""
"2010","16_Montly_landings_Florence.pdf","Salmon, chinook","landings","0","0","0","0","91","445","0","568","0","0","0","0","1104",""
"2010","16_Montly_landings_Florence.pdf","Tuna, albacore","landings","0","0","0","0","0","0","1497","17601","5674","0","0","0","24772",""
"2010","16_Montly_landings_Florence.pdf","CRUSTACEANS:","landings",NA,NA,NA,NA,NA,NA,NA,NA,NA,NA,NA,NA,NA,""
"2010","16_Montly_landings_Florence.pdf","Crab, Dungeness bay","landings","0","0","0","0","0","0","0","0","234","0","125","0","359",""
"2010","16_Montly_landings_Florence.pdf","Crab, Dungeness ocean","landings","90","0","0","131","1533","1560","4410","3491","0","0","0","0","11215",""
"2010","16_Montly_landings_Florence.pdf","Shrimp, ghost","landings","0","16","42","36","139","385","166","86","70","121","50","20","1131",""
"2010","16_Montly_landings_Florence.pdf","Shrimp, mud","landings","0","0","0","0","15","0","0","0","0","0","0","0","15",""
"2010","16_Montly_landings_Florence.pdf","MOLLUSKS:","landings",NA,NA,NA,NA,NA,NA,NA,NA,NA,NA,NA,NA,NA,""
"2010","16_Montly_landings_Florence.pdf","Octopus","landings","0","0","0","30","0","0","0","0","0","0","0","0","30",""
"2010","17_Monthly_landings_Winchester_Bay.pdf","Halibut..Pacific......","landings","CHECK","CHECK","CHECK","CHECK","CHECK","CHECK","CHECK","CHECK","CHECK","CHECK","CHECK","CHECK","CHECK","CHECK"
"2010","17_Monthly_landings_Winchester_Bay.pdf","Lingcod","landings","0","0","0","0","0","637","83","0","0","0","0","0","720",""
"2010","17_Monthly_landings_Winchester_Bay.pdf","Rockfish, black","landings","0","0","0","0","24","35","17","0","0","0","0","0","76",""
"2010","17_Monthly_landings_Winchester_Bay.pdf","Rockfish, brown","landings","0","0","0","0","48","0","0","0","0","0","0","0","48",""
"2010","17_Monthly_landings_Winchester_Bay.pdf","Rockfish, Slope","landings","0","0","0","36","0","108","34","0","0","0","0","0","178",""
"2010","17_Monthly_landings_Winchester_Bay.pdf","Thornyhead, shortspine","landings","0","0","0","83","0","17","0","0","0","0","0","0","100",""
"2010","17_Monthly_landings_Winchester_Bay.pdf","Sablefish","landings","0","0","525","63","162","3475","26844","12245","3192","7161","0","0","53667",""
"2010","17_Monthly_landings_Winchester_Bay.pdf","Salmon, chinook","landings","0","0","0","0","3112","2503","415","2345","0","0","0","0","8375",""
"2010","17_Monthly_landings_Winchester_Bay.pdf","Sardine, Pacific","landings","0","0","0","0","0","7200","10100","3800","3000","0","0","0","24100",""
"2010","17_Monthly_landings_Winchester_Bay.pdf","Tuna, albacore","landings","0","0","0","0","0","0","8568","19835","32232","0","0","0","60635",""
"2010","17_Monthly_landings_Winchester_Bay.pdf","CRUSTACEANS:","landings",NA,NA,NA,NA,NA,NA,NA,NA,NA,NA,NA,NA,NA,""
"2010","17_Monthly_landings_Winchester_Bay.pdf","Crab, Dungeness bay","landings","0","0","0","0","0","0","0","0","3311","5146","298","0","8755",""
"2010","17_Monthly_landings_Winchester_Bay.pdf","Crab, Dungeness ocean","landings","81173","49076","4040","1724","10182","3349","5235","4857","0","0","0","153","159789",""
"2010","18_Monthly_landings_Charleston.pdf","Cabezon...............","landings","CHECK","CHECK","CHECK","CHECK","CHECK","CHECK","CHECK","CHECK","CHECK","CHECK","CHECK","CHECK","CHECK","CHECK"
"2010","18_Monthly_landings_Charleston.pdf","Cod, Pacific","landings","0","0","0","2","46","35","13","170","5","13","6","0","290",""
"2010","18_Monthly_landings_Charleston.pdf","Flounder, arrowtooth","landings","24897","66303","60810","77841","45027","82932","43696","31549","17809","34487","43307","8299","536957",""
"2010","18_Monthly_landings_Charleston.pdf","Flounder, starry","landings","0","0","0","0","0","24","157","136","26","0","0","0","343",""
"2010","18_Monthly_landings_Charleston.pdf","Greenling sp","landings","0","0","9","14","0","11","0","0","11","2","0","0","47",""
"2010","18_Monthly_landings_Charleston.pdf","Grenadier, Pacific","landings","51","2769","488","5790","12442","13401","8446","12362","19318","4333","1202","136","80738",""
"2010","18_Monthly_landings_Charleston.pdf","Hagfish sp","landings","69090","86455","76741","56650","59690","73891","72379","123124","130892","121501","60661","57441","988515",""
"2010","18_Monthly_landings_Charleston.pdf","Halibut, Pacific","landings","0","0","0","0","3788","856","18210","3912","0","0","0","0","26766",""
"2010","18_Monthly_landings_Charleston.pdf","Yellowtail","landings","0","0","0","0","0","0","0","110","8","0","0","0","118",""
"2010","18_Monthly_landings_Charleston.pdf","Lingcod","landings","789","1188","1363","645","3915","2680","3181","3907","3719","2023","8321","0","31731",""
"2010","18_Monthly_landings_Charleston.pdf","Ratfish","landings","0","0","0","0","0","9","0","0","0","0","0","0","9",""
"2010","18_Monthly_landings_Charleston.pdf","Pacific Ocean perch","landings","69","298","328","128","143","73","67","210","163","132","665","0","2276",""
"2010","18_Monthly_landings_Charleston.pdf","Rockfish, black","landings","0","0","71","92","0","270","96","128","42","154","0","43","896",""
"2010","18_Monthly_landings_Charleston.pdf","Rockfish, blue","landings","0","0","0","0","0","25","0","0","0","33","0","31","89",""
"2010","18_Monthly_landings_Charleston.pdf","Rockfish, canary","landings","0","0","0","0","76","71","143","116","0","2","124","0","532",""
"2010","18_Monthly_landings_Charleston.pdf","Rockfish, china","landings","0","0","19","33","0","30","0","0","4","0","0","0","86",""
"2010","18_Monthly_landings_Charleston.pdf","Rockfish, copper","landings","0","0","5","17","0","20","0","0","0","0","0","0","42",""
"2010","18_Monthly_landings_Charleston.pdf","Rockfish, darkblotched","landings","3170","11347","22636","11097","4903","4901","4093","5806","6053","14084","19531","0","107621",""
"2010","18_Monthly_landings_Charleston.pdf","Rockfish, quillback","landings","0","0","19","6","0","11","0","0","0","0","0","0","36",""
"2010","18_Monthly_landings_Charleston.pdf","Rockfish, vermillion","landings","0","0","12","0","25","25","0","0","0","8","0","0","70",""
"2010","18_Monthly_landings_Charleston.pdf","Rockfish, widow","landings","0","0","6","4","0","503","41","5","0","20","3","0","582",""
"2010","18_Monthly_landings_Charleston.pdf","Rockfish, yelloweye","landings","0","0","0","0","0","0","0","339","0","0","0","0","339",""
"2010","18_Monthly_landings_Charleston.pdf","Rockfish, yellowtail","landings","0","0","0","6","494","231","248","236","39","11","797","0","2062",""
"2010","18_Monthly_landings_Charleston.pdf","Rockfish, Shelf","landings","0","3","4","2","420","558","268","516","84","34","36","0","1925",""
"2010","18_Monthly_landings_Charleston.pdf","Rockfish, Slope","landings","476","1104","1900","2338","2330","3035","2055","1915","3355","1652","1111","17","21288",""
"2010","18_Monthly_landings_Charleston.pdf","Thornyhead, longspine","landings","12816","74768","50157","83238","62104","41483","36234","37479","82870","45723","22142","7513","556527",""
"2010","18_Monthly_landings_Charleston.pdf","Thornyhead, shortspine","landings","14597","39852","26395","30858","26054","26162","32150","34085","32095","21920","22627","14005","320800",""
"2010","18_Monthly_landings_Charleston.pdf","Sablefish","landings","46365","65616","78605","249589","173959","203901","208970","148928","185670","106848","111986","43793","1624230",""
"2010","18_Monthly_landings_Charleston.pdf","Salmon, chinook","landings","0","0","0","0","69208","38483","6644","16769","0","0","0","0","131104",""
"2010","18_Monthly_landings_Charleston.pdf","Sanddab, Pacific","landings","0","0","0","147","14045","52402","3093","17324","15103","2458","2288","0","106860",""
"2010","18_Monthly_landings_Charleston.pdf","Sardine, Pacific","landings","0","28006","0","0","0","0","0","0","0","0","0","0","28006",""
"2010","18_Monthly_landings_Charleston.pdf","Shark, blue","landings","0","0","0","0","0","0","13","0","0","0","0","0","13",""
"2010","18_Monthly_landings_Charleston.pdf","Shark, spiny dogfish","landings","0","0","324","0","107","382","33","98","15","320","0","1272","2551",""
"2010","18_Monthly_landings_Charleston.pdf","Shark, other sp","landings","0","0","0","0","0","1160","0","0","156","0","0","0","1316",""
"2010","18_Monthly_landings_Charleston.pdf","Skates and rays","landings","15673","38325","51181","60452","56256","89870","60018","56122","48902","47636","38054","9874","572363",""
"2010","18_Monthly_landings_Charleston.pdf","Sole, curlfin (turbot)","landings","0","0","0","10","0","50","17","77","42","1","0","0","197",""
"2010","18_Monthly_landings_Charleston.pdf","Sole, Dover","landings","374032","668031","625109","322381","151177","230668","241422","271000","300660","257653","509847","200761","4152741",""
"2010","18_Monthly_landings_Charleston.pdf","Sole, English","landings","1764","4490","6081","2263","8630","6712","3758","4181","3322","2272","6485","144","50102",""
"2010","18_Monthly_landings_Charleston.pdf","Sole, flathead","landings","0","0","0","0","5","0","0","0","0","0","0","0","5",""
"2010","18_Monthly_landings_Charleston.pdf","Sole, petrale","landings","69672","50344","49779","6349","18961","21731","10212","15215","13916","12703","29284","6451","304617",""
"2010","18_Monthly_landings_Charleston.pdf","Sole, rex","landings","15085","39372","25574","31324","28433","23896","16937","27092","25213","24955","27679","11739","297299",""
"2010","18_Monthly_landings_Charleston.pdf","Sole, rock","landings","0","0","0","5","1","120","136","17","85","2","0","0","366",""
"2010","18_Monthly_landings_Charleston.pdf","Sole, sand","landings","0","0","0","8","1","18","1805","2146","222","2","0","0","4202",""
"2010","18_Monthly_landings_Charleston.pdf","Tuna, albacore","landings","0","0","0","0","0","0","247061","488849","587038","439473","0","0","1762421",""
"2010","18_Monthly_landings_Charleston.pdf","Whiting, Pac (hake)","landings","0","959","1178","0","0","262813","0","0","0","33172","0","0","298122",""
"2010","18_Monthly_landings_Charleston.pdf","Wolf-eel","landings","0","0","0","0","0","9","19","7","35","0","0","0","70",""
"2010","18_Monthly_landings_Charleston.pdf","Wrymouth..giant.......","landings","CHECK","CHECK","CHECK","CHECK","CHECK","CHECK","CHECK","CHECK","CHECK","CHECK","CHECK","CHECK","CHECK","CHECK"
"2010","18_Monthly_landings_Charleston.pdf","CRUSTACEANS:","landings",NA,NA,NA,NA,NA,NA,NA,NA,NA,NA,NA,"","","CHECK"
"2010","18_Monthly_landings_Charleston.pdf","Crab, Dungeness bay","landings","0","0","0","0","0","0","0","0","2119","3982","4835","139912335","","CHECK"
"2010","18_Monthly_landings_Charleston.pdf","Crab, Dungeness ocean","landings","752239","332099","142180","84367","52224","14244","2822","5665","0","1301","2676","27344914124308","","CHECK"
"2010","18_Monthly_landings_Charleston.pdf","Crab, mole","landings","0","0","0","0","33","29","0","0","0","0","0","062","","CHECK"
"2010","18_Monthly_landings_Charleston.pdf","Shrimp, ghost","landings","108","167","141","130","1078","1500","1184","791","1104","922","643","4088176","","CHECK"
"2010","18_Monthly_landings_Charleston.pdf","Shrimp, pink","landings","0","0","0","1598221","2782523","2680681","1870482","2682096","2580498","1057368","20323","0  15272192","","CHECK"
"2010","18_Monthly_landings_Charleston.pdf","Shrimp, spot","landings","0","0","0","0","1576","3198","2259","1313","4052","4254","451","017103","","CHECK"
"2010","18_Monthly_landings_Charleston.pdf","MOLLUSKS:","landings",NA,NA,NA,NA,NA,NA,NA,NA,NA,NA,NA,"","","CHECK"
"2010","18_Monthly_landings_Charleston.pdf","Clams, cockle","landings","306","1729","1991","1046","3103","11597","4611","1873","1470","961","130","401132828","","CHECK"
"2010","18_Monthly_landings_Charleston.pdf","Clams, gaper","landings","0","0","0","0","0","0","20","0","0","0","0","11171137","","CHECK"
"2010","18_Monthly_landings_Charleston.pdf","Octopus","landings","0","0","0","33","172","0","80","0","0","0","45","336666","","CHECK"
"2010","18_Monthly_landings_Charleston.pdf","Squid, Market","landings","0","0","0","0","0","151","0","0","0","0","0","0151","","CHECK"
"2010","18_Monthly_landings_Charleston.pdf","Squid, other sp","landings","955","66","0","0","0","176","0","0","13","471","40","01721","","CHECK"
"2010","18_Monthly_landings_Charleston.pdf","OTHER INVERTEBRATES:","landings",NA,NA,NA,NA,NA,NA,NA,NA,NA,NA,NA,"","","CHECK"
"2010","18_Monthly_landings_Charleston.pdf","Sea anemone","landings","0","0","0","0","0","1","0","0","0","0","0","01","","CHECK"
"2010","18_Monthly_landings_Charleston.pdf","Sea urchin, red","landings","0","0","0","0","0","0","0","4487","0","0","0","04487","","CHECK"
"2010","19_Monthly_landings_Bandon.pdf","Cabezon...............","landings","CHECK","CHECK","CHECK","CHECK","CHECK","CHECK","CHECK","CHECK","CHECK","CHECK","CHECK","CHECK","CHECK","CHECK"
"2010","19_Monthly_landings_Bandon.pdf","Greenling sp","landings","0","0","0","0","60","0","151","81","296","0","0","0","588",""
"2010","19_Monthly_landings_Bandon.pdf","Lingcod","landings","0","0","0","0","84","0","177","169","185","0","0","0","615",""
"2010","19_Monthly_landings_Bandon.pdf","Rockfish, black","landings","0","0","0","0","555","0","1216","1767","1574","0","0","19","5131",""
"2010","19_Monthly_landings_Bandon.pdf","Rockfish, blue","landings","0","0","0","0","0","0","0","0","4","0","0","8","12",""
"2010","19_Monthly_landings_Bandon.pdf","Rockfish, china","landings","0","0","0","0","15","0","42","21","85","0","0","0","163",""
"2010","19_Monthly_landings_Bandon.pdf","Rockfish, copper","landings","0","0","0","0","8","0","0","14","13","0","0","0","35",""
"2010","19_Monthly_landings_Bandon.pdf","Rockfish, Gopher","landings","0","0","0","0","0","0","0","0","1","0","0","0","1",""
"2010","19_Monthly_landings_Bandon.pdf","Rockfish, tiger","landings","0","0","0","0","0","0","0","0","5","0","0","0","5",""
"2010","19_Monthly_landings_Bandon.pdf","Rockfish, vermillion","landings","0","0","0","0","0","0","0","18","20","0","0","0","38",""
"2010","19_Monthly_landings_Bandon.pdf","Sole, rock","landings","0","0","0","0","0","0","0","0","1","0","0","0","1",""
"2010","19_Monthly_landings_Bandon.pdf","Tuna, albacore","landings","0","0","0","0","0","0","837","1860","0","0","0","0","2697",""
"2010","19_Monthly_landings_Bandon.pdf","CRUSTACEANS:","landings",NA,NA,NA,NA,NA,NA,NA,NA,NA,NA,NA,NA,NA,""
"2010","19_Monthly_landings_Bandon.pdf","Crab, Dungeness bay","landings","0","0","0","0","0","0","0","0","0","39","0","0","39",""
"2010","20_Monthly_landings_Port_Orford.pdf","Cabezon...............","landings","CHECK","CHECK","CHECK","CHECK","CHECK","CHECK","CHECK","CHECK","CHECK","CHECK","CHECK","CHECK","CHECK","CHECK"
"2010","20_Monthly_landings_Port_Orford.pdf","Cod, Pacific","landings","0","0","0","0","0","0","0","0","4","0","0","0","4",""
"2010","20_Monthly_landings_Port_Orford.pdf","Flounder, arrowtooth","landings","0","16","51","247","487","248","137","376","295","303","111","17","2288",""
"2010","20_Monthly_landings_Port_Orford.pdf","Flounder, starry","landings","0","0","0","0","0","2","0","0","1","0","0","0","3",""
"2010","20_Monthly_landings_Port_Orford.pdf","Greenling sp","landings","405","3043","2018","1737","2473","2447","2368","3225","2425","1002","1141","2200","24484",""
"2010","20_Monthly_landings_Port_Orford.pdf","Grenadier, Pacific","landings","0","0","0","0","0","0","0","19","0","0","7","0","26",""
"2010","20_Monthly_landings_Port_Orford.pdf","Halibut, Pacific","landings","0","0","0","0","0","1714","0","0","0","0","0","0","1714",""
"2010","20_Monthly_landings_Port_Orford.pdf","Irish Lord, red","landings","0","0","0","0","0","0","0","2","0","0","0","0","2",""
"2010","20_Monthly_landings_Port_Orford.pdf","Lingcod","landings","0","0","0","0","4643","3921","3500","4558","2389","2083","2937","0","24031",""
"2010","20_Monthly_landings_Port_Orford.pdf","Pacific Ocean perch","landings","0","8","31","14","33","31","17","114","29","152","36","3","468",""
"2010","20_Monthly_landings_Port_Orford.pdf","Rockfish, black","landings","1992","5892","6714","6356","10473","11811","11783","16640","7784","6965","5739","6939","99088",""
"2010","20_Monthly_landings_Port_Orford.pdf","Rockfish, black&yellow","landings","0","1","0","1","6","0","1","1","2","2","0","0","14",""
"2010","20_Monthly_landings_Port_Orford.pdf","Rockfish, blue","landings","2","188","50","75","39","337","267","680","260","753","126","675","3452",""
"2010","20_Monthly_landings_Port_Orford.pdf","Rockfish, brown","landings","0","0","0","0","0","0","0","17","0","0","0","2","19",""
"2010","20_Monthly_landings_Port_Orford.pdf","Rockfish, china","landings","142","761","522","485","609","970","922","1554","861","425","437","544","8232",""
"2010","20_Monthly_landings_Port_Orford.pdf","Rockfish, copper","landings","11","29","60","68","24","119","225","233","35","100","48","142","1094",""
"2010","20_Monthly_landings_Port_Orford.pdf","Rockfish, darkblotched","landings","0","477","778","597","1088","1454","727","1167","943","5215","972","161","13579",""
"2010","20_Monthly_landings_Port_Orford.pdf","Rockfish, Gopher","landings","2","6","5","2","8","6","3","15","4","0","3","6","60",""
"2010","20_Monthly_landings_Port_Orford.pdf","Rockfish, grass","landings","0","2","0","3","0","4","2","5","4","3","0","2","25",""
"2010","20_Monthly_landings_Port_Orford.pdf","Rockfish, quillback","landings","7","73","75","41","56","276","203","276","142","68","30","110","1357",""
"2010","20_Monthly_landings_Port_Orford.pdf","Rockfish, tiger","landings","0","9","3","4","10","0","14","13","2","11","1","31","98",""
"2010","20_Monthly_landings_Port_Orford.pdf","Rockfish, vermillion","landings","31","229","122","190","127","176","386","831","275","222","127","139","2855",""
"2010","20_Monthly_landings_Port_Orford.pdf","Rockfish, widow","landings","0","25","4","0","2","20","0","12","12","16","0","0","91",""
"2010","20_Monthly_landings_Port_Orford.pdf","Rockfish, yellowtail","landings","0","20","16","14","164","32","24","59","48","33","7","6","423",""
"2010","20_Monthly_landings_Port_Orford.pdf","Rockfish, Shelf","landings","0","4","25","0","26","61","35","75","38","4","7","5","280",""
"2010","20_Monthly_landings_Port_Orford.pdf","Rockfish, Slope","landings","0","4460","4122","1338","1904","736","1040","4527","9280","3046","6810","924","38187",""
"2010","20_Monthly_landings_Port_Orford.pdf","Thornyhead, longspine","landings","0","0","0","0","0","0","0","0","0","13","95","0","108",""
"2010","20_Monthly_landings_Port_Orford.pdf","Thornyhead, shortspine","landings","5","14","42","104","59","19","24","240","839","226","148","341","2061",""
"2010","20_Monthly_landings_Port_Orford.pdf","Sablefish","landings","1434","14932","22700","44229","69540","60657","35766","95437","92763","44885","68240","31043","581626",""
"2010","20_Monthly_landings_Port_Orford.pdf","Salmon, chinook","landings","0","0","0","0","2429","125","401","1850","0","23267","0","0","28072",""
"2010","20_Monthly_landings_Port_Orford.pdf","Shark, blue","landings","0","0","0","0","0","90","0","0","23","0","0","0","113",""
"2010","20_Monthly_landings_Port_Orford.pdf","Shark, soupfin","landings","0","0","0","0","0","0","0","17","0","0","0","0","17",""
"2010","20_Monthly_landings_Port_Orford.pdf","Shark, spiny dogfish","landings","0","128","698","68","2652","1017","69","341","299","141","6856","7619","19888",""
"2010","20_Monthly_landings_Port_Orford.pdf","Skates and rays","landings","0","384","1348","1202","1393","1165","1574","5764","3198","2489","930","817","20264",""
"2010","20_Monthly_landings_Port_Orford.pdf","Skilfish","landings","0","0","0","0","0","0","0","0","0","0","0","38","38",""
"2010","20_Monthly_landings_Port_Orford.pdf","Sole, Dover","landings","1","2","19","89","415","233","160","348","251","192","160","104","1974",""
"2010","20_Monthly_landings_Port_Orford.pdf","Sole, English","landings","0","0","0","0","0","0","0","0","0","1","0","0","1",""
"2010","20_Monthly_landings_Port_Orford.pdf","Sole, petrale","landings","0","12","7","2","0","57","2","0","3","0","27","0","110",""
"2010","20_Monthly_landings_Port_Orford.pdf","Sole, rock","landings","0","0","0","0","0","0","0","3","0","0","0","0","3",""
"2010","20_Monthly_landings_Port_Orford.pdf","Tuna, albacore","landings","0","0","0","0","0","0","0","10160","4222","0","0","0","14382",""
"2010","20_Monthly_landings_Port_Orford.pdf","Wolf-eel","landings","0","0","0","0","0","0","6","0","0","0","0","0","6",""
"2010","20_Monthly_landings_Port_Orford.pdf","CRUSTACEANS:","landings",NA,NA,NA,NA,NA,NA,NA,NA,NA,NA,NA,NA,NA,""
"2010","20_Monthly_landings_Port_Orford.pdf","Crab, Dungeness ocean","landings","168938","91185","40446","28730","6829","4933","3350","2856","0","1343","1223","1343","351176",""
"2010","20_Monthly_landings_Port_Orford.pdf","MOLLUSKS:","landings",NA,NA,NA,NA,NA,NA,NA,NA,NA,NA,NA,NA,NA,""
"2010","20_Monthly_landings_Port_Orford.pdf","Octopus","landings","554","98","0","62","0","0","14","51","0","0","0","0","779",""
"2010","21_Monthly_landings_Gold_Beach.pdf","Cabezon...............","landings","CHECK","CHECK","CHECK","CHECK","CHECK","CHECK","CHECK","CHECK","CHECK","CHECK","CHECK","CHECK","CHECK","CHECK"
"2010","21_Monthly_landings_Gold_Beach.pdf","Greenling sp","landings","118","585","520","816","1590","951","548","1855","1950","145","402","314","9794",""
"2010","21_Monthly_landings_Gold_Beach.pdf","Halibut, Pacific","landings","0","0","0","0","35","0","0","0","0","0","0","0","35",""
"2010","21_Monthly_landings_Gold_Beach.pdf","Lingcod","landings","0","0","0","0","1413","492","532","1425","1277","62","269","0","5470",""
"2010","21_Monthly_landings_Gold_Beach.pdf","Rockfish, black","landings","229","734","1110","2221","5817","4092","5478","8811","6543","531","427","343","36336",""
"2010","21_Monthly_landings_Gold_Beach.pdf","Rockfish, blue","landings","7","2","7","18","22","13","3","175","70","53","25","98","493",""
"2010","21_Monthly_landings_Gold_Beach.pdf","Rockfish, china","landings","6","53","65","121","187","66","132","458","268","37","90","85","1568",""
"2010","21_Monthly_landings_Gold_Beach.pdf","Rockfish, copper","landings","0","3","0","2","15","10","8","28","22","0","4","0","92",""
"2010","21_Monthly_landings_Gold_Beach.pdf","Rockfish, Gopher","landings","2","7","4","2","11","0","2","8","7","0","4","0","47",""
"2010","21_Monthly_landings_Gold_Beach.pdf","Rockfish, grass","landings","8","0","0","5","0","0","3","3","0","0","0","0","19",""
"2010","21_Monthly_landings_Gold_Beach.pdf","Rockfish, quillback","landings","0","2","7","0","25","13","8","15","8","0","0","0","78",""
"2010","21_Monthly_landings_Gold_Beach.pdf","Rockfish, Olive","landings","0","0","0","0","0","2","0","0","0","0","0","0","2",""
"2010","21_Monthly_landings_Gold_Beach.pdf","Rockfish, tiger","landings","0","0","0","0","0","0","3","0","0","0","0","0","3",""
"2010","21_Monthly_landings_Gold_Beach.pdf","Rockfish, vermillion","landings","0","21","0","30","67","10","64","40","130","0","28","7","397",""
"2010","21_Monthly_landings_Gold_Beach.pdf","Rockfish, yellowtail","landings","0","0","0","0","2","1","4","1","0","0","0","0","8",""
"2010","21_Monthly_landings_Gold_Beach.pdf","Salmon, chinook","landings","0","0","0","0","1026","0","0","591","0","0","0","0","1617",""
"2010","21_Monthly_landings_Gold_Beach.pdf","Tuna, albacore","landings","0","0","0","0","0","0","0","3995","454","0","0","0","4449",""
"2010","21_Monthly_landings_Gold_Beach.pdf","CRUSTACEANS:","landings",NA,NA,NA,NA,NA,NA,NA,NA,NA,NA,NA,NA,NA,""
"2010","21_Monthly_landings_Gold_Beach.pdf","Crab, Dungeness ocean","landings","1091","645","461","3074","2457","599","374","170","0","0","0","0","8871",""
"2010","21_Monthly_landings_Gold_Beach.pdf","OTHER INVERTEBRATES:","landings",NA,NA,NA,NA,NA,NA,NA,NA,NA,NA,NA,NA,NA,""
"2010","21_Monthly_landings_Gold_Beach.pdf","Sea urchin, red","landings","0","0","0","916","2958","483","1108","1227","22908","1617","0","854","32071",""
"2010","22_Monthly_landings_Brookings.pdf","Cabezon...............","landings","CHECK","CHECK","CHECK","CHECK","CHECK","CHECK","CHECK","CHECK","CHECK","CHECK","CHECK","CHECK","CHECK","CHECK"
"2010","22_Monthly_landings_Brookings.pdf","Flounder, arrowtooth","landings","81","2302","0","190","2","632","1717","735","519","3906","152","0","10236",""
"2010","22_Monthly_landings_Brookings.pdf","Greenling sp","landings","0","429","355","148","994","143","560","567","785","185","290","176","4632",""
"2010","22_Monthly_landings_Brookings.pdf","Grenadier, Pacific","landings","0","1409","0","0","0","15","0","0","5891","954","1618","0","9887",""
"2010","22_Monthly_landings_Brookings.pdf","Halibut, Pacific","landings","0","0","0","0","61","0","0","519","0","0","0","0","580",""
"2010","22_Monthly_landings_Brookings.pdf","Irish Lord, red","landings","0","0","0","0","21","2","12","3","12","0","0","0","50",""
"2010","22_Monthly_landings_Brookings.pdf","Lingcod","landings","0","227","481","92","1805","675","1037","1043","2138","291","735","0","8524",""
"2010","22_Monthly_landings_Brookings.pdf","Pacific Ocean perch","landings","0","16","7","51","3","1","27","77","187","32","53","0","454",""
"2010","22_Monthly_landings_Brookings.pdf","Rockfish, black","landings","0","802","1118","1504","4277","1886","2907","2670","3139","433","1361","514","20611",""
"2010","22_Monthly_landings_Brookings.pdf","Rockfish, black&yellow","landings","0","0","0","0","2","2","0","4","6","0","0","0","14",""
"2010","22_Monthly_landings_Brookings.pdf","Rockfish, blue","landings","0","83","28","28","0","6","0","13","33","10","54","32","287",""
"2010","22_Monthly_landings_Brookings.pdf","Rockfish, china","landings","0","19","11","3","166","42","79","65","61","20","83","19","568",""
"2010","22_Monthly_landings_Brookings.pdf","Rockfish, copper","landings","0","0","0","0","13","14","28","27","2","0","0","0","84",""
"2010","22_Monthly_landings_Brookings.pdf","Rockfish, darkblotched","landings","84","583","8647","7882","1321","184","211","411","612","5055","3437","0","28427",""
"2010","22_Monthly_landings_Brookings.pdf","Rockfish, Gopher","landings","0","7","2","0","4","0","4","10","9","0","8","0","44",""
"2010","22_Monthly_landings_Brookings.pdf","Rockfish, grass","landings","0","0","0","0","66","22","35","206","23","0","0","0","352",""
"2010","22_Monthly_landings_Brookings.pdf","Rockfish, quillback","landings","0","3","0","0","8","0","2","0","0","0","0","0","13",""
"2010","22_Monthly_landings_Brookings.pdf","Rockfish, vermillion","landings","0","20","0","7","48","18","0","47","18","0","25","9","192",""
"2010","22_Monthly_landings_Brookings.pdf","Rockfish, widow","landings","0","0","0","0","0","0","0","0","9","0","0","0","9",""
"2010","22_Monthly_landings_Brookings.pdf","Rockfish, yelloweye","landings","0","0","0","0","0","0","0","54","0","0","0","0","54",""
"2010","22_Monthly_landings_Brookings.pdf","Rockfish, Shelf","landings","0","0","5","0","0","0","0","2","0","0","0","0","7",""
"2010","22_Monthly_landings_Brookings.pdf","Rockfish, Slope","landings","63","94","400","279","331","185","94","194","123","1466","398","0","3627",""
"2010","22_Monthly_landings_Brookings.pdf","Thornyhead, longspine","landings","7932","24927","15022","27851","35120","27159","6542","22645","33214","13316","22829","0","236557",""
"2010","22_Monthly_landings_Brookings.pdf","Thornyhead, shortspine","landings","5720","8439","11913","14979","11856","13146","3658","19555","16052","10294","14381","0","129993",""
"2010","22_Monthly_landings_Brookings.pdf","Sablefish","landings","24516","22942","48163","43977","37587","54958","26130","71800","67572","47429","47598","0","492672",""
"2010","22_Monthly_landings_Brookings.pdf","Salmon, chinook","landings","0","0","0","0","2232","270","914","1581","165","14088","0","0","19250",""
"2010","22_Monthly_landings_Brookings.pdf","Sanddab, Pacific","landings","0","0","0","0","0","0","0","0","1","0","0","0","1",""
"2010","22_Monthly_landings_Brookings.pdf","Sculpin, other sp","landings","0","0","0","0","0","1","0","0","0","0","0","0","1",""
"2010","22_Monthly_landings_Brookings.pdf","Skates and rays","landings","214","825","5366","6366","2425","5472","7650","9149","8912","13551","6591","0","66521",""
"2010","22_Monthly_landings_Brookings.pdf","Sole, Dover","landings","68949","135945","207049","177657","88292","143303","101927","272755","238633","243645","132239","0","1810394",""
"2010","22_Monthly_landings_Brookings.pdf","Sole, English","landings","0","279","1321","227","47","0","0","404","711","0","0","0","2989",""
"2010","22_Monthly_landings_Brookings.pdf","Sole, petrale","landings","23956","13985","18570","1057","0","0","0","0","749","2114","15034","0","75465",""
"2010","22_Monthly_landings_Brookings.pdf","Sole, rex","landings","2411","5753","8273","8778","9361","5372","3114","10433","9666","12770","6704","0","82635",""
"2010","22_Monthly_landings_Brookings.pdf","Tuna, albacore","landings","0","0","0","0","0","100","140","6311","25893","27037","0","0","59481",""
"2010","22_Monthly_landings_Brookings.pdf","CRUSTACEANS:","landings",NA,NA,NA,NA,NA,NA,NA,NA,NA,NA,NA,NA,NA,""
"2010","22_Monthly_landings_Brookings.pdf","Crab, Dungeness bay","landings","0","0","0","0","0","0","0","0","0","0","0","934","934",""
"2010","22_Monthly_landings_Brookings.pdf","Crab, Dungeness ocean","landings","199439","99127","37414","20072","6916","1650","135","702","0","633","545","850244","1216877",""
"2010","22_Monthly_landings_Brookings.pdf","Shrimp, pink","landings","0","0","0","243412","563990","336311","431528","328208","134598","146897","0","0","2184944",""
"2010","22_Monthly_landings_Brookings.pdf","MOLLUSKS:","landings",NA,NA,NA,NA,NA,NA,NA,NA,NA,NA,NA,NA,NA,""
"2010","22_Monthly_landings_Brookings.pdf","Octopus","landings","0","180","19","85","0","0","0","0","0","0","0","0","284",""
"2010","22_Monthly_landings_Brookings.pdf","OTHER INVERTEBRATES:","landings",NA,NA,NA,NA,NA,NA,NA,NA,NA,NA,NA,NA,NA,""
"2010","22_Monthly_landings_Brookings.pdf","Sea urchin, red","landings","0","0","0","0","0","1112","956","8117","0","0","0","0","10185",""
