"year","filename","species","type","January","Feburary","March","April","May","June","July","August","September","October","November","December","Total","flag"
"2010","06_Monthly_landings_Columbia_River.pdf","FISH.","landings","CHECK","CHECK","CHECK","CHECK","CHECK","CHECK","CHECK","CHECK","CHECK","CHECK","CHECK","CHECK","CHECK","CHECK"
"2010","06_Monthly_landings_Columbia_River.pdf","Flounder, starry00","landings","0","3","0","0","0","0","0","0","0","0","3","","","CHECK"
"2010","06_Monthly_landings_Columbia_River.pdf","Salmon, chinook0494","landings","4299","37853","10623","24613","19733","435443","126125","42748","0","0","701931","","","CHECK"
"2010","06_Monthly_landings_Columbia_River.pdf","Salmon, chum00","landings","0","0","0","0","0","0","0","115","0","0","115","","","CHECK"
"2010","06_Monthly_landings_Columbia_River.pdf","Salmon, coho011","landings","0","0","0","0","3","24357","750467","72487","0","0","847325","","","CHECK"
"2010","06_Monthly_landings_Columbia_River.pdf","Salmon, sockeye00","landings","0","0","0","414","48","0","0","0","0","0","462","","","CHECK"
"2010","06_Monthly_landings_Columbia_River.pdf","Shad, American00","landings","0","0","0","3769","0","0","0","0","0","0","3769","","","CHECK"
"2010","06_Monthly_landings_Columbia_River.pdf","Smelt (eulachon)3388775","landings","186","0","0","0","0","0","0","0","0","0","4349","","","CHECK"
"2010","06_Monthly_landings_Columbia_River.pdf","Steelhead00","landings","0","0","0","0","0","4","0","0","0","0","4","","","CHECK"
"2010","06_Monthly_landings_Columbia_River.pdf","Sturgeon, white357936811","landings","836","1166","838","17700","6407","71497","9061","23259","0","0","173368","","","CHECK"
"2010","06_Monthly_landings_Columbia_River.pdf","--------------------------------------------------------------------------------------------------------------------------------","landings",NA,NA,NA,NA,NA,NA,NA,NA,NA,NA,NA,"","","CHECK"
"2010","06_Monthly_landings_Columbia_River.pdf","TOTAL391818091","landings","5321","39022","11461","46496","26191","531301","885653","138609","0","0","1731326","","","CHECK"
"2010","06_Monthly_landings_Columbia_River.pdf","--------------------------------------------------------------------------------------------------------------------------------------------------------","landings",NA,NA,NA,NA,NA,NA,NA,NA,NA,NA,NA,"","","CHECK"
"2010","06_Monthly_landings_Columbia_River.pdf","ABOVE BONNEVILLE DAM____________________","landings",NA,NA,NA,NA,NA,NA,NA,NA,NA,NA,NA,"","","CHECK"
"2010","06_Monthly_landings_Columbia_River.pdf","FISH:","landings",NA,NA,NA,NA,NA,NA,NA,NA,NA,NA,NA,"","","CHECK"
"2010","06_Monthly_landings_Columbia_River.pdf","Salmon, chinook00","landings","0","0","4755","19086","17859","64262","429851","8753","0","0","544566","","","CHECK"
"2010","06_Monthly_landings_Columbia_River.pdf","Salmon, coho00","landings","0","0","56","0","0","819","22235","2931","0","0","26041","","","CHECK"
"2010","06_Monthly_landings_Columbia_River.pdf","Salmon, sockeye00","landings","0","0","0","2706","801","0","0","0","0","0","3507","","","CHECK"
"2010","06_Monthly_landings_Columbia_River.pdf","Steelhead00","landings","0","0","0","135","62","4604","19676","2078","0","0","26555","","","CHECK"
"2010","06_Monthly_landings_Columbia_River.pdf","Sturgeon, white03851","landings","0","0","0","0","0","0","0","0","0","0","3851","","","CHECK"
"2010","06_Monthly_landings_Columbia_River.pdf","Walleye00","landings","0","0","0","0","6","15","0","0","0","0","21","","","CHECK"
"2010","07_Monthly_landings_Astoria.pdf","Anchovy..northern.....","landings","CHECK","CHECK","CHECK","CHECK","CHECK","CHECK","CHECK","CHECK","CHECK","CHECK","CHECK","CHECK","CHECK","CHECK"
"2010","07_Monthly_landings_Astoria.pdf","Cabezon","landings","0","0","0","0","0","062",NA,"1010",NA,"0","0","082","","CHECK"
"2010","07_Monthly_landings_Astoria.pdf","Cod, Pacific","landings","172","378","174","1811","13038","3961428285",NA,"253381288",NA,"312","100","103110613","","CHECK"
"2010","07_Monthly_landings_Astoria.pdf","Flounder, arrowtooth","landings","375223","317361","386137","1064450","647871","406948459850",NA,"548880160657",NA,"347078","200164","2567725171391","","CHECK"
"2010","07_Monthly_landings_Astoria.pdf","Flounder, starry","landings","0","0","0","15","757","54981528",NA,"311180",NA,"441","49","288807","","CHECK"
"2010","07_Monthly_landings_Astoria.pdf","Grenadier, Pacific","landings","0","0","0","568","0","00",NA,"00",NA,"0","0","60628","","CHECK"
"2010","07_Monthly_landings_Astoria.pdf","Hagfish sp","landings","0","0","0","0","0","0500",NA,"18500",NA,"0","0","02350","","CHECK"
"2010","07_Monthly_landings_Astoria.pdf","Halibut, Pacific","landings","0","0","0","0","0","754354953",NA,"00",NA,"0","0","062496","","CHECK"
"2010","07_Monthly_landings_Astoria.pdf","Herring, Pacific","landings","0","0","0","0","0","140",NA,"00",NA,"0","0","014","","CHECK"
"2010","07_Monthly_landings_Astoria.pdf","Yellowtail","landings","0","0","0","0","0","00",NA,"019",NA,"0","0","019","","CHECK"
"2010","07_Monthly_landings_Astoria.pdf","Lingcod","landings","2852","4457","2624","4688","10958","681023803",NA,"87997813",NA,"472","5268","461583159","","CHECK"
"2010","07_Monthly_landings_Astoria.pdf","Mackerel, jack","landings","0","0","0","0","0","2414449",NA,"00",NA,"0","0","04690","","CHECK"
"2010","07_Monthly_landings_Astoria.pdf","Mackerel, Pacific","landings","0","0","0","0","0","027509",NA,"731682279",NA,"0","0","0117104","","CHECK"
"2010","07_Monthly_landings_Astoria.pdf","Ragfish","landings","0","0","0","0","0","820",NA,"00",NA,"0","0","082","","CHECK"
"2010","07_Monthly_landings_Astoria.pdf","Ratfish","landings","0","0","0","0","0","20",NA,"00",NA,"0","0","02","","CHECK"
"2010","07_Monthly_landings_Astoria.pdf","Pacific Ocean perch","landings","8700","9520","7370","7368","13517","690912981",NA,"649910054",NA,"3466","12981","6747106112","","CHECK"
"2010","07_Monthly_landings_Astoria.pdf","Rockfish, black","landings","0","0","0","245","5","4816",NA,"04",NA,"52","111","8489","","CHECK"
"2010","07_Monthly_landings_Astoria.pdf","Rockfish, canary","landings","0","0","84","99","357","1519519",NA,"23179",NA,"72","3","112974","","CHECK"
"2010","07_Monthly_landings_Astoria.pdf","Rockfish, darkblotched","landings","9472","2281","7758","1516","6508","8393378",NA,"12312947",NA,"102","7918","623150181","","CHECK"
"2010","07_Monthly_landings_Astoria.pdf","Rockfish, quillback","landings","0","0","0","5","2","819",NA,"00",NA,"0","0","034","","CHECK"
"2010","07_Monthly_landings_Astoria.pdf","Rockfish, widow","landings","959","445","378","318","92","2322012923",NA,"301427",NA,"410","259","14739879","","CHECK"
"2010","07_Monthly_landings_Astoria.pdf","Rockfish, yelloweye","landings","0","0","5","0","0","0331",NA,"060",NA,"0","0","0396","","CHECK"
"2010","07_Monthly_landings_Astoria.pdf","Rockfish, yellowtail","landings","276","496","264","1874","4143","455074860",NA,"14922262",NA,"119","59","43961791","","CHECK"
"2010","07_Monthly_landings_Astoria.pdf","Rockfish, Shelf","landings","32","101","138","467","250","5991259",NA,"1793666",NA,"411","14","1485878","","CHECK"
"2010","07_Monthly_landings_Astoria.pdf","Rockfish, Slope","landings","9499","7710","11085","10060","15622","604414922",NA,"479713508",NA,"9465","17804","15473135989","","CHECK"
"2010","07_Monthly_landings_Astoria.pdf","Thornyhead, longspine","landings","36771","53445","17922","47402","15324","2773712248",NA,"822016702",NA,"20754","9384","42020307929","","CHECK"
"2010","07_Monthly_landings_Astoria.pdf","Thornyhead, shortspine","landings","57786","77180","39965","102992","89328","7182677689",NA,"6646088483",NA,"86186","57074","87601902570","","CHECK"
"2010","07_Monthly_landings_Astoria.pdf","Sablefish","landings","136121","137328","96449","226902","304146","230034190666",NA,"160771192555",NA,"117226","105141","1419982039337","","CHECK"
"2010","07_Monthly_landings_Astoria.pdf","Salmon, chinook","landings","0","0","0","0","1366","25962203",NA,"132927",NA,"0","0","07521","","CHECK"
"2010","07_Monthly_landings_Astoria.pdf","Salmon, chum","landings","0","0","0","0","0","50",NA,"00",NA,"0","0","05","","CHECK"
"2010","07_Monthly_landings_Astoria.pdf","Salmon, coho","landings","0","0","0","0","0","2530361",NA,"17691683",NA,"0","0","048760","","CHECK"
"2010","07_Monthly_landings_Astoria.pdf","Salmon, pink","landings","0","0","0","0","0","3712",NA,"130",NA,"0","0","062","","CHECK"
"2010","07_Monthly_landings_Astoria.pdf","Sanddab, Pacific","landings","0","187","1365","23742","32424","5963573922",NA,"7671411119",NA,"12146","7000","887299141","","CHECK"
"2010","07_Monthly_landings_Astoria.pdf","Sardine, Pacific","landings","0","0","0","0","0","24  29266790",NA,"1541031  16547457",NA,"0","0","0  47355302","","CHECK"
"2010","07_Monthly_landings_Astoria.pdf","Shad, American","landings","0","0","0","0","0","4645467",NA,"00",NA,"0","0","05112","","CHECK"
"2010","07_Monthly_landings_Astoria.pdf","Shark, sixgill","landings","0","0","0","0","0","016",NA,"00",NA,"0","0","016","","CHECK"
"2010","07_Monthly_landings_Astoria.pdf","Shark, soupfin","landings","0","0","0","0","0","17154",NA,"00",NA,"0","0","0225","","CHECK"
"2010","07_Monthly_landings_Astoria.pdf","Shark, spiny dogfish","landings","0","0","0","0","0","914216633",NA,"71529541",NA,"42555","1569","14897115052","","CHECK"
"2010","07_Monthly_landings_Astoria.pdf","Shark, other sp","landings","0","0","0","0","0","700",NA,"00",NA,"0","0","070","","CHECK"
"2010","07_Monthly_landings_Astoria.pdf","Skates and rays","landings","90276","94557","81113","91252","137992","10742292239",NA,"8981440584",NA,"40052","21960","31783919044","","CHECK"
"2010","07_Monthly_landings_Astoria.pdf","Sole, butter","landings","0","0","0","42","40","1829",NA,"1040",NA,"0","0","0233","","CHECK"
"2010","07_Monthly_landings_Astoria.pdf","Sole, curlfin (turbot)","landings","0","0","0","0","0","05",NA,"2147",NA,"0","0","073","","CHECK"
"2010","07_Monthly_landings_Astoria.pdf","Sole, Dover","landings","496609","766820","779846","1124233","656323","540889481149",NA,"334670369652",NA,"389746","439133","8083947187464","","CHECK"
"2010","07_Monthly_landings_Astoria.pdf","Sole, English","landings","14946","25067","8136","18599","23760","2430325336",NA,"2788613619",NA,"21684","5984","3487212807","","CHECK"
"2010","07_Monthly_landings_Astoria.pdf","Sole, flathead","landings","0","0","607","248","1044","880639",NA,"703224",NA,"204","66","94624","","CHECK"
"2010","07_Monthly_landings_Astoria.pdf","Sole, petrale","landings","223249","189423","103175","54794","62346","8120269414",NA,"5638710086",NA,"3164","4638","19288877166","","CHECK"
"2010","07_Monthly_landings_Astoria.pdf","Sole, rex","landings","16829","18216","13463","24586","41562","5180257990",NA,"5193934166",NA,"33313","15035","15550374451","","CHECK"
"2010","07_Monthly_landings_Astoria.pdf","Sole..rock............","landings","CHECK","CHECK","CHECK","CHECK","CHECK","CHECK","CHECK","CHECK","CHECK","CHECK","CHECK","CHECK","CHECK","CHECK"
"2010","07_Monthly_landings_Astoria.pdf","Sole, sand","landings","0","100","0","714","1036014978","39933",NA,"6749","4548","9915","5220","172394240","","CHECK"
"2010","07_Monthly_landings_Astoria.pdf","Sole, slender","landings","0","0","0","0","0429","565",NA,"0","0","0","0","0994","","CHECK"
"2010","07_Monthly_landings_Astoria.pdf","Sturgeon, green","landings","0","0","0","34","029","22",NA,"0","0","0","19","0104","","CHECK"
"2010","07_Monthly_landings_Astoria.pdf","Tuna, bluefin","landings","0","0","0","0","00","0",NA,"0","48","0","0","048","","CHECK"
"2010","07_Monthly_landings_Astoria.pdf","Tuna, albacore","landings","0","0","0","0","03931","579094",NA,"1292693","579108","156526","0","02611352","","CHECK"
"2010","07_Monthly_landings_Astoria.pdf","Whiting, Pac (hake)","landings","0","0","0","0","0  20635224  10219744",NA,NA,"0","0","0","0","30  30854998","","CHECK"
"2010","07_Monthly_landings_Astoria.pdf","Wolf-eel","landings","0","0","0","0","022","43",NA,"0","11","9","0","085","","CHECK"
"2010","07_Monthly_landings_Astoria.pdf","Wrymouth, giant","landings","0","0","0","6","27201","193",NA,"245","41","14","0","0727","","CHECK"
"2010","07_Monthly_landings_Astoria.pdf","CRUSTACEANS:","landings",NA,NA,NA,NA,"",NA,NA,NA,NA,NA,NA,"","","CHECK"
"2010","07_Monthly_landings_Astoria.pdf","Crab, Dungeness ocean","landings","529018","117593","76204","62660","4119319910","14193",NA,"7562","5","799","0","35510584420195","","CHECK"
"2010","07_Monthly_landings_Astoria.pdf","Shrimp, pink","landings","0","0","0","119811","614092725581","837519",NA,"1483599","744701","101085","0","04626388","","CHECK"
"2010","07_Monthly_landings_Astoria.pdf","MOLLUSKS:","landings",NA,NA,NA,NA,"",NA,NA,NA,NA,NA,NA,"","","CHECK"
"2010","07_Monthly_landings_Astoria.pdf","Clams, razor","landings","0","0","0","0","1600","0",NA,"0","0","56","0","0216","","CHECK"
"2010","07_Monthly_landings_Astoria.pdf","Mussels, ocean","landings","0","0","0","0","01","0",NA,"0","0","0","0","01","","CHECK"
"2010","07_Monthly_landings_Astoria.pdf","Octopus","landings","0","0","0","121","5011941","760",NA,"163","90","0","53","03629","","CHECK"
"2010","07_Monthly_landings_Astoria.pdf","Squid, Market","landings","0","0","0","0","0217","11",NA,"0","0","0","0","0228","","CHECK"
"2010","07_Monthly_landings_Astoria.pdf","Squid, other sp","landings","102","39","0","0","0359","746",NA,"261","21836","9401","6961","612445829","","CHECK"
"2010","07_Monthly_landings_Astoria.pdf","OTHER INVERTEBRATES:","landings",NA,NA,NA,NA,"",NA,NA,NA,NA,NA,NA,"","","CHECK"
"2010","07_Monthly_landings_Astoria.pdf","Jellyfish","landings","0","0","0","0","00","4481",NA,"0","2","0","0","04483","","CHECK"
"2010","07_Monthly_landings_Astoria.pdf","Sea stars","landings","0","0","0","0","01","1",NA,"0","0","0","0","02","","CHECK"
"2010","07A_Monthly_landings_Seaside-Gearhart.pdf","Lingcod...............","landings","CHECK","CHECK","CHECK","CHECK","CHECK","CHECK","CHECK","CHECK","CHECK","CHECK","CHECK","CHECK","CHECK","CHECK"
"2010","07A_Monthly_landings_Seaside-Gearhart.pdf","Salmon, chinook","landings","0","0","0","0","33","37","200","296","0","0","0","0","566",""
"2010","07A_Monthly_landings_Seaside-Gearhart.pdf","Salmon, coho","landings","0","0","0","0","0","0","3562","2512","0","0","0","0","6074",""
"2010","07A_Monthly_landings_Seaside-Gearhart.pdf","Tuna, albacore","landings","0","0","0","0","0","0","1017","0","1035","0","0","0","2052",""
"2010","07A_Monthly_landings_Seaside-Gearhart.pdf","CRUSTACEANS:","landings",NA,NA,NA,NA,NA,NA,NA,NA,NA,NA,NA,NA,NA,""
"2010","07A_Monthly_landings_Seaside-Gearhart.pdf","Crab, Dungeness ocean","landings","0","0","0","0","150","254","0","0","0","0","0","1157","1561",""
"2010","07A_Monthly_landings_Seaside-Gearhart.pdf","MOLLUSKS:","landings",NA,NA,NA,NA,NA,NA,NA,NA,NA,NA,NA,NA,NA,""
"2010","07A_Monthly_landings_Seaside-Gearhart.pdf","Clams, razor","landings","4233","6156","12386","25131","18190","10333","2545","0","0","524","540","1688","81726",""
"2010","07B_Monthly_landings_Cannon_Beach.pdf","CHECK","landings",NA,NA,NA,NA,NA,NA,NA,NA,NA,NA,NA,NA,NA,NA
"2010","08_Monthly_landings_Nehalem_Bay.pdf","CHECK","landings",NA,NA,NA,NA,NA,NA,NA,NA,NA,NA,NA,NA,NA,NA
"2010","09_Monthly_landings_Garibaldi.pdf","Cabezon...............","landings","CHECK","CHECK","CHECK","CHECK","CHECK","CHECK","CHECK","CHECK","CHECK","CHECK","CHECK","CHECK","CHECK","CHECK"
"2010","09_Monthly_landings_Garibaldi.pdf","Flounder, arrowtooth","landings","0","0","0","0","0","0","0","0","0","7629","0","0","7629",""
"2010","09_Monthly_landings_Garibaldi.pdf","Flounder, starry","landings","0","0","0","0","0","361","0","0","0","0","0","0","361",""
"2010","09_Monthly_landings_Garibaldi.pdf","Greenling sp","landings","10","10","9","40","60","32","53","19","29","18","0","0","280",""
"2010","09_Monthly_landings_Garibaldi.pdf","Hagfish sp","landings","0","0","0","1818","5387","0","0","0","0","0","0","0","7205",""
"2010","09_Monthly_landings_Garibaldi.pdf","Halibut, Pacific","landings","0","0","0","0","0","0","0","0","41","0","0","0","41",""
"2010","09_Monthly_landings_Garibaldi.pdf","Irish Lord, red","landings","0","0","0","0","4","0","4","5","4","4","0","0","21",""
"2010","09_Monthly_landings_Garibaldi.pdf","Yellowtail","landings","0","0","0","0","0","0","10","0","0","0","0","0","10",""
"2010","09_Monthly_landings_Garibaldi.pdf","Lingcod","landings","0","0","0","9","430","330","253","164","103","524","0","0","1813",""
"2010","09_Monthly_landings_Garibaldi.pdf","Pacific Ocean perch","landings","0","0","0","0","0","0","0","0","0","20","0","0","20",""
"2010","09_Monthly_landings_Garibaldi.pdf","Rockfish, black","landings","373","220","639","2930","3472","3368","3929","2870","2020","977","0","0","20798",""
"2010","09_Monthly_landings_Garibaldi.pdf","Rockfish, blue","landings","0","0","10","4","0","5","4","0","77","66","0","0","166",""
"2010","09_Monthly_landings_Garibaldi.pdf","Rockfish, canary","landings","0","0","0","10","2","0","0","0","0","0","0","0","12",""
"2010","09_Monthly_landings_Garibaldi.pdf","Rockfish, china","landings","0","0","0","0","9","7","6","2","3","0","0","0","27",""
"2010","09_Monthly_landings_Garibaldi.pdf","Rockfish, copper","landings","2","5","4","6","7","8","9","12","8","4","0","0","65",""
"2010","09_Monthly_landings_Garibaldi.pdf","Rockfish, quillback","landings","0","0","7","6","23","53","8","10","4","6","0","0","117",""
"2010","09_Monthly_landings_Garibaldi.pdf","Rockfish, tiger","landings","0","0","0","2","0","14","0","0","3","0","0","0","19",""
"2010","09_Monthly_landings_Garibaldi.pdf","Rockfish, vermillion","landings","0","0","0","6","6","6","0","0","0","4","0","0","22",""
"2010","09_Monthly_landings_Garibaldi.pdf","Rockfish, yelloweye","landings","0","0","0","3","0","0","0","0","0","0","0","0","3",""
"2010","09_Monthly_landings_Garibaldi.pdf","Rockfish, yellowtail","landings","2","0","0","7","7","8","30","9","52","42","0","0","157",""
"2010","09_Monthly_landings_Garibaldi.pdf","Rockfish, Shelf","landings","0","0","0","0","0","1","0","0","0","0","0","0","1",""
"2010","09_Monthly_landings_Garibaldi.pdf","Rockfish, Slope","landings","0","0","0","0","0","0","0","0","0","194","0","0","194",""
"2010","09_Monthly_landings_Garibaldi.pdf","Thornyhead, shortspine","landings","0","0","0","0","0","0","0","0","0","3062","0","0","3062",""
"2010","09_Monthly_landings_Garibaldi.pdf","Sablefish","landings","0","0","0","0","1528","144","0","0","0","4582","0","1676","7930",""
"2010","09_Monthly_landings_Garibaldi.pdf","Salmon, chinook","landings","0","0","0","0","106","1287","753","381","1520","649","0","0","4696",""
"2010","09_Monthly_landings_Garibaldi.pdf","Salmon, coho","landings","0","0","0","0","0","0","11141","9116","28395","0","0","0","48652",""
"2010","09_Monthly_landings_Garibaldi.pdf","Salmon, pink","landings","0","0","0","0","0","0","5","11","0","0","0","0","16",""
"2010","09_Monthly_landings_Garibaldi.pdf","Sanddab, Pacific","landings","0","0","0","935","0","1051","0","0","0","0","0","0","1986",""
"2010","09_Monthly_landings_Garibaldi.pdf","Sculpin, buffalo","landings","0","0","0","0","0","0","1","0","0","0","0","0","1",""
"2010","09_Monthly_landings_Garibaldi.pdf","Skates and rays","landings","0","0","0","1208","24","0","0","0","0","380","0","0","1612",""
"2010","09_Monthly_landings_Garibaldi.pdf","Sole, Dover","landings","0","0","0","142","0","306","0","0","0","15669","0","0","16117",""
"2010","09_Monthly_landings_Garibaldi.pdf","Sole, English","landings","0","0","0","1375","0","2708","0","0","0","0","0","0","4083",""
"2010","09_Monthly_landings_Garibaldi.pdf","Sole, petrale","landings","0","0","0","4928","0","3497","0","0","0","24","0","0","8449",""
"2010","09_Monthly_landings_Garibaldi.pdf","Sole, rex","landings","0","0","0","593","0","769","0","0","0","331","0","0","1693",""
"2010","09_Monthly_landings_Garibaldi.pdf","Sole, sand","landings","0","0","0","17","0","10765","0","0","0","0","0","0","10782",""
"2010","09_Monthly_landings_Garibaldi.pdf","Tuna, albacore","landings","0","0","0","0","0","0","70548","112698","31000","791","0","0","215037",""
"2010","09_Monthly_landings_Garibaldi.pdf","Wolf-eel","landings","0","0","0","17","0","21","0","0","0","0","0","0","38",""
"2010","09_Monthly_landings_Garibaldi.pdf","CRUSTACEANS:","landings",NA,NA,NA,NA,NA,NA,NA,NA,NA,NA,NA,NA,NA,""
"2010","09_Monthly_landings_Garibaldi.pdf","Crab, Dungeness bay","landings","0","0","0","0","0","0","0","0","0","343","0","0","343",""
"2010","09_Monthly_landings_Garibaldi.pdf","Crab, Dungeness ocean","landings","133314","63773","44674","27095","26442","17253","8184","8975","0","0","755","668345","998810",""
"2010","09_Monthly_landings_Garibaldi.pdf","Shrimp, ghost","landings","62","216","319","498","1390","3809","5862","4918","739","1090","664","397","19964",""
"2010","09_Monthly_landings_Garibaldi.pdf","Shrimp, mud","landings","0","0","0","0","0","7","0","0","0","0","0","10","17",""
"2010","09_Monthly_landings_Garibaldi.pdf","Shrimp, pink","landings","0","0","0","0","0","5140","0","0","0","0","0","0","5140",""
"2010","09_Monthly_landings_Garibaldi.pdf","Shrimp, spot","landings","0","0","0","0","0","0","0","0","0","64","0","0","64",""
"2010","09_Monthly_landings_Garibaldi.pdf","Clams..butter.........","landings","CHECK","CHECK","CHECK","CHECK","CHECK","CHECK","CHECK","CHECK","CHECK","CHECK","CHECK","CHECK","CHECK","CHECK"
"2010","09_Monthly_landings_Garibaldi.pdf","Clams, cockle","landings","400","15637","19557","23959","13751","16091","22584","11708","2753","2162","1441","3956","133999",""
"2010","09_Monthly_landings_Garibaldi.pdf","Clams, gaper","landings","0","0","0","3","60","5","200","962","2148","1129","129","24","4660",""
"2010","09_Monthly_landings_Garibaldi.pdf","Clams, razor","landings","0","0","0","0","0","23","0","0","0","0","0","0","23",""
"2010","09_Monthly_landings_Garibaldi.pdf","Squid, other sp","landings","0","0","0","0","0","0","0","0","0","250","0","0","250",""
"2010","09_Monthly_landings_Garibaldi.pdf","OTHER INVERTEBRATES:","landings",NA,NA,NA,NA,NA,NA,NA,NA,NA,NA,NA,NA,NA,""
"2010","09_Monthly_landings_Garibaldi.pdf","Sea urchin, red","landings","0","2850","0","2170","0","0","0","0","0","0","0","1100","6120",""
"2010","10_Monthly_landings_Netarts_Bay.pdf","CHECK","landings",NA,NA,NA,NA,NA,NA,NA,NA,NA,NA,NA,NA,NA,NA
"2010","11_Monthly_landings_Pacific_City.pdf","Cabezon...............","landings","CHECK","CHECK","CHECK","CHECK","CHECK","CHECK","CHECK","CHECK","CHECK","CHECK","CHECK","CHECK","CHECK","CHECK"
"2010","11_Monthly_landings_Pacific_City.pdf","Greenling sp","landings","0","0","0","20","19","7","2","14","2","6","1","0","71",""
"2010","11_Monthly_landings_Pacific_City.pdf","Lingcod","landings","0","0","0","0","2657","1293","1258","808","803","2335","426","0","9580",""
"2010","11_Monthly_landings_Pacific_City.pdf","Rockfish, black","landings","215","381","418","4085","5263","6282","6213","6033","4226","575","39","0","33730",""
"2010","11_Monthly_landings_Pacific_City.pdf","Rockfish, blue","landings","0","9","37","48","12","35","35","56","392","101","0","0","725",""
"2010","11_Monthly_landings_Pacific_City.pdf","Rockfish, china","landings","0","0","0","0","7","3","0","2","0","0","0","0","12",""
"2010","11_Monthly_landings_Pacific_City.pdf","Rockfish, copper","landings","0","0","0","1","17","3","4","6","0","0","0","0","31",""
"2010","11_Monthly_landings_Pacific_City.pdf","Rockfish, quillback","landings","0","0","8","0","2","4","10","4","28","43","6","0","105",""
"2010","11_Monthly_landings_Pacific_City.pdf","Rockfish, tiger","landings","0","0","0","0","0","0","0","3","0","0","0","0","3",""
"2010","11_Monthly_landings_Pacific_City.pdf","Rockfish, vermillion","landings","0","0","3","6","23","0","15","4","0","12","8","0","71",""
"2010","11_Monthly_landings_Pacific_City.pdf","Rockfish, yellowtail","landings","0","1","34","8","20","19","71","35","34","48","4","0","274",""
"2010","11_Monthly_landings_Pacific_City.pdf","Salmon, coho","landings","0","0","0","0","0","0","0","0","1224","0","0","0","1224",""
"2010","11_Monthly_landings_Pacific_City.pdf","Tuna, albacore","landings","0","0","0","0","0","0","5175","3757","921","0","0","0","9853",""
"2010","11_Monthly_landings_Pacific_City.pdf","CRUSTACEANS:","landings",NA,NA,NA,NA,NA,NA,NA,NA,NA,NA,NA,NA,NA,""
"2010","11_Monthly_landings_Pacific_City.pdf","Crab, Dungeness bay","landings","0","0","0","0","0","0","0","0","0","23","0","0","23",""
"2010","11_Monthly_landings_Pacific_City.pdf","Crab, Dungeness ocean","landings","514","284","630","534","1252","1273","1001","1786","0","0","0","0","7274",""
"2010","11_Monthly_landings_Pacific_City.pdf","Shrimp, ghost","landings","470","210","350","355","220","0","0","0","0","0","0","0","1605",""
"2010","11A_Monthly_landings_Salmon_River.pdf","CHECK","landings",NA,NA,NA,NA,NA,NA,NA,NA,NA,NA,NA,NA,NA,NA
"2010","12_Monthly_landings_Siletz_Bay.pdf","CHECK","landings",NA,NA,NA,NA,NA,NA,NA,NA,NA,NA,NA,NA,NA,NA
"2010","13_Monthly_landings_Depoe_Bay.pdf","Cabezon...............","landings","CHECK","CHECK","CHECK","CHECK","CHECK","CHECK","CHECK","CHECK","CHECK","CHECK","CHECK","CHECK","CHECK","CHECK"
"2010","13_Monthly_landings_Depoe_Bay.pdf","Greenling sp","landings","0","0","0","0","10","1","7","2","3","8","0","0","31",""
"2010","13_Monthly_landings_Depoe_Bay.pdf","Halibut, Pacific","landings","0","0","0","0","0","39","0","0","0","0","0","0","39",""
"2010","13_Monthly_landings_Depoe_Bay.pdf","Lingcod","landings","0","0","0","0","823","843","123","639","8","506","69","0","3011",""
"2010","13_Monthly_landings_Depoe_Bay.pdf","Rockfish, black","landings","30","0","0","279","1276","143","956","706","518","276","0","0","4184",""
"2010","13_Monthly_landings_Depoe_Bay.pdf","Rockfish, blue","landings","3","0","0","7","17","0","10","33","23","167","0","0","260",""
"2010","13_Monthly_landings_Depoe_Bay.pdf","Rockfish, china","landings","0","0","0","0","0","2","0","3","0","2","0","0","7",""
"2010","13_Monthly_landings_Depoe_Bay.pdf","Rockfish, copper","landings","0","0","0","0","0","3","0","0","0","0","0","0","3",""
"2010","13_Monthly_landings_Depoe_Bay.pdf","Rockfish, quillback","landings","0","0","0","0","0","7","2","2","0","23","11","0","45",""
"2010","13_Monthly_landings_Depoe_Bay.pdf","Rockfish, tiger","landings","0","0","0","0","0","0","0","1","0","0","4","0","5",""
"2010","13_Monthly_landings_Depoe_Bay.pdf","Rockfish, vermillion","landings","0","0","0","0","0","5","0","5","0","5","0","0","15",""
"2010","13_Monthly_landings_Depoe_Bay.pdf","Rockfish, widow","landings","2","0","0","0","0","0","0","0","0","0","0","0","2",""
"2010","13_Monthly_landings_Depoe_Bay.pdf","Rockfish, yellowtail","landings","0","0","0","0","5","5","0","8","0","32","0","0","50",""
"2010","13_Monthly_landings_Depoe_Bay.pdf","Salmon, coho","landings","0","0","0","0","0","0","0","0","1956","0","0","0","1956",""
"2010","13_Monthly_landings_Depoe_Bay.pdf","Tuna, albacore","landings","0","0","0","0","0","0","3176","2145","1032","0","0","0","6353",""
"2010","13_Monthly_landings_Depoe_Bay.pdf","CRUSTACEANS:","landings",NA,NA,NA,NA,NA,NA,NA,NA,NA,NA,NA,NA,NA,""
"2010","13_Monthly_landings_Depoe_Bay.pdf","Crab, Dungeness ocean","landings","1333","596","445","818","346","784","692","833","0","0","0","5696","11543",""
"2010","14_Monthly_landings_Newport.pdf","Cabezon...............","landings","CHECK","CHECK","CHECK","CHECK","CHECK","CHECK","CHECK","CHECK","CHECK","CHECK","CHECK","CHECK","CHECK","CHECK"
"2010","14_Monthly_landings_Newport.pdf","Cod, Pacific","landings","0","0","0","0","0","16","556","170","0","0","0","0","742",""
"2010","14_Monthly_landings_Newport.pdf","Flounder, arrowtooth","landings","37728","71229","68403","55324","47713","29187","135092","52506","42707","89062","47929","20502","697382",""
"2010","14_Monthly_landings_Newport.pdf","Flounder, starry","landings","0","0","0","0","0","697","66","0","0","0","0","0","763",""
"2010","14_Monthly_landings_Newport.pdf","Greenling sp","landings","0","0","0","0","0","21","0","4","10","4","0","0","39",""
"2010","14_Monthly_landings_Newport.pdf","Grenadier, Pacific","landings","0","0","0","0","6","296","0","0","77","0","957","0","1336",""
"2010","14_Monthly_landings_Newport.pdf","Hagfish sp","landings","0","0","39835","51457","6685","0","0","0","11880","179240","12512","0","301609",""
"2010","14_Monthly_landings_Newport.pdf","Halibut, Pacific","landings","10","0","0","0","0","54305","61039","0","0","0","0","0","115354",""
"2010","14_Monthly_landings_Newport.pdf","Herring, Pacific","landings","0","0","0","31","91","5","0","0","0","0","0","0","127",""
"2010","14_Monthly_landings_Newport.pdf","Yellowtail","landings","0","0","0","0","0","0","0","12","0","0","0","0","12",""
"2010","14_Monthly_landings_Newport.pdf","Lamprey, Pacific","landings","0","0","0","0","0","13","13","0","0","0","0","0","26",""
"2010","14_Monthly_landings_Newport.pdf","Lingcod","landings","298","1064","677","67","5836","10156","13781","4551","1686","3584","1357","186","43243",""
"2010","14_Monthly_landings_Newport.pdf","Mackerel, jack","landings","0","0","0","0","0","224","205","0","0","0","0","0","429",""
"2010","14_Monthly_landings_Newport.pdf","Mackerel, Pacific","landings","0","0","0","0","0","1","2","0","0","0","0","0","3",""
"2010","14_Monthly_landings_Newport.pdf","Pacific Ocean perch","landings","1305","6286","3548","1364","4492","688","306","782","1038","2132","1656","2453","26050",""
"2010","14_Monthly_landings_Newport.pdf","Rockfish, black","landings","525","252","476","1520","2237","2080","1258","1230","991","563","24","0","11156",""
"2010","14_Monthly_landings_Newport.pdf","Rockfish, blue","landings","0","0","0","248","23","20","13","75","10","10","0","0","399",""
"2010","14_Monthly_landings_Newport.pdf","Rockfish, canary","landings","0","0","0","0","10","810","1544","328","0","0","0","0","2692",""
"2010","14_Monthly_landings_Newport.pdf","Rockfish, china","landings","0","0","0","0","2","83","0","0","2","0","0","0","87",""
"2010","14_Monthly_landings_Newport.pdf","Rockfish, copper","landings","0","0","0","9","0","0","0","0","0","0","0","0","9",""
"2010","14_Monthly_landings_Newport.pdf","Rockfish, darkblotched","landings","11378","5782","7882","2955","9856","1891","1995","3138","3208","5295","14989","7694","76063",""
"2010","14_Monthly_landings_Newport.pdf","Rockfish, quillback","landings","0","0","0","0","0","0","0","0","0","12","0","0","12",""
"2010","14_Monthly_landings_Newport.pdf","Rockfish, vermillion","landings","0","0","0","0","0","0","0","0","0","42","0","0","42",""
"2010","14_Monthly_landings_Newport.pdf","Rockfish, widow","landings","38","55","44","8","20","36590","26125","74","0","0","0","164","63118",""
"2010","14_Monthly_landings_Newport.pdf","Rockfish, yelloweye","landings","0","0","0","0","0","14","51","17","0","0","0","0","82",""
"2010","14_Monthly_landings_Newport.pdf","Rockfish, yellowtail","landings","0","0","0","0","3","3333","774","415","0","0","0","0","4525",""
"2010","14_Monthly_landings_Newport.pdf","Rockfish, Shelf","landings","0","3","6","0","155","494","1794","2133","43","153","23","0","4804",""
"2010","14_Monthly_landings_Newport.pdf","Rockfish, Slope","landings","1635","1883","5238","7669","9511","10184","5021","6006","18522","8497","8116","7117","89399",""
"2010","14_Monthly_landings_Newport.pdf","Thornyhead sp","landings","0","0","0","0","0","7","0","0","0","0","0","0","7",""
"2010","14_Monthly_landings_Newport.pdf","Thornyhead, longspine","landings","30086","46402","16659","35888","48944","28379","17398","7888","10415","27325","44673","11778","325835",""
"2010","14_Monthly_landings_Newport.pdf","Thornyhead, shortspine","landings","41720","59348","44061","82593","90082","47241","28578","40885","59535","67852","61128","62230","685253",""
"2010","14_Monthly_landings_Newport.pdf","Sablefish","landings","110527","81542","103459","285224","361345","350164","289956","293531","200807","221343","110883","132336","2541117",""
"2010","14_Monthly_landings_Newport.pdf","Salmon, chinook","landings","0","0","0","0","0","510","112","0","0","0","0","0","622",""
"2010","14_Monthly_landings_Newport.pdf","Salmon, coho","landings","0","0","0","0","0","77","33","0","37772","483","0","0","38365",""
"2010","14_Monthly_landings_Newport.pdf","Salmon, pink","landings","0","0","0","0","0","5","0","0","64","0","0","0","69",""
"2010","14_Monthly_landings_Newport.pdf","Sanddab, Pacific","landings","0","0","0","0","942","944","20","1189","0","0","0","0","3095",""
"2010","14_Monthly_landings_Newport.pdf","Sardine, Pacific","landings","0","0","0","0","0","13","1749","0","0","0","0","0","1762",""
"2010","14_Monthly_landings_Newport.pdf","Shad, American","landings","0","0","0","0","0","254","126","0","0","0","0","0","380",""
"2010","14_Monthly_landings_Newport.pdf","Shark, Pacific sleeper","landings","0","0","0","0","0","9","0","0","0","0","0","0","9",""
"2010","14_Monthly_landings_Newport.pdf","Shark, spiny dogfish","landings","6","0","16","0","0","3715","305","0","0","0","0","0","4042",""
"2010","14_Monthly_landings_Newport.pdf","Shark, other sp","landings","0","0","0","0","0","523","204","0","0","0","0","0","727",""
"2010","14_Monthly_landings_Newport.pdf","Skates and rays","landings","44003","90262","84514","56385","58098","126882","97871","70019","30648","38556","27944","20917","746099",""
"2010","14_Monthly_landings_Newport.pdf","Skilfish","landings","0","0","0","0","0","0","0","70","0","0","0","0","70",""
"2010","14_Monthly_landings_Newport.pdf","Sole, curlfin (turbot)","landings","0","0","0","0","0","75","29","6","0","0","0","0","110",""
"2010","14_Monthly_landings_Newport.pdf","Sole, Dover","landings","204859","342025","450563","520937","291919","182636","274573","261444","201148","289871","306530","258943","3585448",""
"2010","14_Monthly_landings_Newport.pdf","Sole, English","landings","2948","6754","3585","180","1692","4845","30681","25885","4","4","37","61","76676",""
"2010","14_Monthly_landings_Newport.pdf","Sole..petrale.........","landings","CHECK","CHECK","CHECK","CHECK","CHECK","CHECK","CHECK","CHECK","CHECK","CHECK","CHECK","CHECK","CHECK","CHECK"
"2010","14_Monthly_landings_Newport.pdf","Sole, rex","landings","8287","10865","6884","7578","97248246",NA,"11631","17376","12542","15011","8870","7695124709","","CHECK"
"2010","14_Monthly_landings_Newport.pdf","Sole, rock","landings","0","0","0","0","0307",NA,"751","124","0","0","0","01182","","CHECK"
"2010","14_Monthly_landings_Newport.pdf","Sole, sand","landings","0","0","0","0","084",NA,"56","0","0","0","0","0140","","CHECK"
"2010","14_Monthly_landings_Newport.pdf","Sole, slender","landings","0","0","0","0","07",NA,"9","0","0","0","0","016","","CHECK"
"2010","14_Monthly_landings_Newport.pdf","Surfperch spp","landings","0","0","0","0","00",NA,"0","0","0","0","10","010","","CHECK"
"2010","14_Monthly_landings_Newport.pdf","Tuna, bluefin","landings","0","0","0","0","00",NA,"11","0","0","0","0","011","","CHECK"
"2010","14_Monthly_landings_Newport.pdf","Tuna, albacore","landings","0","0","0","0","026958",NA,"2146179","1847255","854739","191588","0","05066719","","CHECK"
"2010","14_Monthly_landings_Newport.pdf","Whiting, Pac (hake)","landings","0","0","0","0","0  19261359",NA,"9294278","0","0","0","0","0  28555637","","CHECK"
"2010","14_Monthly_landings_Newport.pdf","Wolf-eel","landings","0","0","0","20","200",NA,"0","0","0","0","0","040","","CHECK"
"2010","14_Monthly_landings_Newport.pdf","CRUSTACEANS:","landings",NA,NA,NA,NA,"",NA,NA,NA,NA,NA,NA,"","","CHECK"
"2010","14_Monthly_landings_Newport.pdf","Crab, Dungeness bay","landings","0","0","0","0","00",NA,"0","0","193","531","63","19806","","CHECK"
"2010","14_Monthly_landings_Newport.pdf","Crab, Dungeness ocean","landings","792475","225593","142926","73521","7218529621",NA,"18406","12309","0","1036","483","51998866568441","","CHECK"
"2010","14_Monthly_landings_Newport.pdf","Crab, rock","landings","27","80","25","120","060",NA,"229","886","881","662","541","1543665","","CHECK"
"2010","14_Monthly_landings_Newport.pdf","Shrimp, ghost","landings","0","0","0","0","00",NA,"0","0","0","0","0","3232","","CHECK"
"2010","14_Monthly_landings_Newport.pdf","Shrimp, pink","landings","0","0","0","10686","12400271278762",NA,"1028976","1508607","1129459","419290","0","06615807","","CHECK"
"2010","14_Monthly_landings_Newport.pdf","Shrimp, spot","landings","0","0","0","0","00",NA,"40","52","0","0","0","092","","CHECK"
"2010","14_Monthly_landings_Newport.pdf","MOLLUSKS:","landings",NA,NA,NA,NA,"",NA,NA,NA,NA,NA,NA,"","","CHECK"
"2010","14_Monthly_landings_Newport.pdf","Clams, butter","landings","0","0","0","0","00",NA,"37","18","0","0","0","055","","CHECK"
"2010","14_Monthly_landings_Newport.pdf","Clams, cockle","landings","0","0","0","0","00",NA,"183","276","0","0","0","5451004","","CHECK"
"2010","14_Monthly_landings_Newport.pdf","Clams, gaper","landings","0","0","0","0","00",NA,"0","74","0","0","0","074","","CHECK"
"2010","14_Monthly_landings_Newport.pdf","Clams, Nat Littleneck","landings","0","0","0","0","00",NA,"23","0","0","0","0","023","","CHECK"
"2010","14_Monthly_landings_Newport.pdf","Mussels, ocean","landings","0","0","0","270","00",NA,"0","0","0","275","0","0545","","CHECK"
"2010","14_Monthly_landings_Newport.pdf","Octopus","landings","140","0","80","70","9572",NA,"0","15","0","0","0","0472","","CHECK"
"2010","14_Monthly_landings_Newport.pdf","Squid, Market","landings","0","0","0","0","09",NA,"0","0","0","0","0","09","","CHECK"
"2010","14_Monthly_landings_Newport.pdf","Squid, other sp","landings","0","0","0","0","01410",NA,"13","0","21113","44226","6894","90574561","","CHECK"
"2010","14_Monthly_landings_Newport.pdf","OTHER INVERTEBRATES:","landings",NA,NA,NA,NA,"",NA,NA,NA,NA,NA,NA,"","","CHECK"
"2010","14_Monthly_landings_Newport.pdf","Jellyfish","landings","0","0","0","0","02",NA,"0","0","0","0","0","02","","CHECK"
"2010","14_Monthly_landings_Newport.pdf","Sea anemone","landings","0","0","0","0","020",NA,"2","0","0","0","0","022","","CHECK"
"2010","14_Monthly_landings_Newport.pdf","Sea stars","landings","0","0","0","0","012",NA,"5","41","32","91","32","0213","","CHECK"
"2010","15_Monthly_landings_Walport.pdf","Crab..Dungeness.bay...","landings","CHECK","CHECK","CHECK","CHECK","CHECK","CHECK","CHECK","CHECK","CHECK","CHECK","CHECK","CHECK","CHECK","CHECK"
"2010","15_Monthly_landings_Walport.pdf","Crab, Dungeness ocean","landings","0","0","0","0","0","0","0","0","0","0","0","156","156",""
"2010","15_Monthly_landings_Walport.pdf","Shrimp, ghost","landings","385","537","515","537","346","800","627","357","1881","5252","3236","2519","16992",""
"2010","15_Monthly_landings_Walport.pdf","MOLLUSKS:","landings",NA,NA,NA,NA,NA,NA,NA,NA,NA,NA,NA,NA,NA,""
"2010","15_Monthly_landings_Walport.pdf","Octopus","landings","0","0","0","0","0","0","0","0","0","0","0","65","65",""
"2010","15A_Monthly_landings_Yachats.pdf","CHECK","landings",NA,NA,NA,NA,NA,NA,NA,NA,NA,NA,NA,NA,NA,NA
"2010","16_Montly_landings_Florence.pdf","Halibut..Pacific......","landings","CHECK","CHECK","CHECK","CHECK","CHECK","CHECK","CHECK","CHECK","CHECK","CHECK","CHECK","CHECK","CHECK","CHECK"
"2010","16_Montly_landings_Florence.pdf","Sablefish","landings","0","0","0","0","0","523","304","0","0","0","0","0","827",""
"2010","16_Montly_landings_Florence.pdf","Salmon, coho","landings","0","0","0","0","0","0","0","0","1120","0","0","0","1120",""
"2010","16_Montly_landings_Florence.pdf","Tuna, bluefin","landings","0","0","0","0","0","0","0","0","18","0","0","0","18",""
"2010","16_Montly_landings_Florence.pdf","Tuna, albacore","landings","0","0","0","0","0","0","7409","9136","7457","0","0","0","24002",""
"2010","16_Montly_landings_Florence.pdf","CRUSTACEANS:","landings",NA,NA,NA,NA,NA,NA,NA,NA,NA,NA,NA,NA,NA,""
"2010","16_Montly_landings_Florence.pdf","Crab, Dungeness bay","landings","0","0","0","0","0","0","0","0","65","0","0","0","65",""
"2010","16_Montly_landings_Florence.pdf","Crab, Dungeness ocean","landings","372","1087","695","1568","2397","1848","2462","1637","0","0","0","0","12066",""
"2010","16_Montly_landings_Florence.pdf","Shrimp, ghost","landings","14","28","80","64","76","720","88","32","14","16","0","0","1132",""
"2010","16_Montly_landings_Florence.pdf","MOLLUSKS:","landings",NA,NA,NA,NA,NA,NA,NA,NA,NA,NA,NA,NA,NA,""
"2010","16_Montly_landings_Florence.pdf","Clams, cockle","landings","0","0","0","0","0","0","0","0","0","0","1725","0","1725",""
"2010","17_Monthly_landings_Winchester_Bay.pdf","Flounder..arrowtooth..","landings","CHECK","CHECK","CHECK","CHECK","CHECK","CHECK","CHECK","CHECK","CHECK","CHECK","CHECK","CHECK","CHECK","CHECK"
"2010","17_Monthly_landings_Winchester_Bay.pdf","Halibut, Pacific","landings","0","0","0","0","0","8758","620","0","0","0","0","0","9378",""
"2010","17_Monthly_landings_Winchester_Bay.pdf","Herring, Pacific","landings","0","0","0","0","0","6500","7500","1300","0","0","0","0","15300",""
"2010","17_Monthly_landings_Winchester_Bay.pdf","Lingcod","landings","0","0","0","0","0","40","30","0","0","0","0","0","70",""
"2010","17_Monthly_landings_Winchester_Bay.pdf","Rockfish, darkblotched","landings","0","0","0","0","0","0","18","0","0","0","0","0","18",""
"2010","17_Monthly_landings_Winchester_Bay.pdf","Rockfish, Slope","landings","0","0","0","0","0","0","74","0","0","0","0","0","74",""
"2010","17_Monthly_landings_Winchester_Bay.pdf","Thornyhead, shortspine","landings","0","0","0","0","0","0","8","0","0","0","0","0","8",""
"2010","17_Monthly_landings_Winchester_Bay.pdf","Sablefish","landings","0","0","0","0","0","14202","31745","239","2923","24061","0","0","73170",""
"2010","17_Monthly_landings_Winchester_Bay.pdf","Salmon, coho","landings","0","0","0","0","0","0","0","0","2477","0","0","0","2477",""
"2010","17_Monthly_landings_Winchester_Bay.pdf","Skates and rays","landings","0","0","0","0","0","0","0","0","86","0","0","0","86",""
"2010","17_Monthly_landings_Winchester_Bay.pdf","Smelt, other sp","landings","0","0","0","0","0","0","20","0","0","0","0","0","20",""
"2010","17_Monthly_landings_Winchester_Bay.pdf","Sole, Dover","landings","0","0","0","0","0","0","15","0","0","0","0","0","15",""
"2010","17_Monthly_landings_Winchester_Bay.pdf","Tuna, albacore","landings","0","0","0","0","0","0","26718","28295","26362","1865","5117","0","88357",""
"2010","17_Monthly_landings_Winchester_Bay.pdf","CRUSTACEANS:","landings",NA,NA,NA,NA,NA,NA,NA,NA,NA,NA,NA,NA,NA,""
"2010","17_Monthly_landings_Winchester_Bay.pdf","Crab, Dungeness bay","landings","0","0","0","0","0","0","0","0","0","128","71","0","199",""
"2010","17_Monthly_landings_Winchester_Bay.pdf","Crab, Dungeness ocean","landings","90691","14093","11960","9552","4796","2213","5323","6357","0","0","0","59557","204542",""
"2010","17_Monthly_landings_Winchester_Bay.pdf","Shrimp, ghost","landings","0","0","0","0","0","96","0","0","0","0","0","0","96",""
"2010","18_Monthly_landings_Charleston.pdf","Cabezon...............","landings","CHECK","CHECK","CHECK","CHECK","CHECK","CHECK","CHECK","CHECK","CHECK","CHECK","CHECK","CHECK","CHECK","CHECK"
"2010","18_Monthly_landings_Charleston.pdf","Cod, Pacific","landings","0","0","0","0","35","11","13","5","4","8","0","0","76",""
"2010","18_Monthly_landings_Charleston.pdf","Flounder, arrowtooth","landings","31541","24400","65611","33822","21714","18270","18390","27115","23659","50202","39330","8048","362102",""
"2010","18_Monthly_landings_Charleston.pdf","Flounder, starry","landings","0","0","0","0","0","5","0","0","248","5","0","0","258",""
"2010","18_Monthly_landings_Charleston.pdf","Greenling sp","landings","0","0","20","40","9","25","3","2","0","0","0","0","99",""
"2010","18_Monthly_landings_Charleston.pdf","Grenadier, Pacific","landings","1018","1420","3590","4041","7629","13041","2017","25835","15812","4188","3108","511","82210",""
"2010","18_Monthly_landings_Charleston.pdf","Hagfish sp","landings","51876","41131","44282","11089","7673","20460","10016","62461","59316","79711","42298","38343","468656",""
"2010","18_Monthly_landings_Charleston.pdf","Halibut, Pacific","landings","0","0","0","0","0","19132","7913","1304","0","0","0","0","28349",""
"2010","18_Monthly_landings_Charleston.pdf","Yellowtail","landings","0","0","0","0","0","0","0","17","19","0","0","0","36",""
"2010","18_Monthly_landings_Charleston.pdf","Lamprey, Pacific","landings","0","0","0","0","0","3","0","0","0","0","0","0","3",""
"2010","18_Monthly_landings_Charleston.pdf","Lingcod","landings","2265","2472","5525","349","4566","6177","3999","3920","2559","2911","1069","231","36043",""
"2010","18_Monthly_landings_Charleston.pdf","Mackerel, jack","landings","0","0","0","0","0","9","4","0","0","0","0","0","13",""
"2010","18_Monthly_landings_Charleston.pdf","Mackerel, Pacific","landings","0","0","0","0","0","0","8","0","0","0","0","0","8",""
"2010","18_Monthly_landings_Charleston.pdf","Pacific Ocean perch","landings","257","54","587","11","50","126","65","80","64","244","159","147","1844",""
"2010","18_Monthly_landings_Charleston.pdf","Rockfish, black","landings","0","0","140","737","339","790","285","545","432","0","0","6","3274",""
"2010","18_Monthly_landings_Charleston.pdf","Rockfish, blue","landings","0","0","0","36","0","0","8","0","110","0","0","1","155",""
"2010","18_Monthly_landings_Charleston.pdf","Rockfish, canary","landings","0","0","0","0","11","175","288","716","12","74","404","0","1680",""
"2010","18_Monthly_landings_Charleston.pdf","Rockfish, china","landings","0","0","57","19","21","2","0","0","0","0","0","0","99",""
"2010","18_Monthly_landings_Charleston.pdf","Rockfish, copper","landings","0","0","4","74","15","7","4","0","0","0","0","0","104",""
"2010","18_Monthly_landings_Charleston.pdf","Rockfish, darkblotched","landings","11726","2563","12897","2155","1425","3339","3271","1036","1415","5865","4210","538","50440",""
"2010","18_Monthly_landings_Charleston.pdf","Rockfish, quillback","landings","0","0","54","29","0","10","0","0","0","0","0","0","93",""
"2010","18_Monthly_landings_Charleston.pdf","Rockfish, vermillion","landings","0","0","36","58","5","0","23","0","14","0","0","0","136",""
"2010","18_Monthly_landings_Charleston.pdf","Rockfish, widow","landings","0","9","0","6","0","2373","1811","47","0","10","0","0","4256",""
"2010","18_Monthly_landings_Charleston.pdf","Rockfish, yelloweye","landings","0","3","0","0","5","0","18","290","0","0","0","0","316",""
"2010","18_Monthly_landings_Charleston.pdf","Rockfish, yellowtail","landings","0","0","0","57","164","583","223","2974","48","0","0","0","4049",""
"2010","18_Monthly_landings_Charleston.pdf","Rockfish, Shelf","landings","0","2","66","73","633","341","596","1894","52","30","4","0","3691",""
"2010","18_Monthly_landings_Charleston.pdf","Rockfish, Slope","landings","1077","399","1333","2705","2129","2107","1190","1716","2089","1807","1842","682","19076",""
"2010","18_Monthly_landings_Charleston.pdf","Thornyhead, longspine","landings","51003","55043","54504","68460","41916","33701","14181","46424","23880","45962","45271","24539","504884",""
"2010","18_Monthly_landings_Charleston.pdf","Thornyhead, shortspine","landings","35255","25332","22916","41462","31061","23115","17452","32262","25478","40416","31249","18081","344079",""
"2010","18_Monthly_landings_Charleston.pdf","Sablefish","landings","77735","60897","82186","214264","110746","198859","113668","148111","128294","152029","95460","69077","1451326",""
"2010","18_Monthly_landings_Charleston.pdf","Salmon, chinook","landings","0","0","0","0","0","50","0","0","0","0","0","0","50",""
"2010","18_Monthly_landings_Charleston.pdf","Salmon, coho","landings","0","0","0","0","0","0","3","0","1737","0","0","0","1740",""
"2010","18_Monthly_landings_Charleston.pdf","Sanddab, Pacific","landings","0","0","0","5177","19275","9642","17797","30904","11608","5696","844","0","100943",""
"2010","18_Monthly_landings_Charleston.pdf","Sardine, Pacific","landings","0","0","0","0","0","1","0","0","0","0","0","0","1",""
"2010","18_Monthly_landings_Charleston.pdf","Shad, American","landings","0","0","0","0","0","133","4","0","0","0","0","0","137",""
"2010","18_Monthly_landings_Charleston.pdf","Shark, blue","landings","0","0","0","0","0","27","0","0","0","0","0","0","27",""
"2010","18_Monthly_landings_Charleston.pdf","Shark, shortfin mako","landings","0","0","0","0","0","0","0","0","60","0","0","0","60",""
"2010","18_Monthly_landings_Charleston.pdf","Shark, spiny dogfish","landings","694","0","0","0","0","2421","670","0","0","0","0","0","3785",""
"2010","18_Monthly_landings_Charleston.pdf","Shark, other sp","landings","0","0","0","0","0","189","195","0","0","0","0","0","384",""
"2010","18_Monthly_landings_Charleston.pdf","Skates and rays","landings","40557","37613","79212","36045","36954","62192","56848","53802","36118","48492","21531","9755","519119",""
"2010","18_Monthly_landings_Charleston.pdf","Sole, butter","landings","0","0","0","0","0","0","0","0","89","0","0","0","89",""
"2010","18_Monthly_landings_Charleston.pdf","Sole, curlfin (turbot)","landings","0","0","0","23","0","0","0","0","83","69","0","0","175",""
"2010","18_Monthly_landings_Charleston.pdf","Sole, Dover","landings","426896","434831","581087","513676","155049","266286","255768","285567","224559","395818","315370","215645","4070552",""
"2010","18_Monthly_landings_Charleston.pdf","Sole, English","landings","8863","4517","22083","1374","5540","11578","8375","6687","2566","2438","2175","0","76196",""
"2010","18_Monthly_landings_Charleston.pdf","Sole, flathead","landings","0","0","0","0","0","2","0","0","0","0","0","0","2",""
"2010","18_Monthly_landings_Charleston.pdf","Sole, petrale","landings","239806","78182","101227","7454","30597","47904","37523","35927","3576","13447","9810","7314","612767",""
"2010","18_Monthly_landings_Charleston.pdf","Sole, rex","landings","34340","12282","27748","25039","12742","21492","19233","30577","28734","33766","16235","16774","278962",""
"2010","18_Monthly_landings_Charleston.pdf","Sole..rock............","landings","CHECK","CHECK","CHECK","CHECK","CHECK","CHECK","CHECK","CHECK","CHECK","CHECK","CHECK","CHECK","CHECK","CHECK"
"2010","18_Monthly_landings_Charleston.pdf","Sole, sand","landings","0","0","0","16","0","2","0","0","1103","113","0","0","1234",""
"2010","18_Monthly_landings_Charleston.pdf","Sole, slender","landings","0","0","0","0","0","3","2","0","0","0","0","0","5",""
"2010","18_Monthly_landings_Charleston.pdf","Sturgeon, green","landings","0","0","0","0","0","99","0","0","0","0","0","0","99",""
"2010","18_Monthly_landings_Charleston.pdf","Surfperch spp","landings","0","33","0","44","0","0","0","0","0","0","0","0","77",""
"2010","18_Monthly_landings_Charleston.pdf","Tuna, bluefin","landings","0","0","0","0","0","0","0","16","0","0","0","0","16",""
"2010","18_Monthly_landings_Charleston.pdf","Tuna, albacore","landings","0","0","0","0","0","16052","689231","925272","300505","77058","37329","0","2045447",""
"2010","18_Monthly_landings_Charleston.pdf","Whiting, Pac (hake)","landings","0","0","0","0","0","2456887","1088386","0","0","0","0","0","3545273",""
"2010","18_Monthly_landings_Charleston.pdf","Wolf-eel","landings","0","0","0","0","0","0","12","0","0","22","0","0","34",""
"2010","18_Monthly_landings_Charleston.pdf","CRUSTACEANS:","landings",NA,NA,NA,NA,NA,NA,NA,NA,NA,NA,NA,NA,NA,""
"2010","18_Monthly_landings_Charleston.pdf","Crab, Dungeness bay","landings","0","0","0","0","0","0","0","0","870","4173","5698","0","10741",""
"2010","18_Monthly_landings_Charleston.pdf","Crab, Dungeness ocean","landings","566602","113794","85969","23557","22380","12789","9908","11079","0","1071","0","5321509","6168658",""
"2010","18_Monthly_landings_Charleston.pdf","Shrimp, ghost","landings","425","250","345","440","1410","1065","1377","1267","1142","555","192","126","8594",""
"2010","18_Monthly_landings_Charleston.pdf","Shrimp, pink","landings","0","0","0","36057","1532776","1378587","1500270","2024708","2316137","1045339","0","0","9833874",""
"2010","18_Monthly_landings_Charleston.pdf","Shrimp, spot","landings","0","0","0","0","0","0","181","1392","631","1059","1344","0","4607",""
"2010","18_Monthly_landings_Charleston.pdf","MOLLUSKS:","landings",NA,NA,NA,NA,NA,NA,NA,NA,NA,NA,NA,NA,NA,""
"2010","18_Monthly_landings_Charleston.pdf","Clams, butter","landings","0","0","0","20","0","0","0","0","0","0","0","548","568",""
"2010","18_Monthly_landings_Charleston.pdf","Clams, cockle","landings","3836","1453","4926","6832","878","0","0","0","3029","0","3409","1390","25753",""
"2010","18_Monthly_landings_Charleston.pdf","Clams, gaper","landings","0","0","0","0","0","0","6","0","0","0","119","688","813",""
"2010","18_Monthly_landings_Charleston.pdf","Octopus","landings","0","0","87","65","0","14","147","49","0","0","0","0","362",""
"2010","18_Monthly_landings_Charleston.pdf","Squid, Market","landings","0","0","0","0","0","42","0","0","0","112","0","0","154",""
"2010","18_Monthly_landings_Charleston.pdf","Squid, other sp","landings","0","0","0","0","0","159","1377","289","3420","8000","1988","2985","18218",""
"2010","18_Monthly_landings_Charleston.pdf","OTHER INVERTEBRATES:","landings",NA,NA,NA,NA,NA,NA,NA,NA,NA,NA,NA,NA,NA,""
"2010","18_Monthly_landings_Charleston.pdf","Sea anemone","landings","0","0","0","0","0","43","22","0","0","0","0","0","65",""
"2010","18_Monthly_landings_Charleston.pdf","Sea urchin, red","landings","0","0","0","0","0","4904","0","0","0","0","0","0","4904",""
"2010","19_Monthly_landings_Bandon.pdf","Cabezon...............","landings","CHECK","CHECK","CHECK","CHECK","CHECK","CHECK","CHECK","CHECK","CHECK","CHECK","CHECK","CHECK","CHECK","CHECK"
"2010","19_Monthly_landings_Bandon.pdf","Halibut, Pacific","landings","0","0","0","0","0","777","0","0","0","0","0","0","777",""
"2010","19_Monthly_landings_Bandon.pdf","Lingcod","landings","0","0","0","0","0","45","0","0","0","0","0","0","45",""
"2010","19_Monthly_landings_Bandon.pdf","Rockfish, black","landings","0","0","0","0","0","136","0","49","0","0","0","0","185",""
"2010","19_Monthly_landings_Bandon.pdf","Tuna, albacore","landings","0","0","0","0","0","0","0","2280","543","0","0","0","2823",""
"2010","19_Monthly_landings_Bandon.pdf","CRUSTACEANS:","landings",NA,NA,NA,NA,NA,NA,NA,NA,NA,NA,NA,NA,NA,""
"2010","19_Monthly_landings_Bandon.pdf","Crab, Dungeness bay","landings","0","0","0","0","0","0","0","0","133","22","320","0","475",""
"2010","20_Monthly_landings_Port_Orford.pdf","Cabezon...............","landings","CHECK","CHECK","CHECK","CHECK","CHECK","CHECK","CHECK","CHECK","CHECK","CHECK","CHECK","CHECK","CHECK","CHECK"
"2010","20_Monthly_landings_Port_Orford.pdf","Flounder, arrowtooth","landings","34","79","206","524","1896","310","150","302","596","385","36","0","4518",""
"2010","20_Monthly_landings_Port_Orford.pdf","Greenling sp","landings","8516","1767","3376","2291","3808","1840","1366","2266","2132","776","452","177","28767",""
"2010","20_Monthly_landings_Port_Orford.pdf","Halibut, Pacific","landings","0","0","0","0","0","4262","8071","0","0","0","0","0","12333",""
"2010","20_Monthly_landings_Port_Orford.pdf","Lingcod","landings","0","0","0","0","8861","5527","2947","5002","5101","4832","2757","0","35027",""
"2010","20_Monthly_landings_Port_Orford.pdf","Ratfish","landings","0","2","0","0","0","0","0","0","0","0","0","0","2",""
"2010","20_Monthly_landings_Port_Orford.pdf","Pacific Ocean perch","landings","5","0","9","0","18","10","52","275","185","36","6","0","596",""
"2010","20_Monthly_landings_Port_Orford.pdf","Rockfish, black","landings","15692","4153","11410","10767","16334","19760","12116","16388","13908","3916","268","246","124958",""
"2010","20_Monthly_landings_Port_Orford.pdf","Rockfish, black&yellow","landings","4","0","2","0","4","3","3","1","2","3","0","0","22",""
"2010","20_Monthly_landings_Port_Orford.pdf","Rockfish, blue","landings","15","70","37","85","53","312","136","916","1187","111","0","0","2922",""
"2010","20_Monthly_landings_Port_Orford.pdf","Rockfish, brown","landings","0","0","0","14","3","23","0","11","0","0","0","0","51",""
"2010","20_Monthly_landings_Port_Orford.pdf","Rockfish, china","landings","1302","450","598","612","1591","2322","1217","2468","2393","845","328","34","14160",""
"2010","20_Monthly_landings_Port_Orford.pdf","Rockfish, copper","landings","191","61","191","298","426","358","222","438","215","80","21","0","2501",""
"2010","20_Monthly_landings_Port_Orford.pdf","Rockfish, darkblotched","landings","345","108","908","481","888","194","820","3206","4250","396","97","0","11693",""
"2010","20_Monthly_landings_Port_Orford.pdf","Rockfish, Gopher","landings","7","2","3","7","6","16","2","31","18","0","2","0","94",""
"2010","20_Monthly_landings_Port_Orford.pdf","Rockfish, grass","landings","3","0","18","10","8","9","8","4","6","22","0","0","88",""
"2010","20_Monthly_landings_Port_Orford.pdf","Rockfish, quillback","landings","161","72","350","355","449","395","320","694","222","129","38","3","3188",""
"2010","20_Monthly_landings_Port_Orford.pdf","Rockfish, Olive","landings","0","0","0","0","0","0","0","4","0","0","0","0","4",""
"2010","20_Monthly_landings_Port_Orford.pdf","Rockfish, tiger","landings","15","8","10","9","19","42","10","21","22","20","6","0","182",""
"2010","20_Monthly_landings_Port_Orford.pdf","Rockfish, vermillion","landings","695","136","452","660","809","1126","362","1367","1259","473","123","20","7482",""
"2010","20_Monthly_landings_Port_Orford.pdf","Rockfish, widow","landings","0","0","0","0","0","5","0","4","0","0","0","0","9",""
"2010","20_Monthly_landings_Port_Orford.pdf","Rockfish, yellowtail","landings","9","1","3","19","18","90","24","72","51","37","4","0","328",""
"2010","20_Monthly_landings_Port_Orford.pdf","Rockfish, Shelf","landings","0","2","1","0","5","107","1161","6","276","4","1","0","1563",""
"2010","20_Monthly_landings_Port_Orford.pdf","Rockfish, Slope","landings","1512","851","1621","2199","2648","2625","2026","722","1981","338","1079","3","17605",""
"2010","20_Monthly_landings_Port_Orford.pdf","Thornyhead, shortspine","landings","66","15","15","37","80","119","32","11","26","6","8","0","415",""
"2010","20_Monthly_landings_Port_Orford.pdf","Sablefish","landings","12470","27890","35184","62293","90635","84716","72748","84492","110141","23201","51081","2254","657105",""
"2010","20_Monthly_landings_Port_Orford.pdf","Salmon, chinook","landings","0","0","0","0","0","0","0","0","0","5255","0","0","5255",""
"2010","20_Monthly_landings_Port_Orford.pdf","Salmon, coho","landings","0","0","0","0","0","0","0","0","66","0","0","0","66",""
"2010","20_Monthly_landings_Port_Orford.pdf","Shark, spiny dogfish","landings","111","30","0","7","10","80","0","0","0","0","3845","0","4083",""
"2010","20_Monthly_landings_Port_Orford.pdf","Shark, other sp","landings","0","0","0","0","0","9","0","0","0","0","0","0","9",""
"2010","20_Monthly_landings_Port_Orford.pdf","Skates and rays","landings","0","0","0","0","176","269","654","765","1425","334","695","0","4318",""
"2010","20_Monthly_landings_Port_Orford.pdf","Sole, Dover","landings","17","7","78","98","178","171","223","179","219","62","44","8","1284",""
"2010","20_Monthly_landings_Port_Orford.pdf","Sole, petrale","landings","11","3","13","2","0","4","20","0","7","0","3","0","63",""
"2010","20_Monthly_landings_Port_Orford.pdf","Sole, sand","landings","0","0","3","0","0","0","0","0","0","0","0","0","3",""
"2010","20_Monthly_landings_Port_Orford.pdf","Tuna, albacore","landings","0","0","0","0","0","0","9678","9846","7214","0","0","0","26738",""
"2010","20_Monthly_landings_Port_Orford.pdf","Wolf-eel","landings","0","0","0","0","0","0","0","7","0","0","0","0","7",""
"2010","20_Monthly_landings_Port_Orford.pdf","CRUSTACEANS:","landings",NA,NA,NA,NA,NA,NA,NA,NA,NA,NA,NA,NA,NA,""
"2010","20_Monthly_landings_Port_Orford.pdf","Crab, Dungeness ocean","landings","103609","24916","25815","10994","12323","15599","20795","10321","0","1515","1262","814664","1041813",""
"2010","20_Monthly_landings_Port_Orford.pdf","Shrimp, spot","landings","0","0","0","0","0","0","0","0","730","543","0","0","1273",""
"2010","20_Monthly_landings_Port_Orford.pdf","MOLLUSKS:","landings",NA,NA,NA,NA,NA,NA,NA,NA,NA,NA,NA,NA,NA,""
"2010","20_Monthly_landings_Port_Orford.pdf","Octopus","landings","115","138","189","15","23","66","69","40","0","45","0","249","949",""
"2010","20_Monthly_landings_Port_Orford.pdf","Squid, other sp","landings","0","0","0","0","0","0","0","45","0","0","0","0","45",""
"2010","20_Monthly_landings_Port_Orford.pdf","OTHER INVERTEBRATES:","landings",NA,NA,NA,NA,NA,NA,NA,NA,NA,NA,NA,NA,NA,""
"2010","20_Monthly_landings_Port_Orford.pdf","Sea urchin, red","landings","62244","37339","74065","77826","58038","1251","0","0","0","51189","54864","77400","494216",""
"2010","21_Monthly_landings_Gold_Beach.pdf","Cabezon...............","landings","CHECK","CHECK","CHECK","CHECK","CHECK","CHECK","CHECK","CHECK","CHECK","CHECK","CHECK","CHECK","CHECK","CHECK"
"2010","21_Monthly_landings_Gold_Beach.pdf","Greenling sp","landings","2196","630","1105","1160","1446","941","1198","733","1059","92","19","240","10819",""
"2010","21_Monthly_landings_Gold_Beach.pdf","Lingcod","landings","0","0","0","0","2501","1943","699","822","1364","72","23","0","7424",""
"2010","21_Monthly_landings_Gold_Beach.pdf","Rockfish, black","landings","2614","701","1090","6290","7359","10036","9336","7984","7327","1140","29","107","54013",""
"2010","21_Monthly_landings_Gold_Beach.pdf","Rockfish, black&yellow","landings","37","0","0","0","0","2","0","0","0","0","0","0","39",""
"2010","21_Monthly_landings_Gold_Beach.pdf","Rockfish, blue","landings","17","0","8","35","12","34","20","43","36","2","0","0","207",""
"2010","21_Monthly_landings_Gold_Beach.pdf","Rockfish, china","landings","278","92","100","128","452","830","158","239","593","31","13","43","2957",""
"2010","21_Monthly_landings_Gold_Beach.pdf","Rockfish, copper","landings","5","0","19","5","61","38","10","21","33","0","0","0","192",""
"2010","21_Monthly_landings_Gold_Beach.pdf","Rockfish, Gopher","landings","2","4","9","1","6","9","0","0","4","1","0","0","36",""
"2010","21_Monthly_landings_Gold_Beach.pdf","Rockfish, grass","landings","0","0","0","0","0","5","10","13","0","0","0","0","28",""
"2010","21_Monthly_landings_Gold_Beach.pdf","Rockfish, quillback","landings","0","0","5","31","60","26","12","7","49","0","0","0","190",""
"2010","21_Monthly_landings_Gold_Beach.pdf","Rockfish, tiger","landings","0","0","0","0","4","22","0","0","3","0","0","0","29",""
"2010","21_Monthly_landings_Gold_Beach.pdf","Rockfish, vermillion","landings","59","40","33","114","190","229","53","106","216","15","0","4","1059",""
"2010","21_Monthly_landings_Gold_Beach.pdf","Rockfish, yellowtail","landings","0","0","1","0","8","51","10","3","18","3","0","0","94",""
"2010","21_Monthly_landings_Gold_Beach.pdf","Salmon, coho","landings","0","0","0","0","0","0","0","0","121","0","0","0","121",""
"2010","21_Monthly_landings_Gold_Beach.pdf","Tuna, albacore","landings","0","0","0","0","0","0","2565","9126","1023","0","0","0","12714",""
"2010","21_Monthly_landings_Gold_Beach.pdf","CRUSTACEANS:","landings",NA,NA,NA,NA,NA,NA,NA,NA,NA,NA,NA,NA,NA,""
"2010","21_Monthly_landings_Gold_Beach.pdf","Crab, Dungeness ocean","landings","741","987","413","1026","1361","1143","552","654","0","0","0","2321","9198",""
"2010","21_Monthly_landings_Gold_Beach.pdf","OTHER INVERTEBRATES:","landings",NA,NA,NA,NA,NA,NA,NA,NA,NA,NA,NA,NA,NA,""
"2010","21_Monthly_landings_Gold_Beach.pdf","Sea urchin, red","landings","0","0","0","0","1603","12871","62893","29919","65408","69342","3552","0","245588",""
"2010","22_Monthly_landings_Brookings.pdf","Cabezon...............","landings","CHECK","CHECK","CHECK","CHECK","CHECK","CHECK","CHECK","CHECK","CHECK","CHECK","CHECK","CHECK","CHECK","CHECK"
"2010","22_Monthly_landings_Brookings.pdf","Flounder, arrowtooth","landings","1122","7","40","3253","3891","3070","1834","510","135","3993","877","2638","21370",""
"2010","22_Monthly_landings_Brookings.pdf","Greenling sp","landings","1324","193","777","527","431","423","690","179","783","0","0","0","5327",""
"2010","22_Monthly_landings_Brookings.pdf","Grenadier, Pacific","landings","0","0","1383","5857","0","1114","0","0","2269","0","1618","840","13081",""
"2010","22_Monthly_landings_Brookings.pdf","Halibut, Pacific","landings","0","0","0","0","0","0","0","646","0","0","0","0","646",""
"2010","22_Monthly_landings_Brookings.pdf","Irish Lord, red","landings","13","0","11","2","8","3","30","7","2","0","0","0","76",""
"2010","22_Monthly_landings_Brookings.pdf","Lingcod","landings","782","355","874","104","1200","2312","1799","1902","2124","464","316","46","12278",""
"2010","22_Monthly_landings_Brookings.pdf","Pacific Ocean perch","landings","3","0","21","1","4","18","13","0","3","0","0","0","63",""
"2010","22_Monthly_landings_Brookings.pdf","Rockfish, black","landings","2992","606","2329","4893","6406","6410","6983","4406","6856","648","27","91","42647",""
"2010","22_Monthly_landings_Brookings.pdf","Rockfish, black&yellow","landings","0","0","3","0","2","0","8","4","7","0","0","0","24",""
"2010","22_Monthly_landings_Brookings.pdf","Rockfish, blue","landings","0","0","0","220","68","4","2","14","6","0","0","0","314",""
"2010","22_Monthly_landings_Brookings.pdf","Rockfish, canary","landings","0","0","0","0","0","70","0","0","0","0","0","0","70",""
"2010","22_Monthly_landings_Brookings.pdf","Rockfish, china","landings","59","2","12","14","26","10","19","48","98","0","22","0","310",""
"2010","22_Monthly_landings_Brookings.pdf","Rockfish, copper","landings","0","0","0","0","3","0","0","44","60","0","9","0","116",""
"2010","22_Monthly_landings_Brookings.pdf","Rockfish, darkblotched","landings","1687","582","1050","589","1330","1660","1056","677","1","487","115","9","9243",""
"2010","22_Monthly_landings_Brookings.pdf","Rockfish, Gopher","landings","2","0","0","0","2","2","8","2","4","0","0","0","20",""
"2010","22_Monthly_landings_Brookings.pdf","Rockfish, grass","landings","13","0","29","4","27","31","78","60","76","0","0","0","318",""
"2010","22_Monthly_landings_Brookings.pdf","Rockfish, quillback","landings","0","0","0","0","0","0","0","24","18","0","0","0","42",""
"2010","22_Monthly_landings_Brookings.pdf","Rockfish, vermillion","landings","5","0","0","3","16","4","0","34","78","0","20","0","160",""
"2010","22_Monthly_landings_Brookings.pdf","Rockfish, widow","landings","0","0","13","0","0","3","0","0","0","0","0","0","16",""
"2010","22_Monthly_landings_Brookings.pdf","Rockfish, yelloweye","landings","0","0","0","0","0","0","0","27","0","0","0","0","27",""
"2010","22_Monthly_landings_Brookings.pdf","Rockfish, yellowtail","landings","0","0","0","10","0","60","0","5","0","0","0","0","75",""
"2010","22_Monthly_landings_Brookings.pdf","Rockfish, Shelf","landings","0","0","0","0","7","0","0","0","1","0","0","0","8",""
"2010","22_Monthly_landings_Brookings.pdf","Rockfish, Slope","landings","467","150","590","390","197","456","513","501","503","336","638","389","5130",""
"2010","22_Monthly_landings_Brookings.pdf","Thornyhead, longspine","landings","39925","997","14230","8231","12027","23207","9773","10212","17969","9227","5075","1258","152131",""
"2010","22_Monthly_landings_Brookings.pdf","Thornyhead, shortspine","landings","13753","3179","2051","10292","12213","19210","11642","9114","13758","8023","12312","3169","118716",""
"2010","22_Monthly_landings_Brookings.pdf","Sablefish","landings","45827","12405","19194","38516","38858","62504","70193","78911","57073","42783","31652","18796","516712",""
"2010","22_Monthly_landings_Brookings.pdf","Sanddab, Pacific","landings","0","0","0","0","1219","131","407","297","0","0","0","0","2054",""
"2010","22_Monthly_landings_Brookings.pdf","Sculpin, other sp","landings","0","0","3","11","0","3","22","24","7","0","0","0","70",""
"2010","22_Monthly_landings_Brookings.pdf","Skates and rays","landings","1249","3393","0","6609","8816","6845","9608","3014","7531","2114","1566","1655","52400",""
"2010","22_Monthly_landings_Brookings.pdf","Sole, Dover","landings","245214","85042","79915","145916","119206","206296","215551","100332","182387","94871","62892","40378","1578000",""
"2010","22_Monthly_landings_Brookings.pdf","Sole, English","landings","818","184","1902","38","167","1058","1716","1651","0","132","25","19","7710",""
"2010","22_Monthly_landings_Brookings.pdf","Sole, petrale","landings","87510","21948","21092","4529","798","15368","4684","8261","85","2157","1679","2487","170598",""
"2010","22_Monthly_landings_Brookings.pdf","Sole, rex","landings","14115","4996","2391","4933","6003","11032","8054","5181","7675","7343","3842","3128","78693",""
"2010","22_Monthly_landings_Brookings.pdf","Tuna, albacore","landings","0","0","0","0","0","1818","11991","25441","2038","3448","0","0","44736",""
"2010","22_Monthly_landings_Brookings.pdf","CRUSTACEANS:","landings",NA,NA,NA,NA,NA,NA,NA,NA,NA,NA,NA,NA,NA,""
"2010","22_Monthly_landings_Brookings.pdf","Crab, Dungeness ocean","landings","100395","29337","23538","26519","12848","4810","2700","3429","0","0","0","2174774","2378350",""
"2010","22_Monthly_landings_Brookings.pdf","Shrimp, pink","landings","0","0","0","33116","343034","123758","95217","335366","136892","29756","0","0","1097139",""
"2010","22_Monthly_landings_Brookings.pdf","MOLLUSKS:","landings",NA,NA,NA,NA,NA,NA,NA,NA,NA,NA,NA,NA,NA,""
"2010","22_Monthly_landings_Brookings.pdf","Octopus","landings","0","0","40","0","0","0","0","105","0","0","0","0","145",""
