"year","filename","species","type","January","Feburary","March","April","May","June","July","August","September","October","November","December","Total","flag"
"2010","44_Monthly_value_Columbia_River.pdf","Anchovy..northern.....","value","CHECK","CHECK","CHECK","CHECK","CHECK","CHECK","CHECK","CHECK","CHECK","CHECK","CHECK","CHECK","CHECK","CHECK"
"2010","44_Monthly_value_Columbia_River.pdf","Cod, Pacific","value","137","192","144","17852","23504","74974","53916","110561","10267","13624","306","4339","309816",""
"2010","44_Monthly_value_Columbia_River.pdf","Flounder, arrowtooth","value","7998","16972","27726","35104","63950","49554","18320","21552","8912","18945","14080","36016","319129",""
"2010","44_Monthly_value_Columbia_River.pdf","Flounder, starry","value","0","369","308","419","924","2850","926","856","101","3","1","112","6869",""
"2010","44_Monthly_value_Columbia_River.pdf","Grenadier, Pacific","value","0","0","0","46","32","0","0","0","0","0","0","9","87",""
"2010","44_Monthly_value_Columbia_River.pdf","Hagfish sp","value","5319","14850","18034","32598","37392","76617","45251","0","0","0","0","0","230061",""
"2010","44_Monthly_value_Columbia_River.pdf","Halibut, Pacific","value","0","0","0","0","0","79572","49285","14824","0","0","0","0","143681",""
"2010","44_Monthly_value_Columbia_River.pdf","Yellowtail","value","0","0","0","0","0","0","0","44","0","0","0","0","44",""
"2010","44_Monthly_value_Columbia_River.pdf","Lingcod","value","136","35305","7419","360","2611","12165","20163","34176","10719","10944","3024","85412","222434",""
"2010","44_Monthly_value_Columbia_River.pdf","Mackerel, Pacific","value","0","0","0","0","0","0","1153","35","139","0","0","0","1327",""
"2010","44_Monthly_value_Columbia_River.pdf","Pacific Ocean perch","value","450","812","1411","920","3550","1628","100","41","223","4390","4361","10424","28310",""
"2010","44_Monthly_value_Columbia_River.pdf","Rockfish, black","value","0","80","74","101","111","147","17","2","152","0","0","184","868",""
"2010","44_Monthly_value_Columbia_River.pdf","Rockfish, blue","value","0","0","0","0","0","0","2","0","0","0","0","0","2",""
"2010","44_Monthly_value_Columbia_River.pdf","Rockfish, canary","value","2","10","10","18","50","366","1440","730","350","75","0","241","3292",""
"2010","44_Monthly_value_Columbia_River.pdf","Rockfish, darkblotched","value","786","723","1489","3105","6742","2676","601","195","1581","2403","2963","12684","35948",""
"2010","44_Monthly_value_Columbia_River.pdf","Rockfish, quillback","value","0","0","0","0","1","9","3","13","4","6","0","0","36",""
"2010","44_Monthly_value_Columbia_River.pdf","Rockfish, widow","value","24","46","132","14","38","3770","33637","351","5652","10895","746","3130","58435",""
"2010","44_Monthly_value_Columbia_River.pdf","Rockfish, yelloweye","value","0","5","0","0","8","1","10","369","2","15","0","2","412",""
"2010","44_Monthly_value_Columbia_River.pdf","Rockfish, yellowtail","value","108","44","17321","182","815","109881","146486","82651","75839","3149","2041","205771","644288",""
"2010","44_Monthly_value_Columbia_River.pdf","Rockfish, Shelf","value","22","38","186","38","261","3215","2157","1237","987","566","489","2366","11562",""
"2010","44_Monthly_value_Columbia_River.pdf","Rockfish, Slope","value","1002","2353","2622","4411","20824","9368","161","968","1640","9168","8217","14970","75704",""
"2010","44_Monthly_value_Columbia_River.pdf","Thornyhead, longspine","value","6442","14667","5720","14029","19068","19117","42","789","412","1395","2716","14930","99327",""
"2010","44_Monthly_value_Columbia_River.pdf","Thornyhead, shortspine","value","11092","16958","8802","22161","53685","35856","694","9657","4055","18727","19551","50629","251867",""
"2010","44_Monthly_value_Columbia_River.pdf","Sablefish","value","113009","196837","146822","273526","459529","341052","86278","226375","513055","634519","185520","353325","3529847",""
"2010","44_Monthly_value_Columbia_River.pdf","Salmon, chinook","value","0","0","0","0","62864","84126","5621","10469","1278","18240","0","0","182598",""
"2010","44_Monthly_value_Columbia_River.pdf","Salmon, chum","value","0","0","0","0","0","2","0","0","0","0","0","0","2",""
"2010","44_Monthly_value_Columbia_River.pdf","Salmon, coho","value","0","0","0","0","0","0","1985","1439","520","0","0","0","3944",""
"2010","44_Monthly_value_Columbia_River.pdf","Salmon, pink","value","0","0","0","0","0","0","2","5","0","0","0","0","7",""
"2010","44_Monthly_value_Columbia_River.pdf","Sanddab, Pacific","value","573","5274","141","10143","4659","11723","14559","15146","1986","2588","17","3161","69970",""
"2010","44_Monthly_value_Columbia_River.pdf","Sardine, Pacific","value","0","0","0","0","0","0","2347276","317700","624398","0","0","0","3289374",""
"2010","44_Monthly_value_Columbia_River.pdf","Sculpin, other sp","value","0","0","0","2","0","0","0","0","0","0","0","0","2",""
"2010","44_Monthly_value_Columbia_River.pdf","Shad, American","value","0","0","0","0","0","0","45","253","0","0","0","0","298",""
"2010","44_Monthly_value_Columbia_River.pdf","Shark, blue","value","0","0","0","0","0","0","15","0","0","0","0","0","15",""
"2010","44_Monthly_value_Columbia_River.pdf","Shark, soupfin","value","0","0","0","0","0","0","84","0","0","0","0","0","84",""
"2010","44_Monthly_value_Columbia_River.pdf","Shark, spiny dogfish","value","16622","11342","189","328","0","0","14339","29819","1085","2237","0","0","75961",""
"2010","44_Monthly_value_Columbia_River.pdf","Skates and rays","value","10163","26189","16204","28704","60480","92409","62330","50447","25245","34688","13152","35998","456009",""
"2010","44_Monthly_value_Columbia_River.pdf","Sole, butter","value","0","0","0","0","0","0","2","31","2","0","0","0","35",""
"2010","44_Monthly_value_Columbia_River.pdf","Sole, curlfin (turbot)","value","0","0","4","0","0","0","38","51","5","0","0","0","98",""
"2010","44_Monthly_value_Columbia_River.pdf","Sole, deepsea","value","144","198","0","0","285","118","0","0","0","62","63","0","870",""
"2010","44_Monthly_value_Columbia_River.pdf","Sole, Dover","value","123744","165490","216189","353056","338700","157482","117169","131223","93096","159737","126035","389839","2371760",""
"2010","44_Monthly_value_Columbia_River.pdf","Sole, English","value","683","1310","660","2743","4514","4254","12220","11053","3740","4116","1017","5442","51752",""
"2010","44_Monthly_value_Columbia_River.pdf","Sole, flathead","value","0","0","0","16","355","390","269","672","315","285","19","22","2343",""
"2010","44_Monthly_value_Columbia_River.pdf","Sole, petrale","value","101918","131346","57638","21321","27407","58112","90235","120484","55454","87371","43466","220443","1015195",""
"2010","44_Monthly_value_Columbia_River.pdf","Sole, rex","value","2452","3512","2625","4774","16167","16194","26924","18754","10612","15603","4770","10440","132827",""
"2010","44_Monthly_value_Columbia_River.pdf","Sole, rock","value","1","10","0","20","21","10","15","102","19","53","0","3","254",""
"2010","44_Monthly_value_Columbia_River.pdf","Sole, sand","value","0","10536","614","12198","14211","35838","16381","36052","4829","88","378","3353","134478",""
"2010","44_Monthly_value_Columbia_River.pdf","Sole, slender","value","0","0","0","0","0","955","688","250","0","0","0","0","1893",""
"2010","44_Monthly_value_Columbia_River.pdf","Sunfish..ocean........","value","CHECK","CHECK","CHECK","CHECK","CHECK","CHECK","CHECK","CHECK","CHECK","CHECK","CHECK","CHECK","CHECK","CHECK"
"2010","44_Monthly_value_Columbia_River.pdf","Tuna, albacore","value","0","0","0","0","0","0","822516","1974960","1028391","3019581","86029","0","6931477",""
"2010","44_Monthly_value_Columbia_River.pdf","Whiting, Pac (hake)","value","147","96","92","428","1056","1479642","3724792","3776639","1297670","410717","36719","1103","10729101",""
"2010","44_Monthly_value_Columbia_River.pdf","Wolf-eel","value","0","0","0","0","0","0","0","3","0","0","0","0","3",""
"2010","44_Monthly_value_Columbia_River.pdf","Wrymouth, giant","value","0","2","0","0","0","0","9","19","23","31","0","0","84",""
"2010","44_Monthly_value_Columbia_River.pdf","CRUSTACEANS:","value",NA,NA,NA,NA,NA,NA,NA,NA,NA,NA,NA,NA,NA,""
"2010","44_Monthly_value_Columbia_River.pdf","Crab, Dungeness ocean","value","3086834","953815","479609","745524","424197","95660","35160","16491","0","9896","0","3282082","9129268",""
"2010","44_Monthly_value_Columbia_River.pdf","Shrimp, pink","value","0","0","0","158867","950783","1058113","906538","879980","520830","340938","13611","0","4829660",""
"2010","44_Monthly_value_Columbia_River.pdf","MOLLUSKS:","value",NA,NA,NA,NA,NA,NA,NA,NA,NA,NA,NA,NA,NA,""
"2010","44_Monthly_value_Columbia_River.pdf","Clams, razor","value","0","0","0","690","81","1498","0","0","0","0","0","32","2301",""
"2010","44_Monthly_value_Columbia_River.pdf","Octopus","value","0","0","0","0","0","56","160","75","44","52","0","0","387",""
"2010","44_Monthly_value_Columbia_River.pdf","Squid, Market","value","0","2","0","0","0","0","0","0","0","0","0","0","2",""
"2010","44_Monthly_value_Columbia_River.pdf","Squid, other sp","value","16","25","1","101","177","231","37","0","20","179","29","11","827",""
"2010","Table 45 - Astoria Values.pdf","Cabezon...............","value","CHECK","CHECK","CHECK","CHECK","CHECK","CHECK","CHECK","CHECK","CHECK","CHECK","CHECK","CHECK","CHECK","CHECK"
"2010","Table 45 - Astoria Values.pdf","Cod, Pacific","value","31","49","2218","79208","69495","94241","86792","74762","41666","66724","1889","1303","518378",""
"2010","Table 45 - Astoria Values.pdf","EelPout","value","0","0","0","0","0","0","2","0","0","0","0","0","2",""
"2010","Table 45 - Astoria Values.pdf","Flounder, arrowtooth","value","9697","22174","21513","64252","68349","22678","19599","32429","43590","14845","10467","17383","346976",""
"2010","Table 45 - Astoria Values.pdf","Flounder, starry","value","6","0","0","0","2047","2372","252","1372","132","55","75","0","6311",""
"2010","Table 45 - Astoria Values.pdf","Greenling sp","value","0","0","0","0","0","13","0","1","0","0","0","0","14",""
"2010","Table 45 - Astoria Values.pdf","Grenadier, Unsp","value","2","0","0","0","0","0","0","0","0","0","0","0","2",""
"2010","Table 45 - Astoria Values.pdf","Hagfish sp","value","0","0","0","0","0","0","0","0","65479","2533","0","0","68012",""
"2010","Table 45 - Astoria Values.pdf","Halibut, Pacific","value","0","0","0","0","406","147032","22979","0","0","0","0","0","170417",""
"2010","Table 45 - Astoria Values.pdf","Lingcod","value","71","6268","23598","19450","46140","46370","44239","48594","59085","22278","4186","6251","326530",""
"2010","Table 45 - Astoria Values.pdf","Mackerel, jack","value","0","0","0","0","0","0","0","7623","7","0","0","0","7630",""
"2010","Table 45 - Astoria Values.pdf","Mackerel, Pacific","value","0","0","0","0","0","36248","23677","150012","90681","13948","0","0","314566",""
"2010","Table 45 - Astoria Values.pdf","Ratfish","value","0","0","0","0","0","0","0","12","0","0","0","0","12",""
"2010","Table 45 - Astoria Values.pdf","Pacific Ocean perch","value","231","1461","2347","2130","3634","1602","986","1858","655","1000","2731","11553","30188",""
"2010","Table 45 - Astoria Values.pdf","Rockfish, black","value","0","0","0","0","59","646","8","30","28","17","206","0","994",""
"2010","Table 45 - Astoria Values.pdf","Rockfish, brown","value","0","0","0","0","0","0","0","1","0","0","0","0","1",""
"2010","Table 45 - Astoria Values.pdf","Rockfish, canary","value","0","161","44","43","1380","271","418","2115","427","528","92","175","5654",""
"2010","Table 45 - Astoria Values.pdf","Rockfish, darkblotched","value","184","3321","3276","3077","3416","3062","226","633","3660","1385","3335","5086","30661",""
"2010","Table 45 - Astoria Values.pdf","Rockfish, quillback","value","0","0","3","52","7","17","9","75","14","11","0","0","188",""
"2010","Table 45 - Astoria Values.pdf","Rockfish, widow","value","101","264","83","91","3261","7165","14016","9564","7725","7208","3528","11771","64777",""
"2010","Table 45 - Astoria Values.pdf","Rockfish, yelloweye","value","0","1","0","1","42","1","12","45","2","1","0","1","106",""
"2010","Table 45 - Astoria Values.pdf","Rockfish, yellowtail","value","132","10651","15005","13692","90343","90065","122996","199462","41329","56918","1196","34983","676772",""
"2010","Table 45 - Astoria Values.pdf","Rockfish, Shelf","value","6","931","965","256","3152","8202","10325","1997","2885","1061","38","901","30719",""
"2010","Table 45 - Astoria Values.pdf","Rockfish, Slope","value","1061","4113","7022","9689","14253","6134","7824","20898","17839","5638","7724","20879","123074",""
"2010","Table 45 - Astoria Values.pdf","Thornyhead, longspine","value","3246","9036","5502","11721","15981","24537","148","405","2619","7840","5680","5830","92545",""
"2010","Table 45 - Astoria Values.pdf","Thornyhead, shortspine","value","14373","23506","19899","29194","38781","7824","1857","4867","8012","21130","23754","23066","216263",""
"2010","Table 45 - Astoria Values.pdf","Sablefish","value","110024","188510","224190","320762","258875","188366","310774","183147","295617","447238","355845","267120","3150468",""
"2010","Table 45 - Astoria Values.pdf","Salmon, chinook","value","0","0","0","2477","60193","313964","7391","420","63922","39047","0","0","487414",""
"2010","Table 45 - Astoria Values.pdf","Salmon, coho","value","0","0","0","0","0","0","207","160","5120","0","0","0","5487",""
"2010","Table 45 - Astoria Values.pdf","Sanddab, Pacific","value","218","61","201","491","17516","18912","15536","27889","7340","4602","4405","58","97229",""
"2010","Table 45 - Astoria Values.pdf","Sardine, Pacific","value","0","0","0","0","0","632368","3719938","2433935","1596931","848497","0","0","9231669",""
"2010","Table 45 - Astoria Values.pdf","Shad, American","value","0","0","0","0","0","0","0","0","174","0","0","0","174",""
"2010","Table 45 - Astoria Values.pdf","Shark, spiny dogfish","value","3003","3494","2727","0","0","0","0","16","0","0","0","6607","15847",""
"2010","Table 45 - Astoria Values.pdf","Shark, thresher","value","0","0","0","0","0","0","0","1","0","0","0","0","1",""
"2010","Table 45 - Astoria Values.pdf","Skates and rays","value","13141","36259","35324","37235","85226","107844","61489","86248","55641","27040","21659","27379","594485",""
"2010","Table 45 - Astoria Values.pdf","Sole, butter","value","0","0","0","0","0","35","26","133","18","23","0","0","235",""
"2010","Table 45 - Astoria Values.pdf","Sole, curlfin (turbot)","value","0","0","0","4","0","19","6","283","22","0","0","0","334",""
"2010","Table 45 - Astoria Values.pdf","Sole, Dover","value","87959","175178","200162","459931","277830","84822","129925","124553","103927","137751","142416","184415","2108869",""
"2010","Table 45 - Astoria Values.pdf","Sole, English","value","448","196","405","683","6309","11465","14564","15230","3084","2276","4694","1071","60425",""
"2010","Table 45 - Astoria Values.pdf","Sole, flathead","value","0","0","3","44","184","326","678","695","1059","275","126","15","3405",""
"2010","Table 45 - Astoria Values.pdf","Sole, petrale","value","37262","98610","100147","19906","133371","142363","175451","150589","147250","79652","102805","224391","1411797",""
"2010","Table 45 - Astoria Values.pdf","Sole, rex","value","2237","3767","4835","5556","14445","18707","22878","23508","11854","10037","5546","6527","129897",""
"2010","Table 45 - Astoria Values.pdf","Sole, rock","value","1","0","3","14","20","43","48","254","251","14","2","2","652",""
"2010","Table 45 - Astoria Values.pdf","Sole, sand","value","1086","6","0","0","19673","47310","19396","40135","3010","1316","8649","0","140581",""
"2010","Table 45 - Astoria Values.pdf","Sturgeon, white","value","0","0","0","0","0","285","0","0","0","0","0","0","285",""
"2010","Table 45 - Astoria Values.pdf","Tuna, albacore","value","0","0","0","0","0","0","423232","1283870","1141346","276633","50138","0","3175219",""
"2010","Table 45 - Astoria Values.pdf","Whiting, Pac (hake)","value","121","170","99","456","532","675648","1642050","2433062","1128632","1144071","819493","27462","7871796",""
"2010","Table 45 - Astoria Values.pdf","Wolf.eel..............","value","CHECK","CHECK","CHECK","CHECK","CHECK","CHECK","CHECK","CHECK","CHECK","CHECK","CHECK","CHECK","CHECK","CHECK"
"2010","Table 45 - Astoria Values.pdf","Wrymouth, giant","value","0","0","0","0","0","0","15","73","39","12","0","0","139",""
"2010","Table 45 - Astoria Values.pdf","CRUSTACEANS:","value",NA,NA,NA,NA,NA,NA,NA,NA,NA,NA,NA,NA,NA,""
"2010","Table 45 - Astoria Values.pdf","Crab, box","value","0","0","4851","150","0","0","0","0","0","0","0","0","5001",""
"2010","Table 45 - Astoria Values.pdf","Crab, Dungeness ocean","value","1556520","776579","446248","477137","352891","44178","14641","4930","0","0","0","347786","4020910",""
"2010","Table 45 - Astoria Values.pdf","Shrimp, pink","value","0","0","0","264693","788604","845296","900665","825695","523552","224776","0","0","4373281",""
"2010","Table 45 - Astoria Values.pdf","MOLLUSKS:","value",NA,NA,NA,NA,NA,NA,NA,NA,NA,NA,NA,NA,NA,""
"2010","Table 45 - Astoria Values.pdf","Octopus","value","14","0","8","12","213","446","783","526","148","27","12","0","2189",""
"2010","Table 45 - Astoria Values.pdf","Squid, other sp","value","0","7","24","29","55","117","216","579","55","0","5","0","1087",""
"2010","Table 45A - Gearhart-Seaside values.pdf","Salmon..chinook.......","value","CHECK","CHECK","CHECK","CHECK","CHECK","CHECK","CHECK","CHECK","CHECK","CHECK","CHECK","CHECK","CHECK","CHECK"
"2010","Table 45A - Gearhart-Seaside values.pdf","Salmon, coho","value","0","0","0","0","0","0","0","56","60","0","0","0","116",""
"2010","Table 45A - Gearhart-Seaside values.pdf","Tuna, albacore","value","0","0","0","0","0","0","0","10681","1410","0","0","0","12091",""
"2010","Table 45A - Gearhart-Seaside values.pdf","MOLLUSKS:","value",NA,NA,NA,NA,NA,NA,NA,NA,NA,NA,NA,NA,NA,""
"2010","Table 45A - Gearhart-Seaside values.pdf","Clams, cockle","value","0","0","0","0","0","320","0","0","0","0","0","0","320",""
"2010","Table 45A - Gearhart-Seaside values.pdf","Clams, razor","value","186","1835","2513","10952","14879","11651","5729","0","0","1674","1106","520","51045",""
"2010","Table 45B - Cannon Beach values.pdf","CHECK","value",NA,NA,NA,NA,NA,NA,NA,NA,NA,NA,NA,NA,NA,NA
"2010","Table 46 - Nehalem Bay values.pdf","CHECK","value",NA,NA,NA,NA,NA,NA,NA,NA,NA,NA,NA,NA,NA,NA
"2010","Table 47 - Garibaldi values.pdf","Cabezon...............","value","CHECK","CHECK","CHECK","CHECK","CHECK","CHECK","CHECK","CHECK","CHECK","CHECK","CHECK","CHECK","CHECK","CHECK"
"2010","Table 47 - Garibaldi values.pdf","Greenling sp","value","11","0","5","88","64","138","265","270","232","32","4","0","1109",""
"2010","Table 47 - Garibaldi values.pdf","Halibut, Pacific","value","0","0","0","0","305","17957","0","0","0","0","0","0","18262",""
"2010","Table 47 - Garibaldi values.pdf","Irish Lord, red","value","0","0","0","0","0","0","0","5","0","0","0","0","5",""
"2010","Table 47 - Garibaldi values.pdf","Lingcod","value","0","0","0","0","3582","4941","5016","2293","2623","219","393","0","19067",""
"2010","Table 47 - Garibaldi values.pdf","Pipefish","value","0","0","0","0","0","0","0","1","0","0","0","0","1",""
"2010","Table 47 - Garibaldi values.pdf","Rockfish, black","value","297","0","1825","8198","9272","4430","9120","6687","9092","4847","27","0","53795",""
"2010","Table 47 - Garibaldi values.pdf","Rockfish, black&yellow","value","0","0","0","0","0","4","0","0","0","0","0","0","4",""
"2010","Table 47 - Garibaldi values.pdf","Rockfish, blue","value","0","0","0","59","4","4","74","29","156","138","12","0","476",""
"2010","Table 47 - Garibaldi values.pdf","Rockfish, china","value","0","0","5","0","10","9","25","4","13","0","0","0","66",""
"2010","Table 47 - Garibaldi values.pdf","Rockfish, copper","value","0","0","0","6","27","6","21","59","19","0","0","0","138",""
"2010","Table 47 - Garibaldi values.pdf","Rockfish, quillback","value","0","0","0","17","22","38","105","49","7","4","0","0","242",""
"2010","Table 47 - Garibaldi values.pdf","Rockfish, tiger","value","0","0","0","0","0","2","10","4","0","0","0","0","16",""
"2010","Table 47 - Garibaldi values.pdf","Rockfish, vermillion","value","0","0","0","0","0","0","6","0","26","0","0","0","32",""
"2010","Table 47 - Garibaldi values.pdf","Rockfish, yelloweye","value","0","0","0","0","0","54","0","0","0","0","0","0","54",""
"2010","Table 47 - Garibaldi values.pdf","Rockfish, yellowtail","value","0","0","0","14","69","4","65","28","70","49","79","0","378",""
"2010","Table 47 - Garibaldi values.pdf","Rockfish, Shelf","value","0","0","0","0","0","1","0","0","0","0","0","0","1",""
"2010","Table 47 - Garibaldi values.pdf","Rockfish, Slope","value","0","0","0","0","0","55","0","0","0","0","0","0","55",""
"2010","Table 47 - Garibaldi values.pdf","Sablefish","value","0","0","1680","0","0","808","0","0","0","0","0","0","2488",""
"2010","Table 47 - Garibaldi values.pdf","Salmon, chinook","value","0","0","0","38481","65995","43752","1982","5177","60677","112199","0","0","328263",""
"2010","Table 47 - Garibaldi values.pdf","Salmon, coho","value","0","0","0","0","0","0","44","114","2622","0","0","0","2780",""
"2010","Table 47 - Garibaldi values.pdf","Sculpin, other sp","value","0","0","10","0","0","2","0","0","0","0","0","3","15",""
"2010","Table 47 - Garibaldi values.pdf","Snailfish, blacktail","value","0","0","0","0","0","2","0","0","0","0","0","0","2",""
"2010","Table 47 - Garibaldi values.pdf","Sticklebacks","value","0","0","0","0","0","0","0","1","0","0","0","0","1",""
"2010","Table 47 - Garibaldi values.pdf","Tuna, albacore","value","0","0","0","0","0","3757","122661","171889","37740","4118","0","0","340165",""
"2010","Table 47 - Garibaldi values.pdf","Wolf-eel","value","0","0","0","0","27","36","0","0","0","0","0","0","63",""
"2010","Table 47 - Garibaldi values.pdf","CRUSTACEANS:","value",NA,NA,NA,NA,NA,NA,NA,NA,NA,NA,NA,NA,NA,""
"2010","Table 47 - Garibaldi values.pdf","BARNACLE, ACORN","value","0","0","0","0","0","1","1","0","0","0","0","0","2",""
"2010","Table 47 - Garibaldi values.pdf","Crab, Dungeness bay","value","0","0","0","0","0","0","0","0","0","0","2336","0","2336",""
"2010","Table 47 - Garibaldi values.pdf","Crab, Dungeness ocean","value","564515","240114","149764","156459","144012","42420","28928","15336","0","0","0","46464","1388012",""
"2010","Table 47 - Garibaldi values.pdf","Crab, hermit","value","0","0","5","0","0","0","0","1","0","0","0","1","7",""
"2010","Table 47 - Garibaldi values.pdf","Crab, kelp","value","0","0","0","0","0","1","0","1","0","0","0","0","2",""
"2010","Table 47 - Garibaldi values.pdf","Crab, rock","value","0","0","0","0","0","0","0","2","0","0","0","0","2",""
"2010","Table 47 - Garibaldi values.pdf","Crab, other","value","0","0","0","0","0","3","0","0","0","0","0","0","3",""
"2010","Table 47 - Garibaldi values.pdf","Shrimp, bay","value","0","5","5","0","0","0","0","0","0","0","0","0","10",""
"2010","Table 47 - Garibaldi values.pdf","Shrimp, ghost","value","418","417","455","348","1177","1485","1059","672","496","737","128","45","7437",""
"2010","Table 47 - Garibaldi values.pdf","Shrimp, mud","value","0","0","0","0","0","48","0","0","0","0","0","0","48",""
"2010","Table 47 - Garibaldi values.pdf","Shrimp, pink","value","0","0","0","380","14149","2820","17742","0","0","0","0","0","35091",""
"2010","Table 47 - Garibaldi values.pdf","Shrimp, spot","value","0","0","112","0","0","0","0","0","0","0","5240","3470","8822",""
"2010","Table 47 - Garibaldi values.pdf","MOLLUSKS:","value",NA,NA,NA,NA,NA,NA,NA,NA,NA,NA,NA,NA,NA,""
"2010","Table 47 - Garibaldi values.pdf","Clams, butter","value","0","0","0","17","57","199","386","293","309","4","216","0","1481",""
"2010","Table 47 - Garibaldi values.pdf","Clams, cockle","value","1860","2651","3707","17945","22242","23925","7097","935","153","117","849","328","81809",""
"2010","Table 47 - Garibaldi values.pdf","Clams, gaper","value","0","0","0","0","0","0","4864","6140","4700","4403","1751","1117","22975",""
"2010","Table 47 - Garibaldi values.pdf","Clams, Nat Littleneck","value","0","0","0","0","0","0","0","0","5","0","0","0","5",""
"2010","Table 47 - Garibaldi values.pdf","OTHER INVERTEBRATES:","value",NA,NA,NA,NA,NA,NA,NA,NA,NA,NA,NA,NA,NA,""
"2010","Table 47 - Garibaldi values.pdf","CNIDARIANS","value","0","0","0","0","0","10","0","0","0","0","0","0","10",""
"2010","Table 47 - Garibaldi values.pdf","Sea.anemone...........","value","CHECK","CHECK","CHECK","CHECK","CHECK","CHECK","CHECK","CHECK","CHECK","CHECK","CHECK","CHECK","CHECK","CHECK"
"2010","Table 47 - Garibaldi values.pdf","Sea stars","value","0","0","0","0","0","0","0","6","0","0","0","0","6",""
"2010","Table 47 - Garibaldi values.pdf","TUNICATES","value","0","0","0","0","0","1","0","0","0","0","0","0","1",""
"2010","Table 47 - Garibaldi values.pdf","Worms, tube","value","0","0","0","0","0","2","0","0","0","0","0","0","2",""
"2010","Table 48 - Netarts Bay value.pdf","Clingfish.Northern....","value","CHECK","CHECK","CHECK","CHECK","CHECK","CHECK","CHECK","CHECK","CHECK","CHECK","CHECK","CHECK","CHECK","CHECK"
"2010","Table 48 - Netarts Bay value.pdf","Gunnel sp","value","0","0","0","0","0","0","0","0","1","0","0","0","1",""
"2010","Table 48 - Netarts Bay value.pdf","Pipefish","value","0","0","0","0","0","0","0","0","1","0","1","0","2",""
"2010","Table 48 - Netarts Bay value.pdf","Prickleback spp","value","0","0","0","0","0","0","0","0","5","0","2","0","7",""
"2010","Table 48 - Netarts Bay value.pdf","Sculpin, buffalo","value","0","0","0","0","0","0","0","0","1","0","0","0","1",""
"2010","Table 48 - Netarts Bay value.pdf","Sculpin, other sp","value","0","0","0","0","0","0","0","0","1","0","0","0","1",""
"2010","Table 48 - Netarts Bay value.pdf","CRUSTACEANS:","value",NA,NA,NA,NA,NA,NA,NA,NA,NA,NA,NA,NA,NA,""
"2010","Table 48 - Netarts Bay value.pdf","Crab, Dungeness bay","value","0","0","0","0","0","0","0","0","0","0","2685","0","2685",""
"2010","Table 48 - Netarts Bay value.pdf","Crab, kelp","value","0","0","0","0","0","0","0","0","0","0","1","0","1",""
"2010","Table 48 - Netarts Bay value.pdf","Crab, rock","value","0","0","0","0","0","0","0","0","0","0","3","0","3",""
"2010","Table 48 - Netarts Bay value.pdf","Grass Shrimp","value","0","0","0","0","0","0","0","0","0","0","1","0","1",""
"2010","Table 48 - Netarts Bay value.pdf","Shrimp, ghost","value","30","0","72","0","0","0","0","0","0","12","0","0","114",""
"2010","Table 48 - Netarts Bay value.pdf","Shrimp, mud","value","180","630","300","264","156","0","0","0","0","120","216","228","2094",""
"2010","Table 48 - Netarts Bay value.pdf","MOLLUSKS:","value",NA,NA,NA,NA,NA,NA,NA,NA,NA,NA,NA,NA,NA,""
"2010","Table 48 - Netarts Bay value.pdf","Clams, cockle","value","0","0","0","696","1355","0","0","0","0","0","0","0","2051",""
"2010","Table 48 - Netarts Bay value.pdf","OTHER INVERTEBRATES:","value",NA,NA,NA,NA,NA,NA,NA,NA,NA,NA,NA,NA,NA,""
"2010","Table 48 - Netarts Bay value.pdf","Sea anemone","value","0","0","0","0","0","0","0","0","10","7","0","0","17",""
"2010","Table 48 - Netarts Bay value.pdf","Sea stars","value","0","0","0","0","0","0","0","0","10","13","1","0","24",""
"2010","Table 49 - Pacific City values.pdf","Cabezon...............","value","CHECK","CHECK","CHECK","CHECK","CHECK","CHECK","CHECK","CHECK","CHECK","CHECK","CHECK","CHECK","CHECK","CHECK"
"2010","Table 49 - Pacific City values.pdf","Greenling sp","value","0","0","0","3","0","23","23","3","0","0","0","0","52",""
"2010","Table 49 - Pacific City values.pdf","Halibut, Pacific","value","0","0","0","0","0","618","432","0","0","0","0","0","1050",""
"2010","Table 49 - Pacific City values.pdf","Lingcod","value","0","0","0","0","7059","8480","7398","4208","3116","2056","860","0","33177",""
"2010","Table 49 - Pacific City values.pdf","Rockfish, black","value","0","15","687","2732","5472","4851","4593","1579","2127","1536","28","0","23620",""
"2010","Table 49 - Pacific City values.pdf","Rockfish, blue","value","0","0","0","99","0","23","28","0","488","194","0","0","832",""
"2010","Table 49 - Pacific City values.pdf","Rockfish, china","value","0","0","0","0","0","0","7","3","0","0","0","0","10",""
"2010","Table 49 - Pacific City values.pdf","Rockfish, copper","value","0","0","0","0","11","4","0","14","0","11","0","0","40",""
"2010","Table 49 - Pacific City values.pdf","Rockfish, grass","value","0","0","0","0","0","0","0","0","0","21","0","0","21",""
"2010","Table 49 - Pacific City values.pdf","Rockfish, quillback","value","0","0","0","0","13","36","53","42","43","42","7","0","236",""
"2010","Table 49 - Pacific City values.pdf","Rockfish, tiger","value","0","0","0","0","0","6","0","0","0","0","0","0","6",""
"2010","Table 49 - Pacific City values.pdf","Rockfish, vermillion","value","0","0","0","0","0","15","9","9","35","0","0","0","68",""
"2010","Table 49 - Pacific City values.pdf","Rockfish, yellowtail","value","0","0","0","0","27","34","48","25","38","40","4","0","216",""
"2010","Table 49 - Pacific City values.pdf","Salmon, chinook","value","0","0","0","1124","2653","1633","639","725","5247","1711","0","0","13732",""
"2010","Table 49 - Pacific City values.pdf","Tuna, albacore","value","0","0","0","0","0","0","30268","25502","0","0","0","0","55770",""
"2010","Table 49 - Pacific City values.pdf","CRUSTACEANS:","value",NA,NA,NA,NA,NA,NA,NA,NA,NA,NA,NA,NA,NA,""
"2010","Table 49 - Pacific City values.pdf","Crab, Dungeness ocean","value","0","0","0","1328","3693","2323","2202","3909","0","0","0","0","13455",""
"2010","Table 49 - Pacific City values.pdf","Shrimp, ghost","value","0","0","0","109","0","0","0","0","0","0","0","0","109",""
"2010","Table 49A - Salmon River values.pdf","CHECK","value",NA,NA,NA,NA,NA,NA,NA,NA,NA,NA,NA,NA,NA,NA
"2010","Table 50 - Siletz Bay values.pdf","CHECK","value",NA,NA,NA,NA,NA,NA,NA,NA,NA,NA,NA,NA,NA,NA
"2010","Table 51 - Depoe Bay values.pdf","Cabezon...............","value","CHECK","CHECK","CHECK","CHECK","CHECK","CHECK","CHECK","CHECK","CHECK","CHECK","CHECK","CHECK","CHECK","CHECK"
"2010","Table 51 - Depoe Bay values.pdf","Greenling sp","value","0","0","0","12","10","10","13","2","0","0","0","0","47",""
"2010","Table 51 - Depoe Bay values.pdf","Halibut, Pacific","value","0","0","0","0","0","445","0","0","0","0","0","0","445",""
"2010","Table 51 - Depoe Bay values.pdf","Lingcod","value","0","0","0","0","3938","4214","4437","3603","3252","1288","3255","0","23987",""
"2010","Table 51 - Depoe Bay values.pdf","Rockfish, black","value","0","0","287","573","2437","1625","1349","2111","3404","855","23","0","12664",""
"2010","Table 51 - Depoe Bay values.pdf","Rockfish, blue","value","0","0","45","597","193","0","5","564","689","187","10","0","2290",""
"2010","Table 51 - Depoe Bay values.pdf","Rockfish, china","value","0","0","0","50","18","15","243","110","8","0","0","0","444",""
"2010","Table 51 - Depoe Bay values.pdf","Rockfish, copper","value","0","0","0","0","0","7","5","3","7","7","0","0","29",""
"2010","Table 51 - Depoe Bay values.pdf","Rockfish, quillback","value","0","0","0","9","8","17","22","12","7","18","0","0","93",""
"2010","Table 51 - Depoe Bay values.pdf","Rockfish, tiger","value","0","0","0","3","0","5","0","0","0","0","3","0","11",""
"2010","Table 51 - Depoe Bay values.pdf","Rockfish, vermillion","value","0","0","0","0","0","6","0","0","0","5","0","0","11",""
"2010","Table 51 - Depoe Bay values.pdf","Rockfish, widow","value","0","0","0","22","2","0","0","0","0","0","0","0","24",""
"2010","Table 51 - Depoe Bay values.pdf","Rockfish, yellowtail","value","0","0","2","55","22","3","0","8","19","5","3","0","117",""
"2010","Table 51 - Depoe Bay values.pdf","Rockfish, Shelf","value","0","0","0","0","0","0","0","0","0","17","0","0","17",""
"2010","Table 51 - Depoe Bay values.pdf","Tuna, albacore","value","0","0","0","0","0","0","3319","1326","1567","0","0","0","6212",""
"2010","Table 51 - Depoe Bay values.pdf","CRUSTACEANS:","value",NA,NA,NA,NA,NA,NA,NA,NA,NA,NA,NA,NA,NA,""
"2010","Table 51 - Depoe Bay values.pdf","Crab, Dungeness ocean","value","5767","1615","1988","2624","4087","3465","1650","2906","0","0","0","0","24102",""
"2010","Table 51 - Depoe Bay values.pdf","MOLLUSKS:","value",NA,NA,NA,NA,NA,NA,NA,NA,NA,NA,NA,NA,NA,""
"2010","Table 51 - Depoe Bay values.pdf","Mussels, ocean","value","0","0","0","20","0","0","0","0","0","0","0","0","20",""
"2010","Table 51 - Depoe Bay values.pdf","OTHER INVERTEBRATES:","value",NA,NA,NA,NA,NA,NA,NA,NA,NA,NA,NA,NA,NA,""
"2010","Table 51 - Depoe Bay values.pdf","Sea urchin, red","value","0","0","0","0","0","40908","8818","16576","34310","11555","3137","1720","117024",""
"2010","Table 52 - Newport values.pdf","Cabezon...............","value","CHECK","CHECK","CHECK","CHECK","CHECK","CHECK","CHECK","CHECK","CHECK","CHECK","CHECK","CHECK","CHECK","CHECK"
"2010","Table 52 - Newport values.pdf","Clingfish Northern","value","0","0","0","0","0","0","0","1","0","0","0","0","1",""
"2010","Table 52 - Newport values.pdf","Cod, Pacific","value","0","0","0","0","0","1","0","3","0","0","0","0","4",""
"2010","Table 52 - Newport values.pdf","Flounder, arrowtooth","value","1216","5306","5391","3782","822","562","1127","1227","753","148","2224","341","22899",""
"2010","Table 52 - Newport values.pdf","Greenling sp","value","0","0","0","28","34","40","0","42","214","86","0","0","444",""
"2010","Table 52 - Newport values.pdf","Grenadier, Pacific","value","1","0","0","0","0","0","0","0","0","0","0","0","1",""
"2010","Table 52 - Newport values.pdf","Gunnel sp","value","0","0","0","0","0","0","0","6","0","0","0","0","6",""
"2010","Table 52 - Newport values.pdf","Hagfish sp","value","2851","0","0","24720","55605","46754","43757","6387","0","1030","31219","9784","222107",""
"2010","Table 52 - Newport values.pdf","Halibut, Pacific","value","0","0","0","0","8973","394517","144619","0","0","0","0","0","548109",""
"2010","Table 52 - Newport values.pdf","Herring, Pacific","value","0","0","0","0","0","40","0","0","0","0","0","0","40",""
"2010","Table 52 - Newport values.pdf","Lingcod","value","102","418","12","146","7040","7690","8463","4135","7006","6064","3361","3","44440",""
"2010","Table 52 - Newport values.pdf","Mackerel, jack","value","0","0","0","0","0","0","0","0","0","449","168","0","617",""
"2010","Table 52 - Newport values.pdf","Pacific Ocean perch","value","93","369","76","250","25","201","102","263","1210","327","238","676","3830",""
"2010","Table 52 - Newport values.pdf","Rockfish, black","value","0","0","0","463","3825","1865","651","591","1665","2466","0","0","11526",""
"2010","Table 52 - Newport values.pdf","Rockfish, blue","value","0","0","0","58","119","24","26","78","518","734","0","0","1557",""
"2010","Table 52 - Newport values.pdf","Rockfish, canary","value","0","2","0","0","0","13","23","12","1494","29","0","0","1573",""
"2010","Table 52 - Newport values.pdf","Rockfish, china","value","0","0","0","0","7","14","14","0","0","0","0","0","35",""
"2010","Table 52 - Newport values.pdf","Rockfish, copper","value","0","0","0","0","0","0","0","8","0","0","0","0","8",""
"2010","Table 52 - Newport values.pdf","Rockfish, darkblotched","value","1670","3918","795","1914","1068","1833","917","463","1066","533","1289","3633","19099",""
"2010","Table 52 - Newport values.pdf","Rockfish, grass","value","0","0","0","0","0","0","35","0","0","0","0","0","35",""
"2010","Table 52 - Newport values.pdf","Rockfish, quillback","value","0","0","0","0","0","0","5","0","0","0","0","0","5",""
"2010","Table 52 - Newport values.pdf","Rockfish, shortbelly","value","0","0","0","0","0","0","0","0","0","57","0","0","57",""
"2010","Table 52 - Newport values.pdf","Rockfish, widow","value","0","1","0","4","0","70","6315","3903","10822","9049","17156","169","47489",""
"2010","Table 52 - Newport values.pdf","Rockfish, yelloweye","value","0","0","0","0","0","2","553","0","0","0","0","0","555",""
"2010","Table 52 - Newport values.pdf","Rockfish, yellowtail","value","0","0","2","20","25","621","5947","1314","2130","1672","897","0","12628",""
"2010","Table 52 - Newport values.pdf","Rockfish, Shelf","value","0","10","0","0","311","237","94","149","374","525","148","0","1848",""
"2010","Table 52 - Newport values.pdf","Rockfish, Slope","value","1988","3857","2278","6320","5738","4887","3974","3243","20881","6559","838","1557","62120",""
"2010","Table 52 - Newport values.pdf","Thornyhead, longspine","value","4762","10685","2616","2436","2592","41","0","8852","1284","0","770","306","34344",""
"2010","Table 52 - Newport values.pdf","Thornyhead, shortspine","value","7861","21091","12471","12418","12431","4646","2333","9313","3794","585","3598","5317","95858",""
"2010","Table 52 - Newport values.pdf","Sablefish","value","67930","151327","111600","176413","394666","387852","479466","846687","1012608","732245","59230","74900","4494924",""
"2010","Table 52 - Newport values.pdf","Salmon, chinook","value","0","0","0","92826","257875","250687","76668","269341","432404","171570","0","0","1551371",""
"2010","Table 52 - Newport values.pdf","Sanddab, Pacific","value","0","0","0","0","0","37","0","0","31","0","0","0","68",""
"2010","Table 52 - Newport values.pdf","Sculpin, other sp","value","0","0","0","0","0","0","0","1","0","0","0","0","1",""
"2010","Table 52 - Newport values.pdf","Skates and rays","value","5726","15140","13799","19592","6567","2297","545","1519","1040","177","2702","3012","72116",""
"2010","Table 52 - Newport values.pdf","Snailfish, blacktail","value","0","0","0","0","0","0","0","2","0","0","0","0","2",""
"2010","Table 52 - Newport values.pdf","Sole, curlfin (turbot)","value","0","0","0","0","0","0","0","2","0","0","0","0","2",""
"2010","Table 52 - Newport values.pdf","Sole, Dover","value","43930","79654","103157","172958","41217","7150","189","18473","11580","114","19163","23251","520836",""
"2010","Table 52 - Newport values.pdf","Sole, English","value","280","952","52","27","1","0","0","82","6","0","137","9","1546",""
"2010","Table 52 - Newport values.pdf","Sole, petrale","value","79457","152094","11158","552","3","824","1096","12011","888","23","10719","13535","282360",""
"2010","Table 52 - Newport values.pdf","Sole, rex","value","1318","2404","1609","1915","723","659","595","3128","2150","298","1449","1429","17677",""
"2010","Table 52 - Newport values.pdf","Sole, rock","value","0","0","0","0","0","0","0","2","0","0","0","0","2",""
"2010","Table 52 - Newport values.pdf","Surfperch spp","value","19","0","0","0","0","0","0","0","0","0","0","0","19",""
"2010","Table 52 - Newport values.pdf","Tuna, bluefin","value","0","0","0","0","0","0","0","325","0","0","0","0","325",""
"2010","Table 52 - Newport values.pdf","Tuna, albacore","value","0","0","0","0","0","8269","1353368","3016574","1963429","1348337","0","0","7689977",""
"2010","Table 52 - Newport values.pdf","Whiting, Pac (hake)","value","0","0","0","0","0","102835","1188141","1459588","1626291","1583669","1130675","69247","7160446",""
"2010","Table 52 - Newport values.pdf","Wolf-eel","value","0","0","0","0","50","6","12","30","0","0","0","0","98",""
"2010","Table 52 - Newport values.pdf","Crab..box.............","value","CHECK","CHECK","CHECK","CHECK","CHECK","CHECK","CHECK","CHECK","CHECK","CHECK","CHECK","CHECK","CHECK","CHECK"
"2010","Table 52 - Newport values.pdf","Crab, Dungeness bay","value","0","0","0","0","0","0","0","0","5345","1210","1531","0","8086",""
"2010","Table 52 - Newport values.pdf","Crab, Dungeness ocean","value","3491805","1364281","631181","395425","314251","110949","56122","30367","0","0","0","337465","6731846",""
"2010","Table 52 - Newport values.pdf","Crab, hermit","value","0","0","0","0","0","0","0","1","0","0","0","0","1",""
"2010","Table 52 - Newport values.pdf","Crab, rock","value","0","0","0","0","2400","0","0","0","0","0","0","0","2400",""
"2010","Table 52 - Newport values.pdf","Shrimp, pink","value","0","0","0","723790","1444417","1406087","1248540","1071867","971828","772641","0","0","7639170",""
"2010","Table 52 - Newport values.pdf","MOLLUSKS:","value",NA,NA,NA,NA,NA,NA,NA,NA,NA,NA,NA,NA,NA,""
"2010","Table 52 - Newport values.pdf","Clams, cockle","value","0","0","0","0","0","0","72","0","0","0","0","0","72",""
"2010","Table 52 - Newport values.pdf","Octopus","value","625","200","425","550","640","0","0","1","0","0","0","0","2441",""
"2010","Table 52 - Newport values.pdf","OTHER INVERTEBRATES:","value",NA,NA,NA,NA,NA,NA,NA,NA,NA,NA,NA,NA,NA,""
"2010","Table 52 - Newport values.pdf","Sea anemone","value","0","0","0","0","0","0","0","6","0","0","0","0","6",""
"2010","Table 52 - Newport values.pdf","Sea cucumber","value","0","0","0","0","0","0","0","1","0","0","0","0","1",""
"2010","Table 52 - Newport values.pdf","Sea stars","value","0","0","0","0","0","0","0","5","0","0","0","0","5",""
"2010","Table 52 - Newport values.pdf","Sea urchin, red","value","0","0","0","0","16","0","0","0","0","0","0","0","16",""
"2010","Table 53 - Waldport values.pdf","CHECK","value",NA,NA,NA,NA,NA,NA,NA,NA,NA,NA,NA,NA,NA,NA
"2010","Table 53A - Yachats values.pdf","CHECK","value",NA,NA,NA,NA,NA,NA,NA,NA,NA,NA,NA,NA,NA,NA
"2010","Table 54 - Florence values.pdf","Halibut..Pacific......","value","CHECK","CHECK","CHECK","CHECK","CHECK","CHECK","CHECK","CHECK","CHECK","CHECK","CHECK","CHECK","CHECK","CHECK"
"2010","Table 54 - Florence values.pdf","Lingcod","value","0","0","0","0","0","78","0","0","0","0","0","0","78",""
"2010","Table 54 - Florence values.pdf","Sablefish","value","0","0","0","0","0","460","0","0","0","0","0","0","460",""
"2010","Table 54 - Florence values.pdf","Salmon, chinook","value","0","0","0","0","1278","551","787","509","196","0","0","0","3321",""
"2010","Table 54 - Florence values.pdf","Tuna, albacore","value","0","0","0","0","0","0","6198","32954","6860","16477","0","0","62489",""
"2010","Table 54 - Florence values.pdf","CRUSTACEANS:","value",NA,NA,NA,NA,NA,NA,NA,NA,NA,NA,NA,NA,NA,""
"2010","Table 54 - Florence values.pdf","Crab, Dungeness bay","value","0","0","0","0","0","0","0","0","1889","0","0","0","1889",""
"2010","Table 54 - Florence values.pdf","Crab, Dungeness ocean","value","904","0","8408","2657","5575","5254","5135","3656","0","0","0","0","31589",""
"2010","Table 54 - Florence values.pdf","Shrimp, ghost","value","0","15","90","85","265","450","435","0","100","250","0","0","1690",""
"2010","Table 55 - Winchester Bay values.pdf","Flounder..arrowtooth..","value","CHECK","CHECK","CHECK","CHECK","CHECK","CHECK","CHECK","CHECK","CHECK","CHECK","CHECK","CHECK","CHECK","CHECK"
"2010","Table 55 - Winchester Bay values.pdf","Flounder, starry","value","0","0","0","0","0","0","58","0","0","0","0","0","58",""
"2010","Table 55 - Winchester Bay values.pdf","Halibut, Pacific","value","0","0","0","0","40","7321","28603","0","0","0","0","0","35964",""
"2010","Table 55 - Winchester Bay values.pdf","Herring, Pacific","value","0","0","0","0","0","80","420","0","0","0","0","0","500",""
"2010","Table 55 - Winchester Bay values.pdf","Lingcod","value","0","0","0","0","0","764","121","408","1591","0","194","0","3078",""
"2010","Table 55 - Winchester Bay values.pdf","Pacific Ocean perch","value","0","0","0","0","0","0","17","0","1","0","0","0","18",""
"2010","Table 55 - Winchester Bay values.pdf","Rockfish, black","value","0","0","0","0","13","0","0","0","0","0","0","0","13",""
"2010","Table 55 - Winchester Bay values.pdf","Rockfish, darkblotched","value","0","0","0","0","0","0","0","39","16","497","0","0","552",""
"2010","Table 55 - Winchester Bay values.pdf","Rockfish, yellowtail","value","0","0","0","0","21","0","0","0","4","0","0","0","25",""
"2010","Table 55 - Winchester Bay values.pdf","Rockfish, Shelf","value","0","0","0","0","0","64","0","0","19","0","0","0","83",""
"2010","Table 55 - Winchester Bay values.pdf","Rockfish, Slope","value","0","0","0","0","0","257","380","571","416","1849","0","0","3473",""
"2010","Table 55 - Winchester Bay values.pdf","Thornyhead, shortspine","value","0","0","0","0","0","0","104","44","77","277","0","0","502",""
"2010","Table 55 - Winchester Bay values.pdf","Sablefish","value","0","0","0","0","0","5331","33768","45288","97391","21322","4606","0","207706",""
"2010","Table 55 - Winchester Bay values.pdf","Salmon, chinook","value","0","0","0","3080","47056","84094","7797","22410","4555","80","0","0","169072",""
"2010","Table 55 - Winchester Bay values.pdf","Salmon, pink","value","0","0","0","0","0","0","120","0","0","0","0","0","120",""
"2010","Table 55 - Winchester Bay values.pdf","Skates and rays","value","0","0","0","0","0","120","1245","1185","518","305","0","0","3373",""
"2010","Table 55 - Winchester Bay values.pdf","Sole, Dover","value","0","0","0","0","0","2","7","4","12","8","0","0","33",""
"2010","Table 55 - Winchester Bay values.pdf","Sole, English","value","0","0","0","0","0","0","422","0","0","0","0","0","422",""
"2010","Table 55 - Winchester Bay values.pdf","Sole, petrale","value","0","0","0","0","0","71","0","0","43","0","0","0","114",""
"2010","Table 55 - Winchester Bay values.pdf","Sole, rex","value","0","0","0","0","0","0","656","49","0","0","0","0","705",""
"2010","Table 55 - Winchester Bay values.pdf","Sole, sand","value","0","0","0","0","0","0","723","0","0","0","0","0","723",""
"2010","Table 55 - Winchester Bay values.pdf","Tuna, albacore","value","0","0","0","0","0","0","20681","44612","2163","228461","0","0","295917",""
"2010","Table 55 - Winchester Bay values.pdf","CRUSTACEANS:","value",NA,NA,NA,NA,NA,NA,NA,NA,NA,NA,NA,NA,NA,""
"2010","Table 55 - Winchester Bay values.pdf","Crab, box","value","0","62","0","0","0","0","0","0","0","0","0","0","62",""
"2010","Table 55 - Winchester Bay values.pdf","Crab, Dungeness bay","value","0","0","0","0","0","0","0","0","7864","9648","158","0","17670",""
"2010","Table 55 - Winchester Bay values.pdf","Crab, Dungeness ocean","value","465825","299298","245090","147972","85394","9667","7824","3997","0","0","0","90","1265157",""
"2010","Table 55 - Winchester Bay values.pdf","Crab, Tanner","value","0","0","0","0","0","14368","0","0","0","0","0","0","14368",""
"2010","Table 56 - Charleston values.pdf","Cabezon...............","value","CHECK","CHECK","CHECK","CHECK","CHECK","CHECK","CHECK","CHECK","CHECK","CHECK","CHECK","CHECK","CHECK","CHECK"
"2010","Table 56 - Charleston values.pdf","Flounder, arrowtooth","value","1934","1210","4852","6064","4517","1182","748","1636","1835","1190","6300","4972","36440",""
"2010","Table 56 - Charleston values.pdf","Flounder, starry","value","0","0","0","0","0","0","0","3","0","0","0","0","3",""
"2010","Table 56 - Charleston values.pdf","Greenling sp","value","0","0","10","287","0","0","0","0","0","0","0","0","297",""
"2010","Table 56 - Charleston values.pdf","Grenadier, Pacific","value","0","32","6","0","293","1404","2884","0","0","777","23","201","5620",""
"2010","Table 56 - Charleston values.pdf","Grenadier, Unsp","value","0","0","0","26","177","0","0","0","0","0","0","0","203",""
"2010","Table 56 - Charleston values.pdf","Hagfish sp","value","49248","77698","62514","68496","58377","48545","123482","74628","110957","79803","78636","47666","880050",""
"2010","Table 56 - Charleston values.pdf","Halibut, Pacific","value","0","0","0","0","432","77227","23530","0","0","0","0","0","101189",""
"2010","Table 56 - Charleston values.pdf","Lingcod","value","347","67","43","339","1036","4102","3436","5983","4617","3939","2769","499","27177",""
"2010","Table 56 - Charleston values.pdf","Pacific Ocean perch","value","144","21","174","133","90","73","14","141","66","51","221","167","1295",""
"2010","Table 56 - Charleston values.pdf","Rockfish, black","value","0","0","139","1251","0","0","0","0","0","236","0","18","1644",""
"2010","Table 56 - Charleston values.pdf","Rockfish, blue","value","0","0","0","0","0","0","0","0","0","33","0","8","41",""
"2010","Table 56 - Charleston values.pdf","Rockfish, brown","value","0","0","0","0","0","13","0","0","0","0","0","0","13",""
"2010","Table 56 - Charleston values.pdf","Rockfish, canary","value","0","0","0","2","12","77","86","108","289","59","2","0","635",""
"2010","Table 56 - Charleston values.pdf","Rockfish, china","value","0","0","35","184","0","0","0","0","0","0","0","0","219",""
"2010","Table 56 - Charleston values.pdf","Rockfish, darkblotched","value","3859","1129","3517","1422","3378","775","579","1067","630","715","5728","3944","26743",""
"2010","Table 56 - Charleston values.pdf","Rockfish, quillback","value","0","0","0","10","0","2","0","0","1","0","0","0","13",""
"2010","Table 56 - Charleston values.pdf","Rockfish, vermillion","value","0","0","0","0","0","53","23","0","16","18","27","0","137",""
"2010","Table 56 - Charleston values.pdf","Rockfish, widow","value","3","0","2","0","2","4","2","8","19","0","3","12","55",""
"2010","Table 56 - Charleston values.pdf","Rockfish, yelloweye","value","0","0","0","0","0","1","50","0","1","0","0","0","52",""
"2010","Table 56 - Charleston values.pdf","Rockfish, yellowtail","value","0","0","0","581","270","118","26","156","835","465","0","0","2451",""
"2010","Table 56 - Charleston values.pdf","Rockfish, Shelf","value","0","0","2","6","22","150","150","135","388","3","2","0","858",""
"2010","Table 56 - Charleston values.pdf","Rockfish, Slope","value","760","186","588","1034","599","845","357","5678","1226","1259","727","859","14118",""
"2010","Table 56 - Charleston values.pdf","Thornyhead, longspine","value","6968","6164","13080","2764","3722","10714","14302","1788","1485","13614","10515","9270","94386",""
"2010","Table 56 - Charleston values.pdf","Thornyhead, shortspine","value","9260","10931","12568","15934","11539","10148","11990","7643","9613","12354","14851","12823","139654",""
"2010","Table 56 - Charleston values.pdf","Sablefish","value","122286","76903","133547","149096","122073","144623","120892","464440","193559","183557","136591","124489","1972056",""
"2010","Table 56 - Charleston values.pdf","Salmon, chinook","value","0","0","0","142560","354808","300465","25748","106149","158455","93216","1953","0","1183354",""
"2010","Table 56 - Charleston values.pdf","Salmon, chum","value","0","0","0","0","18","18","0","0","0","0","0","0","36",""
"2010","Table 56 - Charleston values.pdf","Sanddab, Pacific","value","0","0","0","4","1378","5637","1771","2180","4155","772","128","0","16025",""
"2010","Table 56 - Charleston values.pdf","Shark, blue","value","0","0","0","0","0","0","9","0","0","0","0","0","9",""
"2010","Table 56 - Charleston values.pdf","Shark, shortfin mako","value","0","0","0","0","0","0","54","0","110","0","0","0","164",""
"2010","Table 56 - Charleston values.pdf","Shark, spiny dogfish","value","26","83","48","12","27","7","8","0","39","2","0","0","252",""
"2010","Table 56 - Charleston values.pdf","Skates and rays","value","4550","6386","10478","11842","9075","7270","4506","6810","5923","5780","10055","7034","89709",""
"2010","Table 56 - Charleston values.pdf","Sole, curlfin (turbot)","value","0","0","0","0","0","4","0","6","0","0","0","0","10",""
"2010","Table 56 - Charleston values.pdf","Sole, Dover","value","49820","63428","136515","151793","72831","40925","51247","58627","86431","73495","108135","102834","996081",""
"2010","Table 56 - Charleston values.pdf","Sole, English","value","534","282","325","398","492","662","183","804","599","120","876","337","5612",""
"2010","Table 56 - Charleston values.pdf","Sole, petrale","value","84481","37232","21034","2944","33451","41847","22096","31322","58778","21899","54905","86041","496030",""
"2010","Table 56 - Charleston values.pdf","Sole, rex","value","4210","2505","3586","7689","5849","4599","4205","5953","5941","8371","8529","6463","67900",""
"2010","Table 56 - Charleston values.pdf","Sole, rock","value","0","0","0","0","0","68","0","24","1","0","0","0","93",""
"2010","Table 56 - Charleston values.pdf","Sole, sand","value","0","0","0","6","0","3","0","26","0","0","0","0","35",""
"2010","Table 56 - Charleston values.pdf","Tuna, bluefin","value","0","0","0","0","0","0","160","0","0","0","0","0","160",""
"2010","Table 56 - Charleston values.pdf","Tuna, albacore","value","0","0","0","0","0","3632","691411","1593765","557146","413730","0","0","3259684",""
"2010","Table 56 - Charleston values.pdf","Whiting, Pac (hake)","value","0","0","0","0","0","4","0","0","0","0","0","0","4",""
"2010","Table 56 - Charleston values.pdf","Wolf-eel","value","0","0","0","0","0","0","3","7","2","0","0","0","12",""
"2010","Table 56 - Charleston values.pdf","CRUSTACEANS:","value",NA,NA,NA,NA,NA,NA,NA,NA,NA,NA,NA,NA,NA,""
"2010","Table 56 - Charleston values.pdf","Crab, Dungeness bay","value","0","0","0","0","0","0","0","378","15742","13186","8661","87","38054",""
"2010","Table 56 - Charleston values.pdf","Crab, Dungeness ocean","value","3241049","1264528","536660","536258","338505","54220","30583","10611","0","0","0","343220","6355634",""
"2010","Table 56 - Charleston values.pdf","Crab..rock............","value","CHECK","CHECK","CHECK","CHECK","CHECK","CHECK","CHECK","CHECK","CHECK","CHECK","CHECK","CHECK","CHECK","CHECK"
"2010","Table 56 - Charleston values.pdf","Shrimp, ghost","value","119","114","95","89","378","410","125","16","227","338","105","119","2135",""
"2010","Table 56 - Charleston values.pdf","Shrimp, pink","value","0","0","0","1011109","1911341","2048155","1772725","1510454","1216539","1405649","0","0","10875972",""
"2010","Table 56 - Charleston values.pdf","Shrimp, spot","value","0","0","0","0","0","0","0","0","16658","26270","6224","0","49152",""
"2010","Table 56 - Charleston values.pdf","MOLLUSKS:","value",NA,NA,NA,NA,NA,NA,NA,NA,NA,NA,NA,NA,NA,""
"2010","Table 56 - Charleston values.pdf","Clams, butter","value","170","177","152","367","220","562","868","963","316","327","1188","38","5348",""
"2010","Table 56 - Charleston values.pdf","Clams, cockle","value","546","530","270","968","1054","387","39","18","20","191","734","890","5647",""
"2010","Table 56 - Charleston values.pdf","Clams, gaper","value","0","0","0","0","0","0","48","10","28","272","353","190","901",""
"2010","Table 56 - Charleston values.pdf","Mussels, ocean","value","0","0","0","0","0","23","0","0","5","0","3","0","31",""
"2010","Table 56 - Charleston values.pdf","Octopus","value","550","626","425","324","48","89","20","0","13","15","0","0","2110",""
"2010","Table 56 - Charleston values.pdf","Squid, other sp","value","0","0","0","0","20","0","0","0","0","0","0","0","20",""
"2010","Table 56 - Charleston values.pdf","OTHER INVERTEBRATES:","value",NA,NA,NA,NA,NA,NA,NA,NA,NA,NA,NA,NA,NA,""
"2010","Table 56 - Charleston values.pdf","Sea urchin, red","value","0","0","0","0","0","8804","4806","0","0","0","0","0","13610",""
"2010","Table 57 - Bandon values.pdf","Cabezon...............","value","CHECK","CHECK","CHECK","CHECK","CHECK","CHECK","CHECK","CHECK","CHECK","CHECK","CHECK","CHECK","CHECK","CHECK"
"2010","Table 57 - Bandon values.pdf","Greenling sp","value","0","0","0","0","125","920","1665","2346","930","756","0","0","6742",""
"2010","Table 57 - Bandon values.pdf","Lingcod","value","0","0","0","0","237","1215","2055","2838","192","1650","0","0","8187",""
"2010","Table 57 - Bandon values.pdf","Rockfish, black","value","0","36","0","330","2913","7614","10783","9435","4720","3188","0","21","39040",""
"2010","Table 57 - Bandon values.pdf","Rockfish, blue","value","0","0","0","0","0","0","0","15","0","0","0","82","97",""
"2010","Table 57 - Bandon values.pdf","Rockfish, china","value","0","0","0","2","147","482","1048","2294","176","1037","0","0","5186",""
"2010","Table 57 - Bandon values.pdf","Rockfish, copper","value","0","0","0","0","50","45","506","718","329","243","0","0","1891",""
"2010","Table 57 - Bandon values.pdf","Rockfish, quillback","value","0","0","0","0","25","60","533","688","364","573","0","0","2243",""
"2010","Table 57 - Bandon values.pdf","Rockfish, tiger","value","0","0","0","0","0","0","31","85","35","98","0","0","249",""
"2010","Table 57 - Bandon values.pdf","Rockfish, vermillion","value","0","0","0","0","114","204","713","491","128","438","0","4","2092",""
"2010","Table 57 - Bandon values.pdf","Rockfish, yellowtail","value","0","0","0","0","0","0","3","144","89","123","0","0","359",""
"2010","Table 57 - Bandon values.pdf","Tuna, albacore","value","0","0","0","0","0","0","0","16044","0","0","0","0","16044",""
"2010","Table 57 - Bandon values.pdf","CRUSTACEANS:","value",NA,NA,NA,NA,NA,NA,NA,NA,NA,NA,NA,NA,NA,""
"2010","Table 57 - Bandon values.pdf","Crab, Dungeness bay","value","0","0","0","0","0","0","0","0","0","0","0","74","74",""
"2010","Table 58 - Port Orford values.pdf","Cabezon...............","value","CHECK","CHECK","CHECK","CHECK","CHECK","CHECK","CHECK","CHECK","CHECK","CHECK","CHECK","CHECK","CHECK","CHECK"
"2010","Table 58 - Port Orford values.pdf","Flounder, arrowtooth","value","0","3","5","11","10","15","6","12","3","6","1","0","72",""
"2010","Table 58 - Port Orford values.pdf","Flounder, starry","value","0","0","0","1","0","0","0","0","0","0","0","0","1",""
"2010","Table 58 - Port Orford values.pdf","Greenling sp","value","8866","4861","9005","13322","21005","9296","7192","10880","15955","11287","7263","2209","121141",""
"2010","Table 58 - Port Orford values.pdf","Hagfish sp","value","0","0","0","0","0","0","0","0","0","9","6","0","15",""
"2010","Table 58 - Port Orford values.pdf","Halibut, Pacific","value","0","0","0","0","0","35384","895","0","0","0","0","0","36279",""
"2010","Table 58 - Port Orford values.pdf","Irish Lord, red","value","0","0","0","0","0","0","0","0","25","0","0","0","25",""
"2010","Table 58 - Port Orford values.pdf","Lingcod","value","0","0","0","0","21209","14110","8270","10759","15707","12555","15908","0","98518",""
"2010","Table 58 - Port Orford values.pdf","Pomfret, Pacific","value","0","0","0","0","0","0","0","0","3","0","0","0","3",""
"2010","Table 58 - Port Orford values.pdf","Pacific Ocean perch","value","10","1","8","8","2","3","4","25","13","2","1","0","77",""
"2010","Table 58 - Port Orford values.pdf","Rockfish, black","value","4423","4810","5775","18497","46644","34472","24873","18403","24085","15600","14613","14729","226924",""
"2010","Table 58 - Port Orford values.pdf","Rockfish, black&yellow","value","14","0","0","6","15","7","0","0","0","0","0","0","42",""
"2010","Table 58 - Port Orford values.pdf","Rockfish, blue","value","82","31","9","1150","575","193","93","487","2161","466","1585","523","7355",""
"2010","Table 58 - Port Orford values.pdf","Rockfish, brown","value","0","0","0","0","0","82","0","1","43","0","0","0","126",""
"2010","Table 58 - Port Orford values.pdf","Rockfish, china","value","4575","3801","3231","9431","10569","11165","5889","8657","15245","10646","4508","3144","90861",""
"2010","Table 58 - Port Orford values.pdf","Rockfish, copper","value","186","67","50","236","1378","938","549","1243","1005","1048","233","128","7061",""
"2010","Table 58 - Port Orford values.pdf","Rockfish, darkblotched","value","30","344","240","199","1021","1050","687","1055","153","100","75","31","4985",""
"2010","Table 58 - Port Orford values.pdf","Rockfish, Gopher","value","4","9","9","40","0","10","22","30","39","34","0","0","197",""
"2010","Table 58 - Port Orford values.pdf","Rockfish, grass","value","0","0","0","0","28","0","0","1","21","3","3","0","56",""
"2010","Table 58 - Port Orford values.pdf","Rockfish, quillback","value","193","145","160","559","2546","1322","590","1418","2809","1711","585","200","12238",""
"2010","Table 58 - Port Orford values.pdf","Rockfish, tiger","value","13","13","22","211","254","473","94","556","992","742","417","389","4176",""
"2010","Table 58 - Port Orford values.pdf","Rockfish, vermillion","value","50","106","202","399","1158","794","579","930","1745","789","380","286","7418",""
"2010","Table 58 - Port Orford values.pdf","Rockfish, widow","value","0","0","0","8","15","8","7","0","60","3","0","0","101",""
"2010","Table 58 - Port Orford values.pdf","Rockfish, yellowtail","value","56","6","0","62","76","101","32","62","403","110","86","13","1007",""
"2010","Table 58 - Port Orford values.pdf","Rockfish, Shelf","value","0","1","1","3","94","31","5","0","12","7","0","0","154",""
"2010","Table 58 - Port Orford values.pdf","Rockfish, Slope","value","229","1075","800","828","2479","2518","668","1351","334","411","310","30","11033",""
"2010","Table 58 - Port Orford values.pdf","Thornyhead, longspine","value","0","0","0","85","0","0","0","0","0","0","1","0","86",""
"2010","Table 58 - Port Orford values.pdf","Thornyhead, shortspine","value","222","167","19","171","66","508","254","124","3","28","50","10","1622",""
"2010","Table 58 - Port Orford values.pdf","Sablefish","value","26298","67702","53902","58677","104958","116400","42381","59427","34431","29089","26696","14687","634648",""
"2010","Table 58 - Port Orford values.pdf","Salmon, chinook","value","0","0","0","3924","14072","19770","15199","5303","48853","43128","48153","0","198402",""
"2010","Table 58 - Port Orford values.pdf","Sculpin, other sp","value","0","0","0","0","0","0","0","0","0","0","12","0","12",""
"2010","Table 58 - Port Orford values.pdf","Shark, spiny dogfish","value","0","87","7","7","28","14","16","31","27","7","7","19","250",""
"2010","Table 58 - Port Orford values.pdf","Skates and rays","value","6","67","53","192","165","206","91","172","102","53","16","9","1132",""
"2010","Table 58 - Port Orford values.pdf","Skilfish","value","0","0","0","0","0","0","261","0","0","0","0","0","261",""
"2010","Table 58 - Port Orford values.pdf","Sole, Dover","value","0","6","1","44","13","26","18","14","5","5","5","6","143",""
"2010","Table 58 - Port Orford values.pdf","Sole, petrale","value","3","4","1","0","0","20","0","0","0","0","2","0","30",""
"2010","Table 58 - Port Orford values.pdf","Tuna, albacore","value","0","0","0","0","0","0","4386","21896","2622","0","0","0","28904",""
"2010","Table 58 - Port Orford values.pdf","Wolf-eel","value","0","0","0","12","0","17","6","39","16","20","8","0","118",""
"2010","Table 58 - Port Orford values.pdf","CRUSTACEANS:","value",NA,NA,NA,NA,NA,NA,NA,NA,NA,NA,NA,NA,NA,""
"2010","Table 58 - Port Orford values.pdf","Crab, Dungeness ocean","value","554254","246361","129069","132177","63165","42782","44369","14542","0","0","0","212757","1439476",""
"2010","Table 58 - Port Orford values.pdf","MOLLUSKS:","value",NA,NA,NA,NA,NA,NA,NA,NA,NA,NA,NA,NA,NA,""
"2010","Table 58 - Port Orford values.pdf","Octopus","value","371","345","630","433","91","42","0","0","0","0","0","0","1912",""
"2010","Table 58 - Port Orford values.pdf","OTHER INVERTEBRATES:","value",NA,NA,NA,NA,NA,NA,NA,NA,NA,NA,NA,NA,NA,""
"2010","Table 58 - Port Orford values.pdf","Sea cucumber","value","0","0","0","0","1240","681","0","0","0","0","0","0","1921",""
"2010","Table 58 - Port Orford values.pdf","Sea urchin, red","value","14865","9305","15291","41679","0","488","0","0","0","11457","35877","24090","153052",""
"2010","Table 59 - Gold Beach values.pdf","Cabezon...............","value","CHECK","CHECK","CHECK","CHECK","CHECK","CHECK","CHECK","CHECK","CHECK","CHECK","CHECK","CHECK","CHECK","CHECK"
"2010","Table 59 - Gold Beach values.pdf","Greenling sp","value","1595","808","2066","2173","7803","5013","5820","6957","9117","7195","1928","728","51203",""
"2010","Table 59 - Gold Beach values.pdf","Lingcod","value","0","0","0","0","5900","3638","2688","4228","4588","2838","968","0","24848",""
"2010","Table 59 - Gold Beach values.pdf","Rockfish, black","value","685","484","463","5484","14649","16688","19073","21380","9327","8123","307","216","96879",""
"2010","Table 59 - Gold Beach values.pdf","Rockfish, black&yellow","value","0","0","0","0","0","0","19","20","0","0","0","0","39",""
"2010","Table 59 - Gold Beach values.pdf","Rockfish, blue","value","0","0","0","227","270","8","128","2341","1307","299","14","0","4594",""
"2010","Table 59 - Gold Beach values.pdf","Rockfish, china","value","697","290","326","505","1965","1948","1972","3088","3636","1370","743","143","16683",""
"2010","Table 59 - Gold Beach values.pdf","Rockfish, copper","value","6","17","0","0","157","32","63","21","48","20","10","0","374",""
"2010","Table 59 - Gold Beach values.pdf","Rockfish, Gopher","value","0","0","0","10","10","34","20","83","19","10","10","0","196",""
"2010","Table 59 - Gold Beach values.pdf","Rockfish, grass","value","0","0","0","0","21","0","0","0","0","63","0","0","84",""
"2010","Table 59 - Gold Beach values.pdf","Rockfish, quillback","value","17","0","0","19","95","84","72","21","4","1","0","0","313",""
"2010","Table 59 - Gold Beach values.pdf","Rockfish, tiger","value","0","0","0","0","0","0","19","19","0","0","0","0","38",""
"2010","Table 59 - Gold Beach values.pdf","Rockfish, vermillion","value","22","3","0","16","251","147","64","141","156","51","14","0","865",""
"2010","Table 59 - Gold Beach values.pdf","Rockfish, yellowtail","value","0","0","0","13","2","24","0","12","6","0","0","0","57",""
"2010","Table 59 - Gold Beach values.pdf","Salmon, chinook","value","0","0","0","462","343","3946","0","1267","5630","2284","0","0","13932",""
"2010","Table 59 - Gold Beach values.pdf","Tuna, albacore","value","0","0","0","0","0","0","0","5024","4160","0","0","0","9184",""
"2010","Table 59 - Gold Beach values.pdf","Wolf-eel","value","0","0","0","0","0","0","0","2","0","0","0","0","2",""
"2010","Table 59 - Gold Beach values.pdf","CRUSTACEANS:","value",NA,NA,NA,NA,NA,NA,NA,NA,NA,NA,NA,NA,NA,""
"2010","Table 59 - Gold Beach values.pdf","Crab, Dungeness ocean","value","2782","4160","3626","1922","6476","6819","1320","690","0","0","0","0","27795",""
"2010","Table 59 - Gold Beach values.pdf","OTHER INVERTEBRATES:","value",NA,NA,NA,NA,NA,NA,NA,NA,NA,NA,NA,NA,NA,""
"2010","Table 59 - Gold Beach values.pdf","Sea urchin, red","value","0","0","0","0","21088","2748","3580","4628","2555","9442","0","0","44041",""
"2010","Table 60 - Brookings value.pdf","Cabezon...............","value","CHECK","CHECK","CHECK","CHECK","CHECK","CHECK","CHECK","CHECK","CHECK","CHECK","CHECK","CHECK","CHECK","CHECK"
"2010","Table 60 - Brookings value.pdf","Flounder, arrowtooth","value","0","19","449","661","62","614","332","317","224","803","917","480","4878",""
"2010","Table 60 - Brookings value.pdf","Greenling sp","value","179","544","319","1774","1890","578","1607","628","2024","714","1343","0","11600",""
"2010","Table 60 - Brookings value.pdf","Grenadier, Pacific","value","0","0","4","1138","378","665","0","0","381","87","0","53","2706",""
"2010","Table 60 - Brookings value.pdf","Halibut, Pacific","value","0","0","0","0","0","2154","0","0","0","0","0","0","2154",""
"2010","Table 60 - Brookings value.pdf","Lingcod","value","0","0","11","23","1612","2839","869","1102","1001","1496","926","274","10153",""
"2010","Table 60 - Brookings value.pdf","Pacific Ocean perch","value","0","6","3","0","6","8","3","0","3","0","1","2","32",""
"2010","Table 60 - Brookings value.pdf","Rockfish, black","value","48","433","108","2171","2400","3722","4368","1825","2105","1520","425","0","19125",""
"2010","Table 60 - Brookings value.pdf","Rockfish, black&yellow","value","0","0","0","0","0","0","0","15","0","0","10","0","25",""
"2010","Table 60 - Brookings value.pdf","Rockfish, blue","value","0","0","0","349","328","0","0","5","45","318","0","0","1045",""
"2010","Table 60 - Brookings value.pdf","Rockfish, canary","value","0","0","0","0","0","66","0","0","0","0","0","0","66",""
"2010","Table 60 - Brookings value.pdf","Rockfish, china","value","79","75","14","229","151","81","100","142","111","172","134","0","1288",""
"2010","Table 60 - Brookings value.pdf","Rockfish, copper","value","0","0","0","0","0","0","0","0","0","63","0","0","63",""
"2010","Table 60 - Brookings value.pdf","Rockfish, darkblotched","value","0","47","21","481","547","186","211","115","4","3","64","41","1720",""
"2010","Table 60 - Brookings value.pdf","Rockfish, Gopher","value","0","0","0","0","10","10","10","0","10","0","0","0","40",""
"2010","Table 60 - Brookings value.pdf","Rockfish, grass","value","0","0","0","0","0","497","161","133","630","28","0","0","1449",""
"2010","Table 60 - Brookings value.pdf","Rockfish, quillback","value","0","0","0","0","3","0","43","0","0","37","0","0","83",""
"2010","Table 60 - Brookings value.pdf","Rockfish, vermillion","value","0","11","0","4","25","0","20","0","0","22","9","0","91",""
"2010","Table 60 - Brookings value.pdf","Rockfish, widow","value","0","0","0","0","0","90","0","0","0","0","0","0","90",""
"2010","Table 60 - Brookings value.pdf","Rockfish, yellowtail","value","0","0","0","0","11","5","6","0","0","62","9","0","93",""
"2010","Table 60 - Brookings value.pdf","Rockfish, Shelf","value","0","0","0","1","0","27","0","0","0","0","0","13","41",""
"2010","Table 60 - Brookings value.pdf","Rockfish, Slope","value","0","73","17","5798","2255","652","193","594","63","312","164","167","10288",""
"2010","Table 60 - Brookings value.pdf","Thornyhead, longspine","value","0","536","6621","19595","5211","13523","2898","4046","6375","22229","19864","15731","116629",""
"2010","Table 60 - Brookings value.pdf","Thornyhead, shortspine","value","0","1210","2886","11135","6026","8306","7100","7491","5985","11251","12273","15471","89134",""
"2010","Table 60 - Brookings value.pdf","Sablefish","value","1941","11151","47284","313511","157087","145972","78158","71904","42466","69318","61438","71767","1071997",""
"2010","Table 60 - Brookings value.pdf","Salmon, chinook","value","0","0","0","3641","1483","97980","87162","55163","43892","13160","0","0","302481",""
"2010","Table 60 - Brookings value.pdf","Skates and rays","value","0","838","912","2625","744","2742","1368","5958","3523","3604","2736","1033","26083",""
"2010","Table 60 - Brookings value.pdf","Sole, Dover","value","0","38023","14761","66151","24131","49045","70545","105681","83519","66431","60516","43458","622261",""
"2010","Table 60 - Brookings value.pdf","Sole, English","value","0","28","0","41","0","159","0","0","0","0","0","108","336",""
"2010","Table 60 - Brookings value.pdf","Sole, petrale","value","0","6944","11960","716","2","1228","0","17","302","152","1387","35339","58047",""
"2010","Table 60 - Brookings value.pdf","Sole, rex","value","0","1105","606","1083","806","2018","2450","3896","4190","2518","2496","2050","23218",""
"2010","Table 60 - Brookings value.pdf","Tuna, albacore","value","0","0","0","0","0","0","1373","79463","38646","5084","0","0","124566",""
"2010","Table 60 - Brookings value.pdf","CRUSTACEANS:","value",NA,NA,NA,NA,NA,NA,NA,NA,NA,NA,NA,NA,NA,""
"2010","Table 60 - Brookings value.pdf","Crab, Dungeness ocean","value","3610663","2429742","604705","308312","218701","55006","11870","0","0","0","0","248523","7487522",""
"2010","Table 60 - Brookings value.pdf","Shrimp, coonstripe","value","0","0","0","0","0","32","0","0","0","0","0","0","32",""
"2010","Table 60 - Brookings value.pdf","Shrimp, pink","value","0","0","0","120216","229317","220677","319001","228632","335878","374511","0","0","1828232",""
"2010","Table 60 - Brookings value.pdf","OTHER INVERTEBRATES:","value",NA,NA,NA,NA,NA,NA,NA,NA,NA,NA,NA,NA,NA,""
"2010","Table 60 - Brookings value.pdf","Sea urchin, red","value","0","0","0","0","1280","0","0","0","0","0","0","0","1280",""
