"year","filename","species","type","January","Feburary","March","April","May","June","July","August","September","October","November","December","Total","flag"
"2010","44_Monthly_value_Columbia_River.pdf","Anchovy..northern.....","value","CHECK","CHECK","CHECK","CHECK","CHECK","CHECK","CHECK","CHECK","CHECK","CHECK","CHECK","CHECK","CHECK","CHECK"
"2010","44_Monthly_value_Columbia_River.pdf","Cod, Pacific","value","137","192","144","17852","23504","74974","53916","110561","10267","13624","306","4339","309816",""
"2010","44_Monthly_value_Columbia_River.pdf","Flounder, arrowtooth","value","7998","16972","27726","35104","63950","49554","18320","21552","8912","18945","14080","36016","319129",""
"2010","44_Monthly_value_Columbia_River.pdf","Flounder, starry","value","0","369","308","419","924","2850","926","856","101","3","1","112","6869",""
"2010","44_Monthly_value_Columbia_River.pdf","Grenadier, Pacific","value","0","0","0","46","32","0","0","0","0","0","0","9","87",""
"2010","44_Monthly_value_Columbia_River.pdf","Hagfish sp","value","5319","14850","18034","32598","37392","76617","45251","0","0","0","0","0","230061",""
"2010","44_Monthly_value_Columbia_River.pdf","Halibut, Pacific","value","0","0","0","0","0","79572","49285","14824","0","0","0","0","143681",""
"2010","44_Monthly_value_Columbia_River.pdf","Yellowtail","value","0","0","0","0","0","0","0","44","0","0","0","0","44",""
"2010","44_Monthly_value_Columbia_River.pdf","Lingcod","value","136","35305","7419","360","2611","12165","20163","34176","10719","10944","3024","85412","222434",""
"2010","44_Monthly_value_Columbia_River.pdf","Mackerel, Pacific","value","0","0","0","0","0","0","1153","35","139","0","0","0","1327",""
"2010","44_Monthly_value_Columbia_River.pdf","Pacific Ocean perch","value","450","812","1411","920","3550","1628","100","41","223","4390","4361","10424","28310",""
"2010","44_Monthly_value_Columbia_River.pdf","Rockfish, black","value","0","80","74","101","111","147","17","2","152","0","0","184","868",""
"2010","44_Monthly_value_Columbia_River.pdf","Rockfish, blue","value","0","0","0","0","0","0","2","0","0","0","0","0","2",""
"2010","44_Monthly_value_Columbia_River.pdf","Rockfish, canary","value","2","10","10","18","50","366","1440","730","350","75","0","241","3292",""
"2010","44_Monthly_value_Columbia_River.pdf","Rockfish, darkblotched","value","786","723","1489","3105","6742","2676","601","195","1581","2403","2963","12684","35948",""
"2010","44_Monthly_value_Columbia_River.pdf","Rockfish, quillback","value","0","0","0","0","1","9","3","13","4","6","0","0","36",""
"2010","44_Monthly_value_Columbia_River.pdf","Rockfish, widow","value","24","46","132","14","38","3770","33637","351","5652","10895","746","3130","58435",""
"2010","44_Monthly_value_Columbia_River.pdf","Rockfish, yelloweye","value","0","5","0","0","8","1","10","369","2","15","0","2","412",""
"2010","44_Monthly_value_Columbia_River.pdf","Rockfish, yellowtail","value","108","44","17321","182","815","109881","146486","82651","75839","3149","2041","205771","644288",""
"2010","44_Monthly_value_Columbia_River.pdf","Rockfish, Shelf","value","22","38","186","38","261","3215","2157","1237","987","566","489","2366","11562",""
"2010","44_Monthly_value_Columbia_River.pdf","Rockfish, Slope","value","1002","2353","2622","4411","20824","9368","161","968","1640","9168","8217","14970","75704",""
"2010","44_Monthly_value_Columbia_River.pdf","Thornyhead, longspine","value","6442","14667","5720","14029","19068","19117","42","789","412","1395","2716","14930","99327",""
"2010","44_Monthly_value_Columbia_River.pdf","Thornyhead, shortspine","value","11092","16958","8802","22161","53685","35856","694","9657","4055","18727","19551","50629","251867",""
"2010","44_Monthly_value_Columbia_River.pdf","Sablefish","value","113009","196837","146822","273526","459529","341052","86278","226375","513055","634519","185520","353325","3529847",""
"2010","44_Monthly_value_Columbia_River.pdf","Salmon, chinook","value","0","0","0","0","62864","84126","5621","10469","1278","18240","0","0","182598",""
"2010","44_Monthly_value_Columbia_River.pdf","Salmon, chum","value","0","0","0","0","0","2","0","0","0","0","0","0","2",""
"2010","44_Monthly_value_Columbia_River.pdf","Salmon, coho","value","0","0","0","0","0","0","1985","1439","520","0","0","0","3944",""
"2010","44_Monthly_value_Columbia_River.pdf","Salmon, pink","value","0","0","0","0","0","0","2","5","0","0","0","0","7",""
"2010","44_Monthly_value_Columbia_River.pdf","Sanddab, Pacific","value","573","5274","141","10143","4659","11723","14559","15146","1986","2588","17","3161","69970",""
"2010","44_Monthly_value_Columbia_River.pdf","Sardine, Pacific","value","0","0","0","0","0","0","2347276","317700","624398","0","0","0","3289374",""
"2010","44_Monthly_value_Columbia_River.pdf","Sculpin, other sp","value","0","0","0","2","0","0","0","0","0","0","0","0","2",""
"2010","44_Monthly_value_Columbia_River.pdf","Shad, American","value","0","0","0","0","0","0","45","253","0","0","0","0","298",""
"2010","44_Monthly_value_Columbia_River.pdf","Shark, blue","value","0","0","0","0","0","0","15","0","0","0","0","0","15",""
"2010","44_Monthly_value_Columbia_River.pdf","Shark, soupfin","value","0","0","0","0","0","0","84","0","0","0","0","0","84",""
"2010","44_Monthly_value_Columbia_River.pdf","Shark, spiny dogfish","value","16622","11342","189","328","0","0","14339","29819","1085","2237","0","0","75961",""
"2010","44_Monthly_value_Columbia_River.pdf","Skates and rays","value","10163","26189","16204","28704","60480","92409","62330","50447","25245","34688","13152","35998","456009",""
"2010","44_Monthly_value_Columbia_River.pdf","Sole, butter","value","0","0","0","0","0","0","2","31","2","0","0","0","35",""
"2010","44_Monthly_value_Columbia_River.pdf","Sole, curlfin (turbot)","value","0","0","4","0","0","0","38","51","5","0","0","0","98",""
"2010","44_Monthly_value_Columbia_River.pdf","Sole, deepsea","value","144","198","0","0","285","118","0","0","0","62","63","0","870",""
"2010","44_Monthly_value_Columbia_River.pdf","Sole, Dover","value","123744","165490","216189","353056","338700","157482","117169","131223","93096","159737","126035","389839","2371760",""
"2010","44_Monthly_value_Columbia_River.pdf","Sole, English","value","683","1310","660","2743","4514","4254","12220","11053","3740","4116","1017","5442","51752",""
"2010","44_Monthly_value_Columbia_River.pdf","Sole, flathead","value","0","0","0","16","355","390","269","672","315","285","19","22","2343",""
"2010","44_Monthly_value_Columbia_River.pdf","Sole, petrale","value","101918","131346","57638","21321","27407","58112","90235","120484","55454","87371","43466","220443","1015195",""
"2010","44_Monthly_value_Columbia_River.pdf","Sole, rex","value","2452","3512","2625","4774","16167","16194","26924","18754","10612","15603","4770","10440","132827",""
"2010","44_Monthly_value_Columbia_River.pdf","Sole, rock","value","1","10","0","20","21","10","15","102","19","53","0","3","254",""
"2010","44_Monthly_value_Columbia_River.pdf","Sole, sand","value","0","10536","614","12198","14211","35838","16381","36052","4829","88","378","3353","134478",""
"2010","44_Monthly_value_Columbia_River.pdf","Sole, slender","value","0","0","0","0","0","955","688","250","0","0","0","0","1893",""
"2010","44_Monthly_value_Columbia_River.pdf","Sunfish..ocean........","value","CHECK","CHECK","CHECK","CHECK","CHECK","CHECK","CHECK","CHECK","CHECK","CHECK","CHECK","CHECK","CHECK","CHECK"
"2010","44_Monthly_value_Columbia_River.pdf","Tuna, albacore","value","0","0","0","0","0","0","822516","1974960","1028391","3019581","86029","0","6931477",""
"2010","44_Monthly_value_Columbia_River.pdf","Whiting, Pac (hake)","value","147","96","92","428","1056","1479642","3724792","3776639","1297670","410717","36719","1103","10729101",""
"2010","44_Monthly_value_Columbia_River.pdf","Wolf-eel","value","0","0","0","0","0","0","0","3","0","0","0","0","3",""
"2010","44_Monthly_value_Columbia_River.pdf","Wrymouth, giant","value","0","2","0","0","0","0","9","19","23","31","0","0","84",""
"2010","44_Monthly_value_Columbia_River.pdf","CRUSTACEANS:","value",NA,NA,NA,NA,NA,NA,NA,NA,NA,NA,NA,NA,NA,""
"2010","44_Monthly_value_Columbia_River.pdf","Crab, Dungeness ocean","value","3086834","953815","479609","745524","424197","95660","35160","16491","0","9896","0","3282082","9129268",""
"2010","44_Monthly_value_Columbia_River.pdf","Shrimp, pink","value","0","0","0","158867","950783","1058113","906538","879980","520830","340938","13611","0","4829660",""
"2010","44_Monthly_value_Columbia_River.pdf","MOLLUSKS:","value",NA,NA,NA,NA,NA,NA,NA,NA,NA,NA,NA,NA,NA,""
"2010","44_Monthly_value_Columbia_River.pdf","Clams, razor","value","0","0","0","690","81","1498","0","0","0","0","0","32","2301",""
"2010","44_Monthly_value_Columbia_River.pdf","Octopus","value","0","0","0","0","0","56","160","75","44","52","0","0","387",""
"2010","44_Monthly_value_Columbia_River.pdf","Squid, Market","value","0","2","0","0","0","0","0","0","0","0","0","0","2",""
"2010","44_Monthly_value_Columbia_River.pdf","Squid, other sp","value","16","25","1","101","177","231","37","0","20","179","29","11","827",""
"2010","45_Monthly_value_Astoria.pdf","Anchovy..northern.....","value","CHECK","CHECK","CHECK","CHECK","CHECK","CHECK","CHECK","CHECK","CHECK","CHECK","CHECK","CHECK","CHECK","CHECK"
"2010","45_Monthly_value_Astoria.pdf","Cod, Pacific","value","137","192","144","17852","23504","74974","53916","110561","10267","13624","306","4339","309816",""
"2010","45_Monthly_value_Astoria.pdf","Flounder, arrowtooth","value","7998","16972","27726","35104","63950","49554","18320","21552","8912","18945","14080","36016","319129",""
"2010","45_Monthly_value_Astoria.pdf","Flounder, starry","value","0","369","308","419","924","2850","926","856","101","3","1","112","6869",""
"2010","45_Monthly_value_Astoria.pdf","Grenadier, Pacific","value","0","0","0","46","32","0","0","0","0","0","0","9","87",""
"2010","45_Monthly_value_Astoria.pdf","Hagfish sp","value","5319","14850","18034","32598","37392","76617","45251","0","0","0","0","0","230061",""
"2010","45_Monthly_value_Astoria.pdf","Halibut, Pacific","value","0","0","0","0","0","79572","49285","14824","0","0","0","0","143681",""
"2010","45_Monthly_value_Astoria.pdf","Yellowtail","value","0","0","0","0","0","0","0","44","0","0","0","0","44",""
"2010","45_Monthly_value_Astoria.pdf","Lingcod","value","136","35305","7419","360","2611","12165","20163","34176","10719","10944","3024","85412","222434",""
"2010","45_Monthly_value_Astoria.pdf","Mackerel, Pacific","value","0","0","0","0","0","0","1153","35","139","0","0","0","1327",""
"2010","45_Monthly_value_Astoria.pdf","Pacific Ocean perch","value","450","812","1411","920","3550","1628","100","41","223","4390","4361","10424","28310",""
"2010","45_Monthly_value_Astoria.pdf","Rockfish, black","value","0","80","74","101","111","147","17","2","152","0","0","184","868",""
"2010","45_Monthly_value_Astoria.pdf","Rockfish, blue","value","0","0","0","0","0","0","2","0","0","0","0","0","2",""
"2010","45_Monthly_value_Astoria.pdf","Rockfish, canary","value","2","10","10","18","50","366","1440","730","350","75","0","241","3292",""
"2010","45_Monthly_value_Astoria.pdf","Rockfish, darkblotched","value","786","723","1489","3105","6742","2676","601","195","1581","2403","2963","12684","35948",""
"2010","45_Monthly_value_Astoria.pdf","Rockfish, quillback","value","0","0","0","0","1","9","3","13","4","6","0","0","36",""
"2010","45_Monthly_value_Astoria.pdf","Rockfish, widow","value","24","46","132","14","38","3770","33637","351","5652","10895","746","3130","58435",""
"2010","45_Monthly_value_Astoria.pdf","Rockfish, yelloweye","value","0","5","0","0","8","1","10","369","2","15","0","2","412",""
"2010","45_Monthly_value_Astoria.pdf","Rockfish, yellowtail","value","108","44","17321","182","815","109881","146486","82651","75839","3149","2041","205771","644288",""
"2010","45_Monthly_value_Astoria.pdf","Rockfish, Shelf","value","22","38","186","38","261","3215","2157","1237","987","566","489","2366","11562",""
"2010","45_Monthly_value_Astoria.pdf","Rockfish, Slope","value","1002","2353","2622","4411","20824","9368","161","968","1640","9168","8217","14970","75704",""
"2010","45_Monthly_value_Astoria.pdf","Thornyhead, longspine","value","6442","14667","5720","14029","19068","19117","42","789","412","1395","2716","14930","99327",""
"2010","45_Monthly_value_Astoria.pdf","Thornyhead, shortspine","value","11092","16958","8802","22161","53685","35856","694","9657","4055","18727","19551","50629","251867",""
"2010","45_Monthly_value_Astoria.pdf","Sablefish","value","113009","196837","146822","273526","459529","341052","86278","226375","513055","634519","185520","353325","3529847",""
"2010","45_Monthly_value_Astoria.pdf","Salmon, chinook","value","0","0","0","0","62864","84126","5621","10469","1278","18240","0","0","182598",""
"2010","45_Monthly_value_Astoria.pdf","Salmon, chum","value","0","0","0","0","0","2","0","0","0","0","0","0","2",""
"2010","45_Monthly_value_Astoria.pdf","Salmon, coho","value","0","0","0","0","0","0","1985","1439","520","0","0","0","3944",""
"2010","45_Monthly_value_Astoria.pdf","Salmon, pink","value","0","0","0","0","0","0","2","5","0","0","0","0","7",""
"2010","45_Monthly_value_Astoria.pdf","Sanddab, Pacific","value","573","5274","141","10143","4659","11723","14559","15146","1986","2588","17","3161","69970",""
"2010","45_Monthly_value_Astoria.pdf","Sardine, Pacific","value","0","0","0","0","0","0","2347276","317700","624398","0","0","0","3289374",""
"2010","45_Monthly_value_Astoria.pdf","Sculpin, other sp","value","0","0","0","2","0","0","0","0","0","0","0","0","2",""
"2010","45_Monthly_value_Astoria.pdf","Shad, American","value","0","0","0","0","0","0","45","253","0","0","0","0","298",""
"2010","45_Monthly_value_Astoria.pdf","Shark, blue","value","0","0","0","0","0","0","15","0","0","0","0","0","15",""
"2010","45_Monthly_value_Astoria.pdf","Shark, soupfin","value","0","0","0","0","0","0","84","0","0","0","0","0","84",""
"2010","45_Monthly_value_Astoria.pdf","Shark, spiny dogfish","value","16622","11342","189","328","0","0","14339","29819","1085","2237","0","0","75961",""
"2010","45_Monthly_value_Astoria.pdf","Skates and rays","value","10163","26189","16204","28704","60480","92409","62330","50447","25245","34688","13152","35998","456009",""
"2010","45_Monthly_value_Astoria.pdf","Sole, butter","value","0","0","0","0","0","0","2","31","2","0","0","0","35",""
"2010","45_Monthly_value_Astoria.pdf","Sole, curlfin (turbot)","value","0","0","4","0","0","0","38","51","5","0","0","0","98",""
"2010","45_Monthly_value_Astoria.pdf","Sole, deepsea","value","144","198","0","0","285","118","0","0","0","62","63","0","870",""
"2010","45_Monthly_value_Astoria.pdf","Sole, Dover","value","123744","165490","216189","353056","338700","157482","117169","131223","93096","159737","126035","389839","2371760",""
"2010","45_Monthly_value_Astoria.pdf","Sole, English","value","683","1310","660","2743","4514","4254","12220","11053","3740","4116","1017","5442","51752",""
"2010","45_Monthly_value_Astoria.pdf","Sole, flathead","value","0","0","0","16","355","390","269","672","315","285","19","22","2343",""
"2010","45_Monthly_value_Astoria.pdf","Sole, petrale","value","101918","131346","57638","21321","27407","58112","90235","120484","55454","87371","43466","220443","1015195",""
"2010","45_Monthly_value_Astoria.pdf","Sole, rex","value","2452","3512","2625","4774","16167","16194","26924","18754","10612","15603","4770","10440","132827",""
"2010","45_Monthly_value_Astoria.pdf","Sole, rock","value","1","10","0","20","21","10","15","102","19","53","0","3","254",""
"2010","45_Monthly_value_Astoria.pdf","Sole, sand","value","0","10536","614","12198","14211","35838","16381","36052","4829","88","378","3353","134478",""
"2010","45_Monthly_value_Astoria.pdf","Sole, slender","value","0","0","0","0","0","955","688","250","0","0","0","0","1893",""
"2010","45_Monthly_value_Astoria.pdf","Sunfish..ocean........","value","CHECK","CHECK","CHECK","CHECK","CHECK","CHECK","CHECK","CHECK","CHECK","CHECK","CHECK","CHECK","CHECK","CHECK"
"2010","45_Monthly_value_Astoria.pdf","Tuna, albacore","value","0","0","0","0","0","0","822516","1974960","1028391","3019581","86029","0","6931477",""
"2010","45_Monthly_value_Astoria.pdf","Whiting, Pac (hake)","value","147","96","92","428","1056","1479642","3724792","3776639","1297670","410717","36719","1103","10729101",""
"2010","45_Monthly_value_Astoria.pdf","Wolf-eel","value","0","0","0","0","0","0","0","3","0","0","0","0","3",""
"2010","45_Monthly_value_Astoria.pdf","Wrymouth, giant","value","0","2","0","0","0","0","9","19","23","31","0","0","84",""
"2010","45_Monthly_value_Astoria.pdf","CRUSTACEANS:","value",NA,NA,NA,NA,NA,NA,NA,NA,NA,NA,NA,NA,NA,""
"2010","45_Monthly_value_Astoria.pdf","Crab, Dungeness ocean","value","3086834","953815","479609","745524","424197","95660","35160","16491","0","9896","0","3282082","9129268",""
"2010","45_Monthly_value_Astoria.pdf","Shrimp, pink","value","0","0","0","158867","950783","1058113","906538","879980","520830","340938","13611","0","4829660",""
"2010","45_Monthly_value_Astoria.pdf","MOLLUSKS:","value",NA,NA,NA,NA,NA,NA,NA,NA,NA,NA,NA,NA,NA,""
"2010","45_Monthly_value_Astoria.pdf","Clams, razor","value","0","0","0","690","81","1498","0","0","0","0","0","32","2301",""
"2010","45_Monthly_value_Astoria.pdf","Octopus","value","0","0","0","0","0","56","160","75","44","52","0","0","387",""
"2010","45_Monthly_value_Astoria.pdf","Squid, Market","value","0","2","0","0","0","0","0","0","0","0","0","0","2",""
"2010","45_Monthly_value_Astoria.pdf","Squid, other sp","value","16","25","1","101","177","231","37","0","20","179","29","11","827",""
"2010","45A_Monthly_value_Seaside-Gearhart.pdf","Salmon..chinook.......","value","CHECK","CHECK","CHECK","CHECK","CHECK","CHECK","CHECK","CHECK","CHECK","CHECK","CHECK","CHECK","CHECK","CHECK"
"2010","45A_Monthly_value_Seaside-Gearhart.pdf","Salmon, coho","value","0","0","0","0","0","0","0","1","0","0","0","0","1",""
"2010","45A_Monthly_value_Seaside-Gearhart.pdf","CRUSTACEANS:","value",NA,NA,NA,NA,NA,NA,NA,NA,NA,NA,NA,NA,NA,""
"2010","45A_Monthly_value_Seaside-Gearhart.pdf","Crab, Dungeness ocean","value","0","0","0","0","0","0","1240","392","0","0","0","0","1632",""
"2010","45A_Monthly_value_Seaside-Gearhart.pdf","MOLLUSKS:","value",NA,NA,NA,NA,NA,NA,NA,NA,NA,NA,NA,NA,NA,""
"2010","45A_Monthly_value_Seaside-Gearhart.pdf","Clams, razor","value","362","3059","656","9984","14122","6211","1002","0","0","1455","1732","4534","43117",""
"2010","45B_Monthly_value_Cannon_Beach.pdf","CHECK","value",NA,NA,NA,NA,NA,NA,NA,NA,NA,NA,NA,NA,NA,NA
"2010","46_Monthly_value_Nehalem_Bay.pdf","CHECK","value",NA,NA,NA,NA,NA,NA,NA,NA,NA,NA,NA,NA,NA,NA
"2010","47_Monthly_value_Garibaldi.pdf","Cabezon...............","value","CHECK","CHECK","CHECK","CHECK","CHECK","CHECK","CHECK","CHECK","CHECK","CHECK","CHECK","CHECK","CHECK","CHECK"
"2010","47_Monthly_value_Garibaldi.pdf","Greenling sp","value","10","183","32","133","125","239","88","201","308","70","11","22","1422",""
"2010","47_Monthly_value_Garibaldi.pdf","Greenling, kelp","value","0","0","0","2","0","0","0","0","0","0","0","0","2",""
"2010","47_Monthly_value_Garibaldi.pdf","Halibut, Pacific","value","0","0","0","0","594","33256","17018","0","0","0","0","0","50868",""
"2010","47_Monthly_value_Garibaldi.pdf","Irish Lord, brown","value","0","0","0","0","0","0","14","0","0","0","0","0","14",""
"2010","47_Monthly_value_Garibaldi.pdf","Lingcod","value","0","0","0","0","2239","2158","1202","1371","573","330","56","0","7929",""
"2010","47_Monthly_value_Garibaldi.pdf","Rockfish, black","value","741","1295","983","5750","8038","5711","6112","4568","7722","7562","813","1115","50410",""
"2010","47_Monthly_value_Garibaldi.pdf","Rockfish, blue","value","9","288","7","32","31","0","18","2","110","343","9","0","849",""
"2010","47_Monthly_value_Garibaldi.pdf","Rockfish, china","value","0","0","0","5","4","9","4","20","12","2","0","0","56",""
"2010","47_Monthly_value_Garibaldi.pdf","Rockfish, copper","value","0","0","0","12","15","11","31","9","7","18","0","0","103",""
"2010","47_Monthly_value_Garibaldi.pdf","Rockfish, quillback","value","0","0","0","7","9","0","25","14","21","12","0","0","88",""
"2010","47_Monthly_value_Garibaldi.pdf","Rockfish, tiger","value","0","0","0","9","0","9","6","15","5","0","0","0","44",""
"2010","47_Monthly_value_Garibaldi.pdf","Rockfish, vermillion","value","0","0","0","25","7","10","28","16","0","0","0","0","86",""
"2010","47_Monthly_value_Garibaldi.pdf","Rockfish, yellowtail","value","0","0","0","11","17","0","37","34","62","43","0","0","204",""
"2010","47_Monthly_value_Garibaldi.pdf","Rockfish, Slope","value","0","0","0","0","0","0","262","0","0","0","0","0","262",""
"2010","47_Monthly_value_Garibaldi.pdf","Thornyhead, shortspine","value","0","0","0","0","0","0","4","0","0","0","0","0","4",""
"2010","47_Monthly_value_Garibaldi.pdf","Sablefish","value","4983","1667","5367","3682","6549","0","0","10786","8826","0","0","5616","47476",""
"2010","47_Monthly_value_Garibaldi.pdf","Salmon, chinook","value","0","0","0","0","9380","28499","11279","5757","6647","3275","0","0","64837",""
"2010","47_Monthly_value_Garibaldi.pdf","Salmon, coho","value","0","0","0","0","0","0","313","520","400","0","0","0","1233",""
"2010","47_Monthly_value_Garibaldi.pdf","Salmon, pink","value","0","0","0","0","0","30","16","0","0","0","0","0","46",""
"2010","47_Monthly_value_Garibaldi.pdf","Sculpin, other sp","value","0","0","0","0","0","0","0","0","12","0","0","0","12",""
"2010","47_Monthly_value_Garibaldi.pdf","Tuna, albacore","value","0","0","0","0","0","0","45771","93258","32275","86158","0","0","257462",""
"2010","47_Monthly_value_Garibaldi.pdf","Wolf-eel","value","0","0","0","0","27","77","0","0","75","0","0","0","179",""
"2010","47_Monthly_value_Garibaldi.pdf","CRUSTACEANS:","value",NA,NA,NA,NA,NA,NA,NA,NA,NA,NA,NA,NA,NA,""
"2010","47_Monthly_value_Garibaldi.pdf","Crab, Dungeness bay","value","0","0","0","0","0","0","0","0","0","964","0","0","964",""
"2010","47_Monthly_value_Garibaldi.pdf","Crab, Dungeness ocean","value","751203","255621","209701","194307","173866","76629","42393","18623","0","0","0","689883","2412226",""
"2010","47_Monthly_value_Garibaldi.pdf","Shrimp, ghost","value","42","11","256","318","570","2079","827","434","505","1187","756","428","7413",""
"2010","47_Monthly_value_Garibaldi.pdf","Shrimp, mud","value","8","0","0","0","0","0","3","0","0","0","0","0","11",""
"2010","47_Monthly_value_Garibaldi.pdf","Shrimp, pink","value","0","0","0","6434","0","0","0","0","0","0","0","0","6434",""
"2010","47_Monthly_value_Garibaldi.pdf","MOLLUSKS:","value",NA,NA,NA,NA,NA,NA,NA,NA,NA,NA,NA,NA,NA,""
"2010","47_Monthly_value_Garibaldi.pdf","Clams, butter","value","0","0","0","0","0","0","2367","488","484","532","57","1277","5205",""
"2010","47_Monthly_value_Garibaldi.pdf","Clams, cockle","value","0","884","5766","19732","17449","14157","10401","5665","814","261","959","1392","77480",""
"2010","47_Monthly_value_Garibaldi.pdf","Clams, gaper","value","0","0","0","0","0","0","2764","2722","4414","1706","3185","1566","16357",""
"2010","47_Monthly_value_Garibaldi.pdf","Clams, razor","value","0","0","0","0","0","0","0","0","0","0","0","99","99",""
"2010","47_Monthly_value_Garibaldi.pdf","OTHER INVERTEBRATES:","value",NA,NA,NA,NA,NA,NA,NA,NA,NA,NA,NA,NA,NA,""
"2010","47_Monthly_value_Garibaldi.pdf","Sea urchin, red","value","0","0","0","35","0","0","0","0","0","0","0","0","35",""
"2010","48_Monthly_value_Netarts_Bay.pdf","CHECK","value",NA,NA,NA,NA,NA,NA,NA,NA,NA,NA,NA,NA,NA,NA
"2010","49_Monthly_value_Pacific_City.pdf","Cabezon...............","value","CHECK","CHECK","CHECK","CHECK","CHECK","CHECK","CHECK","CHECK","CHECK","CHECK","CHECK","CHECK","CHECK","CHECK"
"2010","49_Monthly_value_Pacific_City.pdf","Greenling sp","value","0","2","0","22","0","0","32","3","0","0","0","0","59",""
"2010","49_Monthly_value_Pacific_City.pdf","Lingcod","value","0","0","0","0","5089","5940","3800","5007","815","62","8","0","20721",""
"2010","49_Monthly_value_Pacific_City.pdf","Rockfish, black","value","0","206","63","1847","2943","6003","4850","1020","871","533","54","205","18595",""
"2010","49_Monthly_value_Pacific_City.pdf","Rockfish, blue","value","0","0","0","50","4","0","82","24","0","30","0","9","199",""
"2010","49_Monthly_value_Pacific_City.pdf","Rockfish, china","value","0","0","0","0","0","0","0","4","0","0","0","0","4",""
"2010","49_Monthly_value_Pacific_City.pdf","Rockfish, copper","value","0","0","0","19","0","0","5","0","26","0","0","0","50",""
"2010","49_Monthly_value_Pacific_City.pdf","Rockfish, quillback","value","0","0","0","0","0","11","5","30","0","0","0","0","46",""
"2010","49_Monthly_value_Pacific_City.pdf","Rockfish, vermillion","value","0","0","0","15","21","0","0","0","0","0","0","0","36",""
"2010","49_Monthly_value_Pacific_City.pdf","Rockfish, yellowtail","value","0","18","0","5","42","32","66","31","44","5","0","5","248",""
"2010","49_Monthly_value_Pacific_City.pdf","Sablefish","value","0","0","0","0","0","0","46","0","0","0","0","0","46",""
"2010","49_Monthly_value_Pacific_City.pdf","Salmon, chinook","value","0","0","0","0","0","2220","881","1020","0","115","0","0","4236",""
"2010","49_Monthly_value_Pacific_City.pdf","Tuna, albacore","value","0","0","0","0","0","0","743","4139","0","0","0","0","4882",""
"2010","49_Monthly_value_Pacific_City.pdf","CRUSTACEANS:","value",NA,NA,NA,NA,NA,NA,NA,NA,NA,NA,NA,NA,NA,""
"2010","49_Monthly_value_Pacific_City.pdf","Crab, Dungeness bay","value","0","0","0","0","0","0","0","0","194","297","0","0","491",""
"2010","49_Monthly_value_Pacific_City.pdf","Crab, Dungeness ocean","value","842","814","366","1668","3480","5107","4205","4278","0","0","0","0","20760",""
"2010","49_Monthly_value_Pacific_City.pdf","Shrimp, ghost","value","0","0","0","0","0","230","0","0","678","464","294","0","1666",""
"2010","49A_Monthly_value_Salmon_River.pdf","CHECK","value",NA,NA,NA,NA,NA,NA,NA,NA,NA,NA,NA,NA,NA,NA
"2010","50_Monthly_value_Siletz_Bay.pdf","CHECK","value",NA,NA,NA,NA,NA,NA,NA,NA,NA,NA,NA,NA,NA,NA
"2010","51_Monthly_value_Depoe_Bay.pdf","Cabezon...............","value","CHECK","CHECK","CHECK","CHECK","CHECK","CHECK","CHECK","CHECK","CHECK","CHECK","CHECK","CHECK","CHECK","CHECK"
"2010","51_Monthly_value_Depoe_Bay.pdf","Greenling sp","value","0","0","0","38","32","0","17","5","0","0","0","8","100",""
"2010","51_Monthly_value_Depoe_Bay.pdf","Halibut, Pacific","value","0","0","0","0","0","538","588","0","0","0","0","0","1126",""
"2010","51_Monthly_value_Depoe_Bay.pdf","Lingcod","value","0","0","0","0","2602","3220","1265","4588","1149","693","0","0","13517",""
"2010","51_Monthly_value_Depoe_Bay.pdf","Rockfish, black","value","0","0","0","572","2373","1572","334","193","208","1098","0","276","6626",""
"2010","51_Monthly_value_Depoe_Bay.pdf","Rockfish, blue","value","0","0","0","21","24","225","0","3","0","118","0","6","397",""
"2010","51_Monthly_value_Depoe_Bay.pdf","Rockfish, china","value","0","0","0","0","0","0","0","0","5","11","0","0","16",""
"2010","51_Monthly_value_Depoe_Bay.pdf","Rockfish, copper","value","0","0","0","0","0","5","0","0","0","0","0","0","5",""
"2010","51_Monthly_value_Depoe_Bay.pdf","Rockfish, quillback","value","0","0","0","0","3","34","0","19","10","0","0","0","66",""
"2010","51_Monthly_value_Depoe_Bay.pdf","Rockfish, tiger","value","0","0","0","0","0","0","0","0","5","0","0","0","5",""
"2010","51_Monthly_value_Depoe_Bay.pdf","Rockfish, vermillion","value","0","0","0","0","0","28","0","0","15","0","0","0","43",""
"2010","51_Monthly_value_Depoe_Bay.pdf","Rockfish, yellowtail","value","0","0","0","0","3","22","3","0","0","5","0","2","35",""
"2010","51_Monthly_value_Depoe_Bay.pdf","Salmon, chinook","value","0","0","0","0","0","0","0","249","0","0","0","0","249",""
"2010","51_Monthly_value_Depoe_Bay.pdf","Tuna, albacore","value","0","0","0","0","0","0","2418","1600","3521","851","0","0","8390",""
"2010","51_Monthly_value_Depoe_Bay.pdf","CRUSTACEANS:","value",NA,NA,NA,NA,NA,NA,NA,NA,NA,NA,NA,NA,NA,""
"2010","51_Monthly_value_Depoe_Bay.pdf","Crab, Dungeness ocean","value","11833","4313","1575","2138","4736","6208","2504","5345","0","0","0","3181","41833",""
"2010","51_Monthly_value_Depoe_Bay.pdf","MOLLUSKS:","value",NA,NA,NA,NA,NA,NA,NA,NA,NA,NA,NA,NA,NA,""
"2010","51_Monthly_value_Depoe_Bay.pdf","Octopus","value","0","0","0","0","0","0","150","0","0","0","0","0","150",""
"2010","51_Monthly_value_Depoe_Bay.pdf","OTHER INVERTEBRATES:","value",NA,NA,NA,NA,NA,NA,NA,NA,NA,NA,NA,NA,NA,""
"2010","51_Monthly_value_Depoe_Bay.pdf","Sea urchin, red","value","0","0","0","0","0","0","7584","0","0","0","0","0","7584",""
"2010","52_Monthly_value_Newport.pdf","Cabezon...............","value","CHECK","CHECK","CHECK","CHECK","CHECK","CHECK","CHECK","CHECK","CHECK","CHECK","CHECK","CHECK","CHECK","CHECK"
"2010","52_Monthly_value_Newport.pdf","Cod, Pacific","value","0","0","0","0","142","10","135","1156","0","0","0","0","1443",""
"2010","52_Monthly_value_Newport.pdf","Flounder, arrowtooth","value","192","320","3531","3656","758","793","1021","372","83","25","2744","575","14070",""
"2010","52_Monthly_value_Newport.pdf","Greenling sp","value","0","14","0","0","6","8","0","4","12","0","0","0","44",""
"2010","52_Monthly_value_Newport.pdf","Hagfish sp","value","6366","4999","0","0","12453","31769","12525","0","0","0","0","0","68112",""
"2010","52_Monthly_value_Newport.pdf","Halibut, Pacific","value","0","0","0","0","9842","192129","437848","17614","690","0","0","0","658123",""
"2010","52_Monthly_value_Newport.pdf","Yellowtail","value","0","0","0","0","0","0","0","24","0","0","0","0","24",""
"2010","52_Monthly_value_Newport.pdf","Lingcod","value","0","0","7","0","4823","6119","12073","9974","7199","2895","221","10","43321",""
"2010","52_Monthly_value_Newport.pdf","Mackerel, jack","value","0","0","0","0","0","0","0","0","123","2709","0","0","2832",""
"2010","52_Monthly_value_Newport.pdf","Pacific Ocean perch","value","0","2","9","58","25","41","57","608","194","39","433","2324","3790",""
"2010","52_Monthly_value_Newport.pdf","Rockfish, black","value","36","84","0","1174","1379","1925","995","441","50","718","95","0","6897",""
"2010","52_Monthly_value_Newport.pdf","Rockfish, blue","value","0","23","0","185","70","46","148","0","0","53","0","0","525",""
"2010","52_Monthly_value_Newport.pdf","Rockfish, canary","value","0","0","0","0","90","2","9","50","11","0","0","0","162",""
"2010","52_Monthly_value_Newport.pdf","Rockfish, china","value","0","0","0","0","12","0","0","0","0","0","0","0","12",""
"2010","52_Monthly_value_Newport.pdf","Rockfish, copper","value","0","0","0","0","0","0","0","5","0","20","0","0","25",""
"2010","52_Monthly_value_Newport.pdf","Rockfish, darkblotched","value","3","106","188","1219","1549","359","657","2383","511","140","2085","9759","18959",""
"2010","52_Monthly_value_Newport.pdf","Rockfish, quillback","value","0","0","0","0","0","0","0","6","0","0","0","0","6",""
"2010","52_Monthly_value_Newport.pdf","Rockfish, tiger","value","0","0","0","0","0","0","0","5","0","0","0","0","5",""
"2010","52_Monthly_value_Newport.pdf","Rockfish, widow","value","0","0","0","3","18","632","15922","15086","5347","3016","146","21","40191",""
"2010","52_Monthly_value_Newport.pdf","Rockfish, yelloweye","value","0","0","0","0","7","0","0","18","0","4","0","0","29",""
"2010","52_Monthly_value_Newport.pdf","Rockfish, yellowtail","value","0","0","0","2","3632","4153","3524","4225","14296","509","2","0","30343",""
"2010","52_Monthly_value_Newport.pdf","Rockfish, Shelf","value","0","0","1198","0","118","64","362","121","234","99","42","0","2238",""
"2010","52_Monthly_value_Newport.pdf","Rockfish, Slope","value","22","231","225","2132","3215","3788","4827","8567","6987","8657","3404","2562","44617",""
"2010","52_Monthly_value_Newport.pdf","Thornyhead, longspine","value","1442","420","9075","14298","5450","1582","5","402","1","0","1517","972","35164",""
"2010","52_Monthly_value_Newport.pdf","Thornyhead, shortspine","value","2293","583","13492","27719","10624","2563","1224","486","894","1562","8764","7009","77213",""
"2010","52_Monthly_value_Newport.pdf","Sablefish","value","13732","42696","126359","252021","383023","938600","1294315","1004243","1196822","1304087","265999","160162","6982059",""
"2010","52_Monthly_value_Newport.pdf","Salmon, chinook","value","0","0","0","31701","208866","102575","25606","37795","0","4038","0","0","410581",""
"2010","52_Monthly_value_Newport.pdf","Salmon, pink","value","0","0","0","0","0","0","3","67","0","0","0","0","70",""
"2010","52_Monthly_value_Newport.pdf","Sanddab, Pacific","value","0","0","0","0","0","0","755","23","0","0","0","0","778",""
"2010","52_Monthly_value_Newport.pdf","Skates and rays","value","450","745","7073","14413","3236","1716","2541","2435","14","0","2540","6188","41351",""
"2010","52_Monthly_value_Newport.pdf","Sole, deepsea","value","0","0","0","0","0","0","0","0","0","0","1","0","1",""
"2010","52_Monthly_value_Newport.pdf","Sole, Dover","value","21057","6389","136457","190761","26701","6857","9931","4070","128","67","22540","34244","459202",""
"2010","52_Monthly_value_Newport.pdf","Sole, English","value","0","6","46","0","13","82","375","771","1","0","5","154","1453",""
"2010","52_Monthly_value_Newport.pdf","Sole, petrale","value","30","17049","13282","522","979","47","21431","30363","0","0","1602","106622","191927",""
"2010","52_Monthly_value_Newport.pdf","Sole, rex","value","248","136","949","1713","639","832","1775","426","0","0","818","1189","8725",""
"2010","52_Monthly_value_Newport.pdf","Sole, rock","value","0","0","0","0","0","0","7","9","0","0","0","0","16",""
"2010","52_Monthly_value_Newport.pdf","Tuna, bluefin","value","0","0","0","0","0","0","154","125","0","0","0","0","279",""
"2010","52_Monthly_value_Newport.pdf","Tuna, albacore","value","0","0","0","0","0","4703","1120076","2243413","1999560","1025416","230717","0","6623885",""
"2010","52_Monthly_value_Newport.pdf","Whiting, Pac (hake)","value","0","0","0","0","0","447015","1343899","1495806","1563379","1025935","286913","0","6162947",""
"2010","52_Monthly_value_Newport.pdf","CRUSTACEANS:","value",NA,NA,NA,NA,NA,NA,NA,NA,NA,NA,NA,NA,NA,""
"2010","52_Monthly_value_Newport.pdf","Crab, box","value","0","915","48","0","155","0","0","0","0","0","0","0","1118",""
"2010","52_Monthly_value_Newport.pdf","Crab, Dungeness bay","value","0","0","0","0","0","0","0","0","2544","1799","200","0","4543",""
"2010","52_Monthly_value_Newport.pdf","Crab, Dungeness ocean","value","5922089","1408042","716544","673982","288714","129182","67702","46181","0","0","0","5232515","14484951",""
"2010","52_Monthly_value_Newport.pdf","Crab, rock","value","90","0","0","75","113","1794","300","308","233","1454","886","0","5253",""
"2010","52_Monthly_value_Newport.pdf","Shrimp, ghost","value","0","0","0","0","0","0","0","198","0","0","0","0","198",""
"2010","52_Monthly_value_Newport.pdf","Shrimp, pink","value","0","0","0","958145","1415652","1084700","874600","1321672","1046452","903785","0","0","7605006",""
"2010","52_Monthly_value_Newport.pdf","Clams..butter.........","value","CHECK","CHECK","CHECK","CHECK","CHECK","CHECK","CHECK","CHECK","CHECK","CHECK","CHECK","CHECK","CHECK","CHECK"
"2010","52_Monthly_value_Newport.pdf","Clams, cockle","value","0","0","0","0","0","0","0","0","540","0","240","0","780",""
"2010","52_Monthly_value_Newport.pdf","Clams, gaper","value","0","0","0","0","0","0","0","0","0","0","137","0","137",""
"2010","52_Monthly_value_Newport.pdf","Octopus","value","851","300","670","175","0","0","200","0","0","0","0","325","2521",""
"2010","52_Monthly_value_Newport.pdf","Squid, other sp","value","0","0","0","0","0","74","0","0","0","0","0","0","74",""
"2010","52_Monthly_value_Newport.pdf","OTHER INVERTEBRATES:","value",NA,NA,NA,NA,NA,NA,NA,NA,NA,NA,NA,NA,NA,""
"2010","52_Monthly_value_Newport.pdf","Sea stars","value","0","0","0","60","0","0","0","0","0","0","0","0","60",""
"2010","53_Monthly_value_Waldport.pdf","Crab..Dungeness.bay...","value","CHECK","CHECK","CHECK","CHECK","CHECK","CHECK","CHECK","CHECK","CHECK","CHECK","CHECK","CHECK","CHECK","CHECK"
"2010","53_Monthly_value_Waldport.pdf","Crab, Dungeness ocean","value","0","0","0","0","0","0","0","0","688","0","0","0","688",""
"2010","53_Monthly_value_Waldport.pdf","Shrimp, ghost","value","5556","5468","5656","8826","16175","12965","11208","7042","9071","9492","1168","3015","95642",""
"2010","53_Monthly_value_Waldport.pdf","Shrimp, mud","value","0","0","0","0","0","0","0","0","0","17","0","0","17",""
"2010","53_Monthly_value_Waldport.pdf","MOLLUSKS:","value",NA,NA,NA,NA,NA,NA,NA,NA,NA,NA,NA,NA,NA,""
"2010","53_Monthly_value_Waldport.pdf","Clams, cockle","value","0","0","0","0","0","0","0","0","210","60","270","0","540",""
"2010","53A_Monthly_value_Yachats.pdf","CHECK","value",NA,NA,NA,NA,NA,NA,NA,NA,NA,NA,NA,NA,NA,NA
"2010","54_Monthly_value_Florence.pdf","Halibut..Pacific......","value","CHECK","CHECK","CHECK","CHECK","CHECK","CHECK","CHECK","CHECK","CHECK","CHECK","CHECK","CHECK","CHECK","CHECK"
"2010","54_Monthly_value_Florence.pdf","Thornyhead, shortspine","value","0","0","0","0","0","0","0","0","11","0","0","0","11",""
"2010","54_Monthly_value_Florence.pdf","Salmon, chinook","value","0","0","0","0","0","471","0","460","0","0","0","0","931",""
"2010","54_Monthly_value_Florence.pdf","Tuna, albacore","value","0","0","0","0","0","0","10501","24512","12407","20819","0","0","68239",""
"2010","54_Monthly_value_Florence.pdf","CRUSTACEANS:","value",NA,NA,NA,NA,NA,NA,NA,NA,NA,NA,NA,NA,NA,""
"2010","54_Monthly_value_Florence.pdf","Crab, Dungeness bay","value","0","0","0","0","0","0","0","0","1836","828","0","0","2664",""
"2010","54_Monthly_value_Florence.pdf","Crab, Dungeness ocean","value","0","10746","0","37105","20153","2456","4740","0","0","0","0","715","75915",""
"2010","54_Monthly_value_Florence.pdf","Shrimp, ghost","value","15","105","60","60","265","200","30","0","60","70","10","0","875",""
"2010","54_Monthly_value_Florence.pdf","MOLLUSKS:","value",NA,NA,NA,NA,NA,NA,NA,NA,NA,NA,NA,NA,NA,""
"2010","54_Monthly_value_Florence.pdf","Clams, cockle","value","0","0","0","0","0","0","0","0","0","0","981","0","981",""
"2010","55_Monthly_value_Winchester_Bay.pdf","Flounder..arrowtooth..","value","CHECK","CHECK","CHECK","CHECK","CHECK","CHECK","CHECK","CHECK","CHECK","CHECK","CHECK","CHECK","CHECK","CHECK"
"2010","55_Monthly_value_Winchester_Bay.pdf","Halibut, Pacific","value","0","0","0","0","72","9897","22453","0","0","0","0","0","32422",""
"2010","55_Monthly_value_Winchester_Bay.pdf","Herring, Pacific","value","0","0","0","0","0","20","0","0","0","0","0","0","20",""
"2010","55_Monthly_value_Winchester_Bay.pdf","Lingcod","value","0","0","0","0","0","68","237","0","0","0","0","0","305",""
"2010","55_Monthly_value_Winchester_Bay.pdf","Pacific Ocean perch","value","0","0","0","0","0","0","0","0","0","2","0","0","2",""
"2010","55_Monthly_value_Winchester_Bay.pdf","Rockfish, darkblotched","value","0","0","0","0","0","90","0","0","0","26","0","0","116",""
"2010","55_Monthly_value_Winchester_Bay.pdf","Rockfish, Shelf","value","0","0","0","0","0","8","0","0","0","0","0","0","8",""
"2010","55_Monthly_value_Winchester_Bay.pdf","Rockfish, Slope","value","0","0","0","0","0","182","0","0","0","24","0","0","206",""
"2010","55_Monthly_value_Winchester_Bay.pdf","Thornyhead, shortspine","value","0","0","0","0","0","2","0","0","0","20","0","0","22",""
"2010","55_Monthly_value_Winchester_Bay.pdf","Sablefish","value","0","0","0","0","0","83878","3239","21597","25133","11738","16297","0","161882",""
"2010","55_Monthly_value_Winchester_Bay.pdf","Salmon, chinook","value","0","0","0","567","11008","25925","5539","9989","96","0","0","0","53124",""
"2010","55_Monthly_value_Winchester_Bay.pdf","Sardine, Pacific","value","0","0","0","0","0","40","0","0","0","0","0","0","40",""
"2010","55_Monthly_value_Winchester_Bay.pdf","Skates and rays","value","0","0","0","0","0","518","0","0","0","50","0","0","568",""
"2010","55_Monthly_value_Winchester_Bay.pdf","Tuna, albacore","value","0","0","0","0","0","0","45407","167118","88765","175292","9398","0","485980",""
"2010","55_Monthly_value_Winchester_Bay.pdf","CRUSTACEANS:","value",NA,NA,NA,NA,NA,NA,NA,NA,NA,NA,NA,NA,NA,""
"2010","55_Monthly_value_Winchester_Bay.pdf","Crab, Dungeness bay","value","0","0","0","0","0","0","0","0","2568","1732","1793","0","6093",""
"2010","55_Monthly_value_Winchester_Bay.pdf","Crab, Dungeness ocean","value","442993","238587","161198","166862","78449","27366","7071","8847","0","0","0","173084","1304457",""
"2010","56_Monthly_value_Charleston.pdf","Cabezon...............","value","CHECK","CHECK","CHECK","CHECK","CHECK","CHECK","CHECK","CHECK","CHECK","CHECK","CHECK","CHECK","CHECK","CHECK"
"2010","56_Monthly_value_Charleston.pdf","Dolphinfish","value","0","0","0","0","0","0","0","0","373","0","0","0","373",""
"2010","56_Monthly_value_Charleston.pdf","Flounder, arrowtooth","value","1335","3011","2951","657","718","3439","1263","3171","959","1763","1508","5381","26156",""
"2010","56_Monthly_value_Charleston.pdf","Flounder, starry","value","0","0","0","0","0","0","1","2","0","3","0","0","6",""
"2010","56_Monthly_value_Charleston.pdf","Greenling sp","value","0","132","0","0","0","0","0","0","0","11","0","0","143",""
"2010","56_Monthly_value_Charleston.pdf","Grenadier, Pacific","value","74","398","102","252","240","1508","404","1205","873","56","0","0","5112",""
"2010","56_Monthly_value_Charleston.pdf","Grenadier, Unsp","value","0","0","0","0","0","0","0","1","13","69","298","0","381",""
"2010","56_Monthly_value_Charleston.pdf","Hagfish sp","value","46902","56091","52300","115977","185555","102291","53404","116629","93277","89059","42071","94003","1047559",""
"2010","56_Monthly_value_Charleston.pdf","Halibut, Pacific","value","0","0","0","189","9052","68355","91487","0","0","0","0","0","169083",""
"2010","56_Monthly_value_Charleston.pdf","Yellowtail","value","0","0","0","0","0","0","33","0","23","0","0","0","56",""
"2010","56_Monthly_value_Charleston.pdf","Lingcod","value","0","162","64","9","3833","3918","4426","2907","4382","6784","912","132","27529",""
"2010","56_Monthly_value_Charleston.pdf","Mackerel, jack","value","0","0","0","0","0","0","0","0","0","168","0","0","168",""
"2010","56_Monthly_value_Charleston.pdf","Pacific Ocean perch","value","12","21","21","0","15","119","7","42","31","46","45","454","813",""
"2010","56_Monthly_value_Charleston.pdf","Rockfish, black","value","0","145","2","0","6","0","8","123","63","198","66","35","646",""
"2010","56_Monthly_value_Charleston.pdf","Rockfish, blue","value","0","0","0","0","0","0","0","0","5","0","0","25","30",""
"2010","56_Monthly_value_Charleston.pdf","Rockfish, canary","value","0","3","0","0","2","6","18","92","29","25","0","0","175",""
"2010","56_Monthly_value_Charleston.pdf","Rockfish, china","value","0","127","0","0","0","0","0","0","0","105","0","6","238",""
"2010","56_Monthly_value_Charleston.pdf","Rockfish, copper","value","0","146","0","0","0","0","0","0","0","43","0","0","189",""
"2010","56_Monthly_value_Charleston.pdf","Rockfish, darkblotched","value","386","2513","1270","1436","2563","2724","409","2878","1959","924","2340","12406","31808",""
"2010","56_Monthly_value_Charleston.pdf","Rockfish, quillback","value","0","0","0","0","6","0","0","0","2","0","0","0","8",""
"2010","56_Monthly_value_Charleston.pdf","Rockfish, vermillion","value","0","0","0","0","0","14","17","0","20","226","0","0","277",""
"2010","56_Monthly_value_Charleston.pdf","Rockfish, widow","value","0","2","0","0","0","294","2876","125","345","40","0","28","3710",""
"2010","56_Monthly_value_Charleston.pdf","Rockfish, yelloweye","value","0","0","0","0","0","0","1","0","0","0","0","0","1",""
"2010","56_Monthly_value_Charleston.pdf","Rockfish, yellowtail","value","0","0","0","170","382","381","46","64","108","141","0","0","1292",""
"2010","56_Monthly_value_Charleston.pdf","Rockfish, Shelf","value","0","2","0","1","74","571","112","326","90","54","1","6","1237",""
"2010","56_Monthly_value_Charleston.pdf","Rockfish, Slope","value","166","429","389","642","1114","1370","331","835","2033","2699","307","605","10920",""
"2010","56_Monthly_value_Charleston.pdf","Thornyhead, longspine","value","13016","27099","3476","4569","3096","15456","6206","6110","8971","2603","7179","14285","112066",""
"2010","56_Monthly_value_Charleston.pdf","Thornyhead, shortspine","value","12952","16152","6498","4849","2953","21212","6203","10053","10017","6475","8187","11726","117277",""
"2010","56_Monthly_value_Charleston.pdf","Sablefish","value","80865","161785","86942","237359","812813","367556","402841","291753","393086","503485","155007","185424","3678916",""
"2010","56_Monthly_value_Charleston.pdf","Salmon, chinook","value","0","0","0","285444","446084","512208","36170","20464","17865","8426","0","0","1326661",""
"2010","56_Monthly_value_Charleston.pdf","Salmon, pink","value","0","0","0","0","0","121","0","0","0","0","0","0","121",""
"2010","56_Monthly_value_Charleston.pdf","Sanddab, Pacific","value","0","0","0","0","328","18278","10231","12010","1456","497","0","0","42800",""
"2010","56_Monthly_value_Charleston.pdf","Shark, spiny dogfish","value","0","17","0","105","74","4","3","5","0","0","0","220","428",""
"2010","56_Monthly_value_Charleston.pdf","Skates and rays","value","3664","8493","4573","1982","4078","16493","9560","16482","8646","7308","2728","3983","87990",""
"2010","56_Monthly_value_Charleston.pdf","Sole, curlfin (turbot)","value","0","0","0","0","2","3","0","6","0","1","0","0","12",""
"2010","56_Monthly_value_Charleston.pdf","Sole, Dover","value","110534","133402","138276","47141","28178","119878","64401","121998","73678","64528","59100","89494","1050608",""
"2010","56_Monthly_value_Charleston.pdf","Sole, English","value","37","469","143","0","363","1007","427","1358","299","857","715","872","6547",""
"2010","56_Monthly_value_Charleston.pdf","Sole, flathead","value","0","0","0","0","0","7","0","2","0","0","0","0","9",""
"2010","56_Monthly_value_Charleston.pdf","Sole, petrale","value","6278","32195","4966","8","20201","37597","22005","50565","16625","43794","18111","91909","344254",""
"2010","56_Monthly_value_Charleston.pdf","Sole, rex","value","3059","1985","1403","412","1755","13640","3889","6725","3060","4125","2783","5548","48384",""
"2010","56_Monthly_value_Charleston.pdf","Sole, rock","value","0","0","0","0","57","41","2","0","3","2","0","0","105",""
"2010","56_Monthly_value_Charleston.pdf","Sole, sand","value","0","0","0","0","14","28","0","43","0","2","0","0","87",""
"2010","56_Monthly_value_Charleston.pdf","Tuna, albacore","value","0","0","0","0","0","0","654924","1354117","1477524","633367","96610","0","4216542",""
"2010","56_Monthly_value_Charleston.pdf","Whiting, Pac (hake)","value","0","0","0","0","0","154318","137421","109","2","49389","0","0","341239",""
"2010","56_Monthly_value_Charleston.pdf","Wrymouth, giant","value","0","0","0","0","0","2","0","0","0","12","0","0","14",""
"2010","56_Monthly_value_Charleston.pdf","CRUSTACEANS:","value",NA,NA,NA,NA,NA,NA,NA,NA,NA,NA,NA,NA,NA,""
"2010","56_Monthly_value_Charleston.pdf","Crab, Dungeness bay","value","0","0","0","0","0","0","0","2228","1808","2635","15059","507","22237",""
"2010","56_Monthly_value_Charleston.pdf","Crab..Dungeness.ocean","value","CHECK","CHECK","CHECK","CHECK","CHECK","CHECK","CHECK","CHECK","CHECK","CHECK","CHECK","CHECK","CHECK","CHECK"
"2010","56_Monthly_value_Charleston.pdf","Crab, rock","value","0","0","0","0","0","0","0","0","0","0","13","0","13",""
"2010","56_Monthly_value_Charleston.pdf","Shrimp, ghost","value","2179","2178","2377","2101","3912","5268","4526","2247","1617","2506","1670","1906","32487",""
"2010","56_Monthly_value_Charleston.pdf","Shrimp, mud","value","0","0","0","0","0","26","0","0","0","0","0","0","26",""
"2010","56_Monthly_value_Charleston.pdf","Shrimp, pink","value","0","0","0","885977","2152676","1844892","1275523","1942220","1670717","1197772","0","0","10969777",""
"2010","56_Monthly_value_Charleston.pdf","Shrimp, spot","value","0","0","0","10290","37092","31074","11698","3111","36509","32454","20036","0","182264",""
"2010","56_Monthly_value_Charleston.pdf","MOLLUSKS:","value",NA,NA,NA,NA,NA,NA,NA,NA,NA,NA,NA,NA,NA,""
"2010","56_Monthly_value_Charleston.pdf","Clams, butter","value","0","0","186","104","304","0","0","0","0","26","26","227","873",""
"2010","56_Monthly_value_Charleston.pdf","Clams, cockle","value","0","71","333","1075","1339","434","0","0","186","431","815","1538","6222",""
"2010","56_Monthly_value_Charleston.pdf","Clams, gaper","value","0","357","0","0","0","0","0","0","0","0","160","330","847",""
"2010","56_Monthly_value_Charleston.pdf","Mussels, ocean","value","0","0","79","0","0","0","0","0","0","0","0","0","79",""
"2010","56_Monthly_value_Charleston.pdf","Octopus","value","90","0","0","57","20","22","18","33","0","0","0","51","291",""
"2010","56_Monthly_value_Charleston.pdf","OTHER INVERTEBRATES:","value",NA,NA,NA,NA,NA,NA,NA,NA,NA,NA,NA,NA,NA,""
"2010","56_Monthly_value_Charleston.pdf","Sea urchin, red","value","0","0","0","0","0","0","0","0","700","0","0","0","700",""
"2010","57_Monthly_value_Bandon.pdf","Cabezon...............","value","CHECK","CHECK","CHECK","CHECK","CHECK","CHECK","CHECK","CHECK","CHECK","CHECK","CHECK","CHECK","CHECK","CHECK"
"2010","57_Monthly_value_Bandon.pdf","Greenling sp","value","0","0","0","0","0","894","724","1085","1288","640","220","0","4851",""
"2010","57_Monthly_value_Bandon.pdf","Lingcod","value","0","0","0","0","0","1324","437","2171","1991","1082","183","0","7188",""
"2010","57_Monthly_value_Bandon.pdf","Rockfish, black","value","0","54","0","0","0","3349","4542","4185","3778","3807","153","43","19911",""
"2010","57_Monthly_value_Bandon.pdf","Rockfish, blue","value","0","0","0","0","0","0","0","0","0","0","0","32","32",""
"2010","57_Monthly_value_Bandon.pdf","Rockfish, china","value","0","0","0","0","0","357","433","421","641","287","105","0","2244",""
"2010","57_Monthly_value_Bandon.pdf","Rockfish, copper","value","0","0","0","0","0","15","0","389","556","0","0","0","960",""
"2010","57_Monthly_value_Bandon.pdf","Rockfish, quillback","value","0","0","0","0","0","0","0","752","1940","60","5","0","2757",""
"2010","57_Monthly_value_Bandon.pdf","Rockfish, tiger","value","0","0","0","0","0","0","10","155","65","0","0","0","230",""
"2010","57_Monthly_value_Bandon.pdf","Rockfish, vermillion","value","0","0","0","0","0","29","67","537","782","0","0","0","1415",""
"2010","57_Monthly_value_Bandon.pdf","Rockfish, yellowtail","value","0","0","0","0","0","0","30","13","0","0","0","1","44",""
"2010","57_Monthly_value_Bandon.pdf","Salmon, chinook","value","0","0","0","0","0","0","0","55","0","0","0","0","55",""
"2010","57_Monthly_value_Bandon.pdf","CRUSTACEANS:","value",NA,NA,NA,NA,NA,NA,NA,NA,NA,NA,NA,NA,NA,""
"2010","57_Monthly_value_Bandon.pdf","Crab, Dungeness bay","value","0","0","0","0","0","0","0","0","3127","1416","304","56","4903",""
"2010","58_Monthly_value_Port_Orford.pdf","Cabezon...............","value","CHECK","CHECK","CHECK","CHECK","CHECK","CHECK","CHECK","CHECK","CHECK","CHECK","CHECK","CHECK","CHECK","CHECK"
"2010","58_Monthly_value_Port_Orford.pdf","Flounder, arrowtooth","value","0","1","0","3","19","30","27","57","102","10","11","0","260",""
"2010","58_Monthly_value_Port_Orford.pdf","Greenling sp","value","10450","8564","7577","11634","19769","12248","9860","8414","14856","8280","6744","7087","125483",""
"2010","58_Monthly_value_Port_Orford.pdf","Greenling, kelp","value","0","0","0","0","0","0","1","0","2","0","0","0","3",""
"2010","58_Monthly_value_Port_Orford.pdf","Halibut, Pacific","value","0","0","0","0","0","66952","19705","0","0","0","0","0","86657",""
"2010","58_Monthly_value_Port_Orford.pdf","Lingcod","value","0","0","0","2","16198","15287","8602","8417","13919","12696","9353","0","84474",""
"2010","58_Monthly_value_Port_Orford.pdf","Pacific Ocean perch","value","0","0","0","2","11","21","25","133","221","24","23","12","472",""
"2010","58_Monthly_value_Port_Orford.pdf","Rockfish, black","value","13447","5883","10914","21762","37682","24744","22991","24567","18322","22224","13043","11509","227088",""
"2010","58_Monthly_value_Port_Orford.pdf","Rockfish, black&yellow","value","0","0","0","14","14","0","0","119","15","0","0","0","162",""
"2010","58_Monthly_value_Port_Orford.pdf","Rockfish, blue","value","393","309","139","548","333","385","180","217","2063","2744","657","762","8730",""
"2010","58_Monthly_value_Port_Orford.pdf","Rockfish, brown","value","0","0","0","0","0","0","0","0","26","0","0","0","26",""
"2010","58_Monthly_value_Port_Orford.pdf","Rockfish, china","value","3321","2366","2223","2244","6517","11316","8664","9340","14199","6253","3947","3447","73837",""
"2010","58_Monthly_value_Port_Orford.pdf","Rockfish, copper","value","266","103","13","272","560","887","584","870","1707","597","247","172","6278",""
"2010","58_Monthly_value_Port_Orford.pdf","Rockfish, darkblotched","value","34","0","9","815","3367","4661","1225","3158","2549","758","467","25","17068",""
"2010","58_Monthly_value_Port_Orford.pdf","Rockfish, Gopher","value","13","40","0","9","2","50","19","46","36","5","13","1","234",""
"2010","58_Monthly_value_Port_Orford.pdf","Rockfish, grass","value","98","21","0","49","21","0","0","28","0","42","21","21","301",""
"2010","58_Monthly_value_Port_Orford.pdf","Rockfish, quillback","value","155","163","37","255","785","1401","1068","1803","4544","981","1215","804","13211",""
"2010","58_Monthly_value_Port_Orford.pdf","Rockfish, tiger","value","39","53","17","9","72","272","180","253","513","460","204","32","2104",""
"2010","58_Monthly_value_Port_Orford.pdf","Rockfish, vermillion","value","396","109","119","232","722","1069","579","443","1085","580","253","318","5905",""
"2010","58_Monthly_value_Port_Orford.pdf","Rockfish, widow","value","0","0","0","4","3","8","0","1","0","0","0","0","16",""
"2010","58_Monthly_value_Port_Orford.pdf","Rockfish, yellowtail","value","9","10","1","10","20","60","34","112","48","156","109","24","593",""
"2010","58_Monthly_value_Port_Orford.pdf","Rockfish, Shelf","value","0","0","0","2","5","101","123","9","19","2","0","0","261",""
"2010","58_Monthly_value_Port_Orford.pdf","Rockfish, Slope","value","902","11","24","979","4085","2208","2752","2067","3702","505","1411","900","19546",""
"2010","58_Monthly_value_Port_Orford.pdf","Thornyhead, shortspine","value","57","0","5","70","47","23","13","17","23","22","75","4","356",""
"2010","58_Monthly_value_Port_Orford.pdf","Sablefish","value","52819","2640","38796","201415","364979","360926","205282","244540","226435","40008","115200","41945","1894985",""
"2010","58_Monthly_value_Port_Orford.pdf","Salmon, chinook","value","0","0","0","6634","11612","2983","0","505","0","88965","153133","0","263832",""
"2010","58_Monthly_value_Port_Orford.pdf","Shark, spiny dogfish","value","8","0","1","292","67","62","6","52","47","24","81","113","753",""
"2010","58_Monthly_value_Port_Orford.pdf","Skates and rays","value","126","28","16","269","356","469","269","547","423","101","93","19","2716",""
"2010","58_Monthly_value_Port_Orford.pdf","Sole, Dover","value","6","1","3","22","32","68","20","55","49","3","22","12","293",""
"2010","58_Monthly_value_Port_Orford.pdf","Sole, petrale","value","0","0","0","6","1","18","12","3","0","0","9","0","49",""
"2010","58_Monthly_value_Port_Orford.pdf","Tuna, albacore","value","0","0","0","0","0","0","6281","45627","4358","0","0","0","56266",""
"2010","58_Monthly_value_Port_Orford.pdf","Whiting, Pac (hake)","value","0","0","0","0","15","0","0","0","0","0","0","0","15",""
"2010","58_Monthly_value_Port_Orford.pdf","CRUSTACEANS:","value",NA,NA,NA,NA,NA,NA,NA,NA,NA,NA,NA,NA,NA,""
"2010","58_Monthly_value_Port_Orford.pdf","Crab, Dungeness bay","value","0","0","0","0","0","0","0","0","0","0","132","0","132",""
"2010","58_Monthly_value_Port_Orford.pdf","Crab, Dungeness ocean","value","1239306","456415","194322","208444","147261","95989","54617","24585","0","0","0","698708","3119647",""
"2010","58_Monthly_value_Port_Orford.pdf","MOLLUSKS:","value",NA,NA,NA,NA,NA,NA,NA,NA,NA,NA,NA,NA,NA,""
"2010","58_Monthly_value_Port_Orford.pdf","Octopus","value","161","67","157","154","45","20","79","0","0","0","0","0","683",""
"2010","58_Monthly_value_Port_Orford.pdf","Squid, other sp","value","0","0","0","0","0","0","13","0","0","0","0","0","13",""
"2010","58_Monthly_value_Port_Orford.pdf","OTHER INVERTEBRATES:","value",NA,NA,NA,NA,NA,NA,NA,NA,NA,NA,NA,NA,NA,""
"2010","58_Monthly_value_Port_Orford.pdf","Sea urchin, red","value","12393","26493","13524","21602","15728","8769","1795","0","0","3935","23552","35834","163625",""
"2010","59_Monthly_value_Gold_Beach.pdf","Cabezon...............","value","CHECK","CHECK","CHECK","CHECK","CHECK","CHECK","CHECK","CHECK","CHECK","CHECK","CHECK","CHECK","CHECK","CHECK"
"2010","59_Monthly_value_Gold_Beach.pdf","Greenling sp","value","1430","2739","190","4814","6061","3908","7626","5490","7822","4903","191","8812","53986",""
"2010","59_Monthly_value_Gold_Beach.pdf","Lingcod","value","0","0","0","0","3699","3980","3988","4575","2547","6153","104","0","25046",""
"2010","59_Monthly_value_Gold_Beach.pdf","Rockfish, black","value","281","1093","189","2382","11110","21179","22871","11583","6384","8831","27","5608","91538",""
"2010","59_Monthly_value_Gold_Beach.pdf","Rockfish, black&yellow","value","0","0","0","0","0","0","24","0","0","0","0","0","24",""
"2010","59_Monthly_value_Gold_Beach.pdf","Rockfish, blue","value","19","28","0","41","108","296","528","206","911","4044","59","496","6736",""
"2010","59_Monthly_value_Gold_Beach.pdf","Rockfish, china","value","516","421","95","601","1641","2295","2042","4273","2986","4529","16","2168","21583",""
"2010","59_Monthly_value_Gold_Beach.pdf","Rockfish, copper","value","0","2","0","0","64","56","58","134","69","94","13","46","536",""
"2010","59_Monthly_value_Gold_Beach.pdf","Rockfish, Gopher","value","9","27","0","28","27","18","36","22","9","18","0","18","212",""
"2010","59_Monthly_value_Gold_Beach.pdf","Rockfish, grass","value","0","0","0","0","0","28","0","21","0","0","0","28","77",""
"2010","59_Monthly_value_Gold_Beach.pdf","Rockfish, quillback","value","0","9","0","13","39","38","68","188","86","115","0","39","595",""
"2010","59_Monthly_value_Gold_Beach.pdf","Rockfish, Olive","value","0","0","0","0","0","0","8","0","4","0","0","0","12",""
"2010","59_Monthly_value_Gold_Beach.pdf","Rockfish, tiger","value","0","0","0","0","0","0","0","9","0","0","0","13","22",""
"2010","59_Monthly_value_Gold_Beach.pdf","Rockfish, vermillion","value","31","6","0","92","304","156","191","252","94","348","10","138","1622",""
"2010","59_Monthly_value_Gold_Beach.pdf","Rockfish, yellowtail","value","0","0","0","1","16","0","2","22","4","12","0","0","57",""
"2010","59_Monthly_value_Gold_Beach.pdf","Salmon, chinook","value","0","0","0","732","981","0","660","788","0","0","0","0","3161",""
"2010","59_Monthly_value_Gold_Beach.pdf","Tuna, albacore","value","0","0","0","0","0","0","0","2742","1097","0","0","0","3839",""
"2010","59_Monthly_value_Gold_Beach.pdf","CRUSTACEANS:","value",NA,NA,NA,NA,NA,NA,NA,NA,NA,NA,NA,NA,NA,""
"2010","59_Monthly_value_Gold_Beach.pdf","Crab, Dungeness ocean","value","0","3896","5840","17932","21996","11017","2900","1135","0","0","0","0","64716",""
"2010","59_Monthly_value_Gold_Beach.pdf","OTHER INVERTEBRATES:","value",NA,NA,NA,NA,NA,NA,NA,NA,NA,NA,NA,NA,NA,""
"2010","59_Monthly_value_Gold_Beach.pdf","Sea urchin, red","value","0","1935","0","1475","2938","6570","17209","42926","34433","31178","0","0","138664",""
"2010","60_Monthly_value_Brookings.pdf","Cabezon...............","value","CHECK","CHECK","CHECK","CHECK","CHECK","CHECK","CHECK","CHECK","CHECK","CHECK","CHECK","CHECK","CHECK","CHECK"
"2010","60_Monthly_value_Brookings.pdf","Flounder, arrowtooth","value","332","1336","657","961","1691","1755","110","889","334","105","564","1545","10279",""
"2010","60_Monthly_value_Brookings.pdf","Greenling sp","value","72","1831","9","3011","2169","1661","881","1101","2169","298","336","1441","14979",""
"2010","60_Monthly_value_Brookings.pdf","Grenadier, Pacific","value","68","421","72","1241","1012","107","0","0","0","248","0","608","3777",""
"2010","60_Monthly_value_Brookings.pdf","Halibut, Pacific","value","0","0","0","0","0","0","0","4276","0","0","0","0","4276",""
"2010","60_Monthly_value_Brookings.pdf","Irish Lord, red","value","1","0","0","0","0","0","0","0","0","0","0","0","1",""
"2010","60_Monthly_value_Brookings.pdf","Lingcod","value","0","22","45","0","2052","1648","1000","1032","1163","936","186","9","8093",""
"2010","60_Monthly_value_Brookings.pdf","Pacific Ocean perch","value","3","41","6","0","13","11","0","1","0","0","2","20","97",""
"2010","60_Monthly_value_Brookings.pdf","Rockfish, black","value","147","2187","321","6371","6308","3662","2828","2448","4124","1683","294","976","31349",""
"2010","60_Monthly_value_Brookings.pdf","Rockfish, black&yellow","value","0","0","0","0","0","0","0","9","54","0","0","0","63",""
"2010","60_Monthly_value_Brookings.pdf","Rockfish, blue","value","11","129","0","33","24","105","3","55","52","388","0","38","838",""
"2010","60_Monthly_value_Brookings.pdf","Rockfish, china","value","20","614","0","591","350","920","129","51","460","318","68","263","3784",""
"2010","60_Monthly_value_Brookings.pdf","Rockfish, copper","value","0","9","13","0","20","17","0","0","0","0","0","0","59",""
"2010","60_Monthly_value_Brookings.pdf","Rockfish, darkblotched","value","125","2997","544","13","125","315","4","17","3","0","8","1489","5640",""
"2010","60_Monthly_value_Brookings.pdf","Rockfish, Gopher","value","0","0","0","9","0","22","18","0","4","0","0","3","56",""
"2010","60_Monthly_value_Brookings.pdf","Rockfish, grass","value","0","0","0","0","21","140","294","140","301","140","21","28","1085",""
"2010","60_Monthly_value_Brookings.pdf","Rockfish, Olive","value","0","0","0","0","0","0","0","0","0","5","5","0","10",""
"2010","60_Monthly_value_Brookings.pdf","Rockfish, tiger","value","0","0","6","0","0","0","0","0","0","0","0","0","6",""
"2010","60_Monthly_value_Brookings.pdf","Rockfish, vermillion","value","0","29","0","37","187","28","22","0","0","18","0","0","321",""
"2010","60_Monthly_value_Brookings.pdf","Rockfish, yelloweye","value","0","0","0","0","0","0","0","41","0","0","0","0","41",""
"2010","60_Monthly_value_Brookings.pdf","Rockfish, yellowtail","value","0","0","0","6","0","0","0","0","0","0","0","0","6",""
"2010","60_Monthly_value_Brookings.pdf","Rockfish, Shelf","value","0","0","0","1","0","2","0","1","0","0","0","0","4",""
"2010","60_Monthly_value_Brookings.pdf","Rockfish, Slope","value","11","285","42","31","614","1109","87","104","91","21","102","286","2783",""
"2010","60_Monthly_value_Brookings.pdf","Thornyhead, longspine","value","4652","19613","16315","8201","5385","11387","2137","9","6121","2889","0","4795","81504",""
"2010","60_Monthly_value_Brookings.pdf","Thornyhead, shortspine","value","3192","9071","4966","8796","6476","9110","1986","5209","1852","2656","296","10384","63994",""
"2010","60_Monthly_value_Brookings.pdf","Sablefish","value","25420","62754","70632","78924","151201","142945","102605","106319","61217","67702","14359","187229","1071307",""
"2010","60_Monthly_value_Brookings.pdf","Salmon, chinook","value","0","0","0","0","47720","16671","1757","23782","0","13927","0","0","103857",""
"2010","60_Monthly_value_Brookings.pdf","Skates and rays","value","513","1238","777","5794","2935","5583","481","2082","1128","458","1390","2435","24814",""
"2010","60_Monthly_value_Brookings.pdf","Sole, Dover","value","22135","60277","43201","99447","67006","65386","11027","37180","24276","11799","12987","47229","501950",""
"2010","60_Monthly_value_Brookings.pdf","Sole, English","value","20","197","281","1","3","116","62","65","1","1","0","63","810",""
"2010","60_Monthly_value_Brookings.pdf","Sole, petrale","value","13974","52891","12466","1550","314","263","27","44","92","23","6108","25304","113056",""
"2010","60_Monthly_value_Brookings.pdf","Sole, rex","value","492","2556","2054","1862","6387","7292","461","2231","1132","298","717","2958","28440",""
"2010","60_Monthly_value_Brookings.pdf","Tuna, albacore","value","0","0","0","0","0","0","1115","101656","27086","1628","0","0","131485",""
"2010","60_Monthly_value_Brookings.pdf","CRUSTACEANS:","value",NA,NA,NA,NA,NA,NA,NA,NA,NA,NA,NA,NA,NA,""
"2010","60_Monthly_value_Brookings.pdf","Crab, Dungeness ocean","value","1423363","217803","180703","191547","46397","37571","9253","0","0","0","0","0","2106637",""
"2010","60_Monthly_value_Brookings.pdf","Shrimp, pink","value","0","0","0","127147","45227","183434","223412","200850","216634","258443","0","0","1255147",""
"2010","60_Monthly_value_Brookings.pdf","OTHER INVERTEBRATES:","value",NA,NA,NA,NA,NA,NA,NA,NA,NA,NA,NA,NA,NA,""
"2010","60_Monthly_value_Brookings.pdf","Sea urchin, red","value","0","0","0","0","0","2998","0","0","0","0","0","0","2998",""
