"year","filename","species","type","January","Feburary","March","April","May","June","July","August","September","October","November","December","Total","flag"
"2010","Table 10 - Netarts Bay pounds landed.pdf","Clingfish.Northern....","landings","CHECK","CHECK","CHECK","CHECK","CHECK","CHECK","CHECK","CHECK","CHECK","CHECK","CHECK","CHECK","CHECK","CHECK"
"2010","Table 10 - Netarts Bay pounds landed.pdf","Gunnel sp","landings","0","0","0","0","0","0","0","0","1","0","0","0","1",""
"2010","Table 10 - Netarts Bay pounds landed.pdf","Pipefish","landings","0","0","0","0","0","0","0","0","1","0","1","0","2",""
"2010","Table 10 - Netarts Bay pounds landed.pdf","Prickleback spp","landings","0","0","0","0","0","0","0","0","5","0","2","0","7",""
"2010","Table 10 - Netarts Bay pounds landed.pdf","Sculpin, buffalo","landings","0","0","0","0","0","0","0","0","1","0","0","0","1",""
"2010","Table 10 - Netarts Bay pounds landed.pdf","Sculpin, other sp","landings","0","0","0","0","0","0","0","0","1","0","0","0","1",""
"2010","Table 10 - Netarts Bay pounds landed.pdf","CRUSTACEANS:","landings",NA,NA,NA,NA,NA,NA,NA,NA,NA,NA,NA,NA,NA,""
"2010","Table 10 - Netarts Bay pounds landed.pdf","Crab, Dungeness bay","landings","0","0","0","0","0","0","0","0","0","0","895","0","895",""
"2010","Table 10 - Netarts Bay pounds landed.pdf","Crab, kelp","landings","0","0","0","0","0","0","0","0","0","0","1","0","1",""
"2010","Table 10 - Netarts Bay pounds landed.pdf","Crab, rock","landings","0","0","0","0","0","0","0","0","0","0","3","0","3",""
"2010","Table 10 - Netarts Bay pounds landed.pdf","Grass Shrimp","landings","0","0","0","0","0","0","0","0","0","0","1","0","1",""
"2010","Table 10 - Netarts Bay pounds landed.pdf","Shrimp, ghost","landings","25","0","60","0","0","0","0","0","0","8","0","0","93",""
"2010","Table 10 - Netarts Bay pounds landed.pdf","Shrimp, mud","landings","150","510","250","220","130","0","0","0","0","100","180","190","1730",""
"2010","Table 10 - Netarts Bay pounds landed.pdf","MOLLUSKS:","landings",NA,NA,NA,NA,NA,NA,NA,NA,NA,NA,NA,NA,NA,""
"2010","Table 10 - Netarts Bay pounds landed.pdf","Clams, cockle","landings","0","0","0","1391","2706","0","0","0","0","0","0","0","4097",""
"2010","Table 10 - Netarts Bay pounds landed.pdf","OTHER INVERTEBRATES:","landings",NA,NA,NA,NA,NA,NA,NA,NA,NA,NA,NA,NA,NA,""
"2010","Table 10 - Netarts Bay pounds landed.pdf","Sea anemone","landings","0","0","0","0","0","0","0","0","10","7","0","0","17",""
"2010","Table 10 - Netarts Bay pounds landed.pdf","Sea stars","landings","0","0","0","0","0","0","0","0","10","13","1","0","24",""
"2010","Table 11 - Pacific City pounds landed.pdf","Cabezon...............","landings","CHECK","CHECK","CHECK","CHECK","CHECK","CHECK","CHECK","CHECK","CHECK","CHECK","CHECK","CHECK","CHECK","CHECK"
"2010","Table 11 - Pacific City pounds landed.pdf","Greenling sp","landings","0","0","0","2","0","15","8","2","0","0","0","0","27",""
"2010","Table 11 - Pacific City pounds landed.pdf","Halibut, Pacific","landings","0","0","0","0","0","118","83","0","0","0","0","0","201",""
"2010","Table 11 - Pacific City pounds landed.pdf","Lingcod","landings","0","0","0","0","3161","3726","3076","1764","1377","917","382","0","14403",""
"2010","Table 11 - Pacific City pounds landed.pdf","Rockfish, black","landings","0","10","445","1820","3702","3248","2907","994","1411","1007","16","0","15560",""
"2010","Table 11 - Pacific City pounds landed.pdf","Rockfish, blue","landings","0","0","0","66","0","15","17","0","324","127","0","0","549",""
"2010","Table 11 - Pacific City pounds landed.pdf","Rockfish, china","landings","0","0","0","0","0","0","4","2","0","0","0","0","6",""
"2010","Table 11 - Pacific City pounds landed.pdf","Rockfish, copper","landings","0","0","0","0","7","3","0","8","0","7","0","0","25",""
"2010","Table 11 - Pacific City pounds landed.pdf","Rockfish, grass","landings","0","0","0","0","0","0","0","0","0","13","0","0","13",""
"2010","Table 11 - Pacific City pounds landed.pdf","Rockfish, quillback","landings","0","0","0","0","8","22","33","26","27","25","4","0","145",""
"2010","Table 11 - Pacific City pounds landed.pdf","Rockfish, tiger","landings","0","0","0","0","0","4","0","0","0","0","0","0","4",""
"2010","Table 11 - Pacific City pounds landed.pdf","Rockfish, vermillion","landings","0","0","0","0","0","10","5","5","21","0","0","0","41",""
"2010","Table 11 - Pacific City pounds landed.pdf","Rockfish, yellowtail","landings","0","0","0","0","18","22","28","15","25","24","2","0","134",""
"2010","Table 11 - Pacific City pounds landed.pdf","Salmon, chinook","landings","0","0","0","180","472","296","127","161","1121","296","0","0","2653",""
"2010","Table 11 - Pacific City pounds landed.pdf","Tuna, albacore","landings","0","0","0","0","0","0","20059","17915","0","0","0","0","37974",""
"2010","Table 11 - Pacific City pounds landed.pdf","CRUSTACEANS:","landings",NA,NA,NA,NA,NA,NA,NA,NA,NA,NA,NA,NA,NA,""
"2010","Table 11 - Pacific City pounds landed.pdf","Crab, Dungeness ocean","landings","0","0","0","332","830","758","734","1303","0","0","0","0","3957",""
"2010","Table 11 - Pacific City pounds landed.pdf","Shrimp, ghost","landings","0","0","0","37","0","0","0","0","0","0","0","0","37",""
"2010","Table 11A - Salmon River pounds landed.pdf","CHECK","landings",NA,NA,NA,NA,NA,NA,NA,NA,NA,NA,NA,NA,NA,NA
"2010","Table 12 - Siletz Bay pounds landed.pdf","CHECK","landings",NA,NA,NA,NA,NA,NA,NA,NA,NA,NA,NA,NA,NA,NA
"2010","Table 13 - Depoe Bay pounds landed.pdf","Cabezon...............","landings","CHECK","CHECK","CHECK","CHECK","CHECK","CHECK","CHECK","CHECK","CHECK","CHECK","CHECK","CHECK","CHECK","CHECK"
"2010","Table 13 - Depoe Bay pounds landed.pdf","Greenling sp","landings","0","0","0","8","6","6","4","1","0","0","0","0","25",""
"2010","Table 13 - Depoe Bay pounds landed.pdf","Halibut, Pacific","landings","0","0","0","0","0","102","0","0","0","0","0","0","102",""
"2010","Table 13 - Depoe Bay pounds landed.pdf","Lingcod","landings","0","0","0","0","1400","1425","1494","1239","1098","445","1157","0","8258",""
"2010","Table 13 - Depoe Bay pounds landed.pdf","Rockfish, black","landings","0","0","191","381","1613","995","812","1296","2060","527","14","0","7889",""
"2010","Table 13 - Depoe Bay pounds landed.pdf","Rockfish, blue","landings","0","0","30","398","128","0","3","342","417","113","6","0","1437",""
"2010","Table 13 - Depoe Bay pounds landed.pdf","Rockfish, china","landings","0","0","0","33","12","9","31","11","5","0","0","0","101",""
"2010","Table 13 - Depoe Bay pounds landed.pdf","Rockfish, copper","landings","0","0","0","0","0","4","3","2","4","4","0","0","17",""
"2010","Table 13 - Depoe Bay pounds landed.pdf","Rockfish, quillback","landings","0","0","0","6","5","10","13","7","4","11","0","0","56",""
"2010","Table 13 - Depoe Bay pounds landed.pdf","Rockfish, tiger","landings","0","0","0","2","0","3","0","0","0","0","2","0","7",""
"2010","Table 13 - Depoe Bay pounds landed.pdf","Rockfish, vermillion","landings","0","0","0","0","0","5","0","0","0","3","0","0","8",""
"2010","Table 13 - Depoe Bay pounds landed.pdf","Rockfish, widow","landings","0","0","0","14","1","0","0","0","0","0","0","0","15",""
"2010","Table 13 - Depoe Bay pounds landed.pdf","Rockfish, yellowtail","landings","0","0","1","36","14","2","0","5","10","3","2","0","73",""
"2010","Table 13 - Depoe Bay pounds landed.pdf","Rockfish, Shelf","landings","0","0","0","0","0","0","0","0","0","10","0","0","10",""
"2010","Table 13 - Depoe Bay pounds landed.pdf","Tuna, albacore","landings","0","0","0","0","0","0","1502","1470","1120","0","0","0","4092",""
"2010","Table 13 - Depoe Bay pounds landed.pdf","CRUSTACEANS:","landings",NA,NA,NA,NA,NA,NA,NA,NA,NA,NA,NA,NA,NA,""
"2010","Table 13 - Depoe Bay pounds landed.pdf","Crab, Dungeness ocean","landings","1671","446","485","616","817","884","599","942","0","0","0","0","6460",""
"2010","Table 13 - Depoe Bay pounds landed.pdf","MOLLUSKS:","landings",NA,NA,NA,NA,NA,NA,NA,NA,NA,NA,NA,NA,NA,""
"2010","Table 13 - Depoe Bay pounds landed.pdf","Mussels, ocean","landings","0","0","0","20","0","0","0","0","0","0","0","0","20",""
"2010","Table 13 - Depoe Bay pounds landed.pdf","OTHER INVERTEBRATES:","landings",NA,NA,NA,NA,NA,NA,NA,NA,NA,NA,NA,NA,NA,""
"2010","Table 13 - Depoe Bay pounds landed.pdf","Sea urchin, red","landings","0","0","0","0","0","65951","15941","29151","58879","16350","1045","564","187881",""
"2010","Table 14 - Newport pounds landed.pdf","Barracudina..Duckbill","landings","CHECK","CHECK","CHECK","CHECK","CHECK","CHECK","CHECK","CHECK","CHECK","CHECK","CHECK","CHECK","CHECK","CHECK"
"2010","Table 14 - Newport pounds landed.pdf","Shark, Brown Cat","landings","0","0","0","0","0","571","10626","11554","4112","338","333","40","27574",""
"2010","Table 14 - Newport pounds landed.pdf","Cabezon","landings","0","0","0","0","13","20","5","32","44","27","0","0","141",""
"2010","Table 14 - Newport pounds landed.pdf","Clingfish Northern","landings","0","0","0","0","0","0","0","1","0","0","0","0","1",""
"2010","Table 14 - Newport pounds landed.pdf","Cod, Pacific","landings","0","0","0","0","0","2","0","5","0","0","0","0","7",""
"2010","Table 14 - Newport pounds landed.pdf","EelPout","landings","0","0","0","0","0","0","0","8","0","0","0","0","8",""
"2010","Table 14 - Newport pounds landed.pdf","Flounder, arrowtooth","landings","12163","53063","53900","37822","8216","5537","9962","8836","5323","1062","15878","2439","214201",""
"2010","Table 14 - Newport pounds landed.pdf","Greenling sp","landings","0","0","0","14","7","17","0","9","107","57","0","0","211",""
"2010","Table 14 - Newport pounds landed.pdf","Grenadier, Pacific","landings","10","0","6","0","0","0","13","0","0","0","0","11","40",""
"2010","Table 14 - Newport pounds landed.pdf","Grenadier, Unsp","landings","0","0","0","0","0","0","0","3","0","0","0","0","3",""
"2010","Table 14 - Newport pounds landed.pdf","Gunnel sp","landings","0","0","0","0","0","0","0","9","0","0","0","0","9",""
"2010","Table 14 - Newport pounds landed.pdf","Hagfish sp","landings","3564","0","0","30900","69508","58442","54697","15968","0","1212","46692","11511","292494",""
"2010","Table 14 - Newport pounds landed.pdf","Halibut, Pacific","landings","0","0","0","0","1928","80210","29794","45","102","13","0","0","112092",""
"2010","Table 14 - Newport pounds landed.pdf","Herring, Pacific","landings","0","0","0","0","0","40","0","1","0","0","0","0","41",""
"2010","Table 14 - Newport pounds landed.pdf","King of Salmon","landings","0","0","0","0","0","0","0","13","37","52","0","3","105",""
"2010","Table 14 - Newport pounds landed.pdf","Lancetfish","landings","0","0","0","0","0","0","67","0","0","0","0","0","67",""
"2010","Table 14 - Newport pounds landed.pdf","Lingcod","landings","168","695","19","121","2551","3633","5103","2329","5710","4935","2203","5","27472",""
"2010","Table 14 - Newport pounds landed.pdf","Mackerel, jack","landings","0","0","0","0","0","0","32","1401","3143","8991","3364","4","16935",""
"2010","Table 14 - Newport pounds landed.pdf","Mackerel, Pacific","landings","0","0","0","0","0","0","0","1495","5242","532","17","0","7286",""
"2010","Table 14 - Newport pounds landed.pdf","Opah","landings","0","0","0","0","0","0","0","0","31","0","0","0","31",""
"2010","Table 14 - Newport pounds landed.pdf","Pomfret, Pacific","landings","0","0","0","0","0","0","3","0","0","0","0","0","3",""
"2010","Table 14 - Newport pounds landed.pdf","Ragfish","landings","0","0","0","0","0","0","311","971","0","0","0","0","1282",""
"2010","Table 14 - Newport pounds landed.pdf","Ratfish","landings","0","0","0","0","0","1","9","5","7","10","0","0","32",""
"2010","Table 14 - Newport pounds landed.pdf","Pacific Ocean perch","landings","181","681","123","448","48","330","205","515","3106","209","524","1503","7873",""
"2010","Table 14 - Newport pounds landed.pdf","Rockfish, black","landings","0","0","0","299","2479","909","342","318","1038","1578","0","0","6963",""
"2010","Table 14 - Newport pounds landed.pdf","Rockfish, blue","landings","0","0","0","38","76","14","16","47","319","452","0","0","962",""
"2010","Table 14 - Newport pounds landed.pdf","Rockfish, canary","landings","0","3","0","0","0","26","28","21","2301","53","0","0","2432",""
"2010","Table 14 - Newport pounds landed.pdf","Rockfish, china","landings","0","0","0","0","1","2","2","0","0","0","0","0","5",""
"2010","Table 14 - Newport pounds landed.pdf","Rockfish, copper","landings","0","0","0","0","0","0","0","5","0","0","0","0","5",""
"2010","Table 14 - Newport pounds landed.pdf","Rockfish, darkblotched","landings","3620","7961","985","3090","963","2617","1746","1139","2523","725","2407","7576","35352",""
"2010","Table 14 - Newport pounds landed.pdf","Rockfish, grass","landings","0","0","0","0","0","0","5","0","0","0","0","0","5",""
"2010","Table 14 - Newport pounds landed.pdf","Rockfish, quillback","landings","0","0","0","0","0","0","5","0","0","0","0","0","5",""
"2010","Table 14 - Newport pounds landed.pdf","Rockfish, shortbelly","landings","0","0","0","0","0","0","0","1","0","137","2","0","140",""
"2010","Table 14 - Newport pounds landed.pdf","Rockfish, widow","landings","0","2","0","8","0","99","13992","9275","28568","24139","47593","374","124050",""
"2010","Table 14 - Newport pounds landed.pdf","Rockfish, yelloweye","landings","0","0","0","0","0","18","554","0","0","0","0","0","572",""
"2010","Table 14 - Newport pounds landed.pdf","Rockfish, yellowtail","landings","0","0","3","10","25","578","11877","2595","4813","4441","2505","0","26847",""
"2010","Table 14 - Newport pounds landed.pdf","Rockfish, Shelf","landings","0","16","0","0","198","145","125","162","701","692","184","0","2223",""
"2010","Table 14 - Newport pounds landed.pdf","Rockfish, Slope","landings","2014","4203","2140","7706","8796","7789","7717","8701","35269","12441","1645","3086","101507",""
"2010","Table 14 - Newport pounds landed.pdf","Thornyhead, longspine","landings","13375","28932","7837","7284","7175","231","90","22457","2852","0","1943","1187","93363",""
"2010","Table 14 - Newport pounds landed.pdf","Thornyhead, shortspine","landings","10579","28273","15948","16054","14621","6977","4053","16361","4709","888","4771","6638","129872",""
"2010","Table 14 - Newport pounds landed.pdf","Sablefish","landings","26014","59778","40930","60250","103128","105880","150191","326976","382137","274618","39191","50549","1619642",""
"2010","Table 14 - Newport pounds landed.pdf","Salmon, chinook","landings","0","4","0","14911","45938","44014","16851","64727","96603","36580","1699","302","321629",""
"2010","Table 14 - Newport pounds landed.pdf","Salmon, coho","landings","0","0","0","0","0","0","0","0","0","12","0","0","12",""
"2010","Table 14 - Newport pounds landed.pdf","Sanddab, Pacific","landings","0","0","0","0","0","62","0","10","77","0","0","0","149",""
"2010","Table 14 - Newport pounds landed.pdf","Sardine, Pacific","landings","0","0","0","0","0","0","1","12","241","2","1","0","257",""
"2010","Table 14 - Newport pounds landed.pdf","Sculpin, other sp","landings","0","0","0","0","0","0","0","1","0","0","0","0","1",""
"2010","Table 14 - Newport pounds landed.pdf","Shad, American","landings","0","0","0","0","0","1","2262","29","463","213","265","8","3241",""
"2010","Table 14 - Newport pounds landed.pdf","Shark..blue...........","landings","CHECK","CHECK","CHECK","CHECK","CHECK","CHECK","CHECK","CHECK","CHECK","CHECK","CHECK","CHECK","CHECK","CHECK"
"2010","Table 14 - Newport pounds landed.pdf","Shark, Pacific sleeper","landings","0","0","0","0","0","0","062","0","0",NA,"0","062","","CHECK"
"2010","Table 14 - Newport pounds landed.pdf","Shark, spiny dogfish","landings","0","0","0","0","0","69","213920935","3673","20517",NA,"36881","104185255","","CHECK"
"2010","Table 14 - Newport pounds landed.pdf","Shark, other sp","landings","0","0","0","0","0","0","2670","0","0",NA,"0","0267","","CHECK"
"2010","Table 14 - Newport pounds landed.pdf","Skates and rays","landings","15435","37853","34516","48977","16414","5987","14083840","2626","459",NA,"6007","7532181054","","CHECK"
"2010","Table 14 - Newport pounds landed.pdf","Snailfish, blacktail","landings","0","0","0","0","0","0","015","3","0",NA,"0","018","","CHECK"
"2010","Table 14 - Newport pounds landed.pdf","Sole, curlfin (turbot)","landings","0","0","0","0","0","0","06","0","0",NA,"0","06","","CHECK"
"2010","Table 14 - Newport pounds landed.pdf","Sole, deepsea","landings","0","0","20","0","0","2","00","0","0",NA,"0","022","","CHECK"
"2010","Table 14 - Newport pounds landed.pdf","Sole, Dover","landings","104908","192104","246249","413649","100093","17355","43443281","26206","255",NA,"42019","521741238727","","CHECK"
"2010","Table 14 - Newport pounds landed.pdf","Sole, English","landings","902","2980","162","83","2","0","1258","17","1",NA,"388","284822","","CHECK"
"2010","Table 14 - Newport pounds landed.pdf","Sole, flathead","landings","0","0","0","0","0","0","30","0","0",NA,"0","03","","CHECK"
"2010","Table 14 - Newport pounds landed.pdf","Sole, petrale","landings","56503","109555","7772","367","2","578","8129537","592","19",NA,"6137","9429201303","","CHECK"
"2010","Table 14 - Newport pounds landed.pdf","Sole, rex","landings","3653","7014","4709","5632","2125","1789","15197833","5373","747",NA,"3748","356947711","","CHECK"
"2010","Table 14 - Newport pounds landed.pdf","Sole, rock","landings","0","0","0","0","0","0","05","0","0",NA,"0","05","","CHECK"
"2010","Table 14 - Newport pounds landed.pdf","Sunfish, ocean","landings","0","0","0","0","0","0","00","6","0",NA,"0","06","","CHECK"
"2010","Table 14 - Newport pounds landed.pdf","Surfperch spp","landings","19","0","0","0","0","0","00","0","0",NA,"0","019","","CHECK"
"2010","Table 14 - Newport pounds landed.pdf","Tuna, bluefin","landings","0","0","0","0","0","0","065","0","0",NA,"0","065","","CHECK"
"2010","Table 14 - Newport pounds landed.pdf","Tuna, albacore","landings","0","0","0","0","0","4934","9073252091293","1225855","800801",NA,"0","05030208","","CHECK"
"2010","Table 14 - Newport pounds landed.pdf","Whiting, Pac (hake)","landings","56","56","5","22","0","883861","8524295  10826992  12831891  12816859",NA,NA,NA,"9229854","689145  55803036","","CHECK"
"2010","Table 14 - Newport pounds landed.pdf","Wolf-eel","landings","0","0","0","0","10","12","126","0","0",NA,"0","040","","CHECK"
"2010","Table 14 - Newport pounds landed.pdf","CRUSTACEANS:","landings",NA,NA,NA,NA,NA,NA,"",NA,NA,NA,NA,"","","CHECK"
"2010","Table 14 - Newport pounds landed.pdf","Crab, box","landings","364","3497","673","1493","143","0","00","0","0",NA,"0","06170","","CHECK"
"2010","Table 14 - Newport pounds landed.pdf","Crab, Dungeness bay","landings","0","0","0","0","0","0","00","1623","315",NA,"379","02317","","CHECK"
"2010","Table 14 - Newport pounds landed.pdf","Crab, Dungeness ocean","landings","1083971","391406","158676","94251","62595","31241","147727825","0","856",NA,"4449","1444051994447","","CHECK"
"2010","Table 14 - Newport pounds landed.pdf","Crab, hermit","landings","0","0","0","0","0","0","01","0","0",NA,"0","01","","CHECK"
"2010","Table 14 - Newport pounds landed.pdf","Crab, rock","landings","0","0","0","0","1500","0","00","0","0",NA,"0","01500","","CHECK"
"2010","Table 14 - Newport pounds landed.pdf","Shrimp, pink","landings","0","0","0","1346267","2642441","2609801","24613102242714","1909082","1654463",NA,"0","0  14866078","","CHECK"
"2010","Table 14 - Newport pounds landed.pdf","MOLLUSKS:","landings",NA,NA,NA,NA,NA,NA,"",NA,NA,NA,NA,"","","CHECK"
"2010","Table 14 - Newport pounds landed.pdf","Clams, cockle","landings","0","0","0","0","0","0","1030","0","0",NA,"0","0103","","CHECK"
"2010","Table 14 - Newport pounds landed.pdf","Octopus","landings","125","40","95","110","170","0","01","0","0",NA,"0","0541","","CHECK"
"2010","Table 14 - Newport pounds landed.pdf","Squid, other sp","landings","0","0","0","0","0","161","713211943","5345","2490",NA,"1787","4928907","","CHECK"
"2010","Table 14 - Newport pounds landed.pdf","OTHER INVERTEBRATES:","landings",NA,NA,NA,NA,NA,NA,"",NA,NA,NA,NA,"","","CHECK"
"2010","Table 14 - Newport pounds landed.pdf","Jellyfish","landings","0","0","0","0","0","0","013","11","5",NA,"0","029","","CHECK"
"2010","Table 14 - Newport pounds landed.pdf","Sea anemone","landings","0","0","0","0","0","0","06","0","0",NA,"0","06","","CHECK"
"2010","Table 14 - Newport pounds landed.pdf","Sea cucumber","landings","0","0","0","0","0","0","01","0","0",NA,"0","01","","CHECK"
"2010","Table 14 - Newport pounds landed.pdf","Sea stars","landings","0","0","0","0","0","0","05","0","0",NA,"0","05","","CHECK"
"2010","Table 14 - Newport pounds landed.pdf","Sea urchin, red","landings","0","0","0","0","16","0","00","0","0",NA,"0","016","","CHECK"
"2010","Table 15 - Waldport pounds landed.pdf","CHECK","landings",NA,NA,NA,NA,NA,NA,NA,NA,NA,NA,NA,NA,NA,NA
"2010","Table 15A - Yachats pounds landed.pdf","CHECK","landings",NA,NA,NA,NA,NA,NA,NA,NA,NA,NA,NA,NA,NA,NA
"2010","Table 16 - Florence pounds landed.pdf","Halibut..Pacific......","landings","CHECK","CHECK","CHECK","CHECK","CHECK","CHECK","CHECK","CHECK","CHECK","CHECK","CHECK","CHECK","CHECK","CHECK"
"2010","Table 16 - Florence pounds landed.pdf","Lingcod","landings","0","0","0","0","0","52","0","0","0","0","0","0","52",""
"2010","Table 16 - Florence pounds landed.pdf","Sablefish","landings","0","0","0","0","0","115","0","0","0","0","0","0","115",""
"2010","Table 16 - Florence pounds landed.pdf","Salmon, chinook","landings","0","0","0","0","245","100","139","90","34","0","0","0","608",""
"2010","Table 16 - Florence pounds landed.pdf","Tuna, albacore","landings","0","0","0","0","0","0","3382","13401","2744","7188","0","0","26715",""
"2010","Table 16 - Florence pounds landed.pdf","CRUSTACEANS:","landings",NA,NA,NA,NA,NA,NA,NA,NA,NA,NA,NA,NA,NA,""
"2010","Table 16 - Florence pounds landed.pdf","Crab, Dungeness bay","landings","0","0","0","0","0","0","0","0","465","0","0","0","465",""
"2010","Table 16 - Florence pounds landed.pdf","Crab, Dungeness ocean","landings","241","0","2102","640","1149","1370","1252","914","0","0","0","0","7668",""
"2010","Table 16 - Florence pounds landed.pdf","Shrimp, ghost","landings","0","15","90","85","265","450","435","0","100","250","0","0","1690",""
"2010","Table 17 - Winchester Bay pounds landed.pdf","Flounder..arrowtooth..","landings","CHECK","CHECK","CHECK","CHECK","CHECK","CHECK","CHECK","CHECK","CHECK","CHECK","CHECK","CHECK","CHECK","CHECK"
"2010","Table 17 - Winchester Bay pounds landed.pdf","Flounder, starry","landings","0","0","0","0","0","0","55","0","0","0","0","0","55",""
"2010","Table 17 - Winchester Bay pounds landed.pdf","Halibut, Pacific","landings","0","0","0","0","12","1586","4790","0","0","0","0","0","6388",""
"2010","Table 17 - Winchester Bay pounds landed.pdf","Herring, Pacific","landings","0","0","0","0","0","400","2100","0","0","0","0","0","2500",""
"2010","Table 17 - Winchester Bay pounds landed.pdf","Lingcod","landings","0","0","0","0","0","609","115","388","772","0","102","0","1986",""
"2010","Table 17 - Winchester Bay pounds landed.pdf","Pacific Ocean perch","landings","0","0","0","0","0","0","16","0","2","0","0","0","18",""
"2010","Table 17 - Winchester Bay pounds landed.pdf","Rockfish, black","landings","0","0","0","0","5","0","0","0","0","0","0","0","5",""
"2010","Table 17 - Winchester Bay pounds landed.pdf","Rockfish, darkblotched","landings","0","0","0","0","0","0","0","77","16","473","0","0","566",""
"2010","Table 17 - Winchester Bay pounds landed.pdf","Rockfish, yellowtail","landings","0","0","0","0","12","0","0","0","4","0","0","0","16",""
"2010","Table 17 - Winchester Bay pounds landed.pdf","Rockfish, Shelf","landings","0","0","0","0","0","61","0","0","36","0","0","0","97",""
"2010","Table 17 - Winchester Bay pounds landed.pdf","Rockfish, Slope","landings","0","0","0","0","0","300","364","551","411","1761","0","0","3387",""
"2010","Table 17 - Winchester Bay pounds landed.pdf","Thornyhead, shortspine","landings","0","0","0","0","0","0","105","47","127","298","0","0","577",""
"2010","Table 17 - Winchester Bay pounds landed.pdf","Sablefish","landings","0","0","0","0","0","2297","10667","17024","30939","8168","1173","0","70268",""
"2010","Table 17 - Winchester Bay pounds landed.pdf","Salmon, chinook","landings","0","0","0","529","8418","14741","1576","5318","1122","18","0","0","31722",""
"2010","Table 17 - Winchester Bay pounds landed.pdf","Salmon, pink","landings","0","0","0","0","0","0","344","0","0","0","0","0","344",""
"2010","Table 17 - Winchester Bay pounds landed.pdf","Skates and rays","landings","0","0","0","0","0","377","415","3645","1992","1015","0","0","7444",""
"2010","Table 17 - Winchester Bay pounds landed.pdf","Sole, Dover","landings","0","0","0","0","0","6","18","10","28","21","0","0","83",""
"2010","Table 17 - Winchester Bay pounds landed.pdf","Sole, English","landings","0","0","0","0","0","0","201","0","0","0","0","0","201",""
"2010","Table 17 - Winchester Bay pounds landed.pdf","Sole, petrale","landings","0","0","0","0","0","47","0","0","28","0","0","0","75",""
"2010","Table 17 - Winchester Bay pounds landed.pdf","Sole, rex","landings","0","0","0","0","0","0","656","47","0","0","0","0","703",""
"2010","Table 17 - Winchester Bay pounds landed.pdf","Sole, sand","landings","0","0","0","0","0","0","482","0","0","0","0","0","482",""
"2010","Table 17 - Winchester Bay pounds landed.pdf","Tuna, albacore","landings","0","0","0","0","0","0","16053","34147","2669","114093","0","0","166962",""
"2010","Table 17 - Winchester Bay pounds landed.pdf","CRUSTACEANS:","landings",NA,NA,NA,NA,NA,NA,NA,NA,NA,NA,NA,NA,NA,""
"2010","Table 17 - Winchester Bay pounds landed.pdf","Crab, box","landings","0","31","0","0","0","0","0","0","0","0","0","0","31",""
"2010","Table 17 - Winchester Bay pounds landed.pdf","Crab, Dungeness bay","landings","0","0","0","0","0","0","0","0","2142","2207","35","0","4384",""
"2010","Table 17 - Winchester Bay pounds landed.pdf","Crab, Dungeness ocean","landings","139631","78010","56081","31559","15980","2664","1736","1453","0","0","0","39","327153",""
"2010","Table 17 - Winchester Bay pounds landed.pdf","Crab, Tanner","landings","0","0","0","0","0","14368","0","0","0","0","0","0","14368",""
"2010","Table 18 - Charleston pounds landed.pdf","Cabezon...............","landings","CHECK","CHECK","CHECK","CHECK","CHECK","CHECK","CHECK","CHECK","CHECK","CHECK","CHECK","CHECK","CHECK","CHECK"
"2010","Table 18 - Charleston pounds landed.pdf","Flounder, arrowtooth","landings","19339","12094","48069","59257","44484","11751","7154","14410","17532","10525","53635","37317","335567",""
"2010","Table 18 - Charleston pounds landed.pdf","Flounder, starry","landings","0","0","0","0","0","0","0","10","0","0","0","0","10",""
"2010","Table 18 - Charleston pounds landed.pdf","Greenling sp","landings","0","0","2","56","0","0","0","0","0","0","0","0","58",""
"2010","Table 18 - Charleston pounds landed.pdf","Grenadier, Pacific","landings","7","318","64","38","2939","14036","28835","0","0","7774","225","2013","56249",""
"2010","Table 18 - Charleston pounds landed.pdf","Grenadier, Unsp","landings","0","0","0","266","1766","0","0","0","0","0","0","0","2032",""
"2010","Table 18 - Charleston pounds landed.pdf","Hagfish sp","landings","68528","114475","92870","104101","86806","91854","157605","106939","146302","100442","98174","58136","1226232",""
"2010","Table 18 - Charleston pounds landed.pdf","Halibut, Pacific","landings","0","0","0","0","83","15695","4765","0","0","0","0","6","20549",""
"2010","Table 18 - Charleston pounds landed.pdf","Lingcod","landings","577","90","65","324","1120","3388","2773","2426","3929","2376","1751","786","19605",""
"2010","Table 18 - Charleston pounds landed.pdf","Ragfish","landings","0","0","41","0","0","0","0","0","0","0","0","0","41",""
"2010","Table 18 - Charleston pounds landed.pdf","Ratfish","landings","0","0","0","0","0","0","0","0","0","0","24","0","24",""
"2010","Table 18 - Charleston pounds landed.pdf","Pacific Ocean perch","landings","287","44","346","256","174","145","22","178","70","47","518","369","2456",""
"2010","Table 18 - Charleston pounds landed.pdf","Rockfish, black","landings","0","0","63","387","0","0","0","0","0","239","0","9","698",""
"2010","Table 18 - Charleston pounds landed.pdf","Rockfish, blue","landings","0","0","0","0","0","0","0","0","0","33","0","4","37",""
"2010","Table 18 - Charleston pounds landed.pdf","Rockfish, brown","landings","0","0","0","0","0","26","0","0","0","0","0","0","26",""
"2010","Table 18 - Charleston pounds landed.pdf","Rockfish, canary","landings","0","0","0","3","23","152","171","214","574","118","3","0","1258",""
"2010","Table 18 - Charleston pounds landed.pdf","Rockfish, china","landings","0","0","5","28","0","0","0","0","0","0","0","0","33",""
"2010","Table 18 - Charleston pounds landed.pdf","Rockfish, darkblotched","landings","7878","2298","7143","2165","4518","818","863","1945","1207","793","11710","8385","49723",""
"2010","Table 18 - Charleston pounds landed.pdf","Rockfish, quillback","landings","0","0","0","2","0","3","0","0","2","0","0","0","7",""
"2010","Table 18 - Charleston pounds landed.pdf","Rockfish, vermillion","landings","0","0","0","0","0","35","15","0","10","11","17","0","88",""
"2010","Table 18 - Charleston pounds landed.pdf","Rockfish, widow","landings","7","0","3","0","4","6","3","9","37","1","7","25","102",""
"2010","Table 18 - Charleston pounds landed.pdf","Rockfish, yelloweye","landings","0","0","0","0","0","1","50","0","2","0","0","0","53",""
"2010","Table 18 - Charleston pounds landed.pdf","Rockfish, yellowtail","landings","0","0","0","371","192","107","32","264","1551","346","0","0","2863",""
"2010","Table 18 - Charleston pounds landed.pdf","Rockfish, Shelf","landings","0","1","2","7","64","364","458","411","1095","5","7","0","2414",""
"2010","Table 18 - Charleston pounds landed.pdf","Rockfish, Slope","landings","1681","448","1372","2073","1257","1295","561","5068","1708","1607","1732","1941","20743",""
"2010","Table 18 - Charleston pounds landed.pdf","Thornyhead, longspine","landings","17919","14786","34313","6110","7830","21887","29725","4048","3241","31118","27786","21832","220595",""
"2010","Table 18 - Charleston pounds landed.pdf","Thornyhead, shortspine","landings","11636","14143","17672","22506","15573","13335","15198","10632","12812","16366","19693","15272","184838",""
"2010","Table 18 - Charleston pounds landed.pdf","Sablefish","landings","54301","29817","64412","73395","58207","61757","68394","176326","98417","92623","102394","81264","961307",""
"2010","Table 18 - Charleston pounds landed.pdf","Salmon, chinook","landings","0","0","0","22293","62569","53527","6200","24759","34162","18519","321","0","222350",""
"2010","Table 18 - Charleston pounds landed.pdf","Salmon, chum","landings","0","0","0","0","10","21","0","0","0","0","0","0","31",""
"2010","Table 18 - Charleston pounds landed.pdf","Sanddab, Pacific","landings","0","0","0","8","2610","9697","2950","3635","6989","1287","212","0","27388",""
"2010","Table 18 - Charleston pounds landed.pdf","Shark, blue","landings","0","0","0","0","0","0","58","0","0","0","0","0","58",""
"2010","Table 18 - Charleston pounds landed.pdf","Shark, shortfin mako","landings","0","0","0","0","0","0","47","0","44","0","0","0","91",""
"2010","Table 18 - Charleston pounds landed.pdf","Shark, spiny dogfish","landings","62","165","105","12","53","68","85","0","390","23","350","0","1313",""
"2010","Table 18 - Charleston pounds landed.pdf","Skates and rays","landings","11399","16783","29763","40691","33822","25962","14924","22930","18773","17302","30307","18617","281273",""
"2010","Table 18 - Charleston pounds landed.pdf","Sole, curlfin (turbot)","landings","0","0","0","1","0","13","0","17","0","1","0","0","32",""
"2010","Table 18 - Charleston pounds landed.pdf","Sole, deepsea","landings","0","0","0","6","0","0","0","0","0","0","0","0","6",""
"2010","Table 18 - Charleston pounds landed.pdf","Sole, Dover","landings","118962","151197","325940","361102","173741","98905","125248","142169","203342","172289","249841","233560","2356296",""
"2010","Table 18 - Charleston pounds landed.pdf","Sole, English","landings","1668","908","1077","1304","1640","2205","605","2679","1988","396","2793","1060","18323",""
"2010","Table 18 - Charleston pounds landed.pdf","Sole, petrale","landings","66012","33567","16241","2040","22393","31146","18049","24825","46299","16217","35852","62978","375619",""
"2010","Table 18 - Charleston pounds landed.pdf","Sole, rex","landings","12382","7200","9945","19845","15054","12408","11297","14878","14857","20931","21318","16159","176274",""
"2010","Table 18 - Charleston pounds landed.pdf","Sole, rock","landings","0","0","0","0","0","227","0","79","2","1","0","0","309",""
"2010","Table 18 - Charleston pounds landed.pdf","Sole, sand","landings","0","0","0","8","0","4","0","35","0","0","0","0","47",""
"2010","Table 18 - Charleston pounds landed.pdf","Tuna, bluefin","landings","0","0","0","0","0","0","16","0","0","0","0","0","16",""
"2010","Table 18 - Charleston pounds landed.pdf","Tuna, albacore","landings","0","0","0","0","0","1486","454915","1153802","373884","252778","0","0","2236865",""
"2010","Table 18 - Charleston pounds landed.pdf","Whiting, Pac (hake)","landings","528","191","234","7","1","8","10","25","0","15","310","717","2046",""
"2010","Table 18 - Charleston pounds landed.pdf","Wolf-eel","landings","0","0","0","0","0","0","6","14","3","0","0","0","23",""
"2010","Table 18 - Charleston pounds landed.pdf","Crab..Dungeness.bay...","landings","CHECK","CHECK","CHECK","CHECK","CHECK","CHECK","CHECK","CHECK","CHECK","CHECK","CHECK","CHECK","CHECK","CHECK"
"2010","Table 18 - Charleston pounds landed.pdf","Crab, Dungeness ocean","landings","997934","370849","132249","118201","64291","15533","8945","2945","0","1130","1285","1490541862416","","CHECK"
"2010","Table 18 - Charleston pounds landed.pdf","Crab, rock","landings","0","0","0","0","0","0","0","0","0","60","0","060","","CHECK"
"2010","Table 18 - Charleston pounds landed.pdf","Shrimp, ghost","landings","104","98","80","77","204","141","45","9","41","54","15","17885","","CHECK"
"2010","Table 18 - Charleston pounds landed.pdf","Shrimp, pink","landings","0","0","0","2002523","3716067","4035544","3457830","3024781","2485762","3011860","0","0  21734367","","CHECK"
"2010","Table 18 - Charleston pounds landed.pdf","Shrimp, spot","landings","0","0","0","0","0","0","0","0","1556","2235","536","04327","","CHECK"
"2010","Table 18 - Charleston pounds landed.pdf","MOLLUSKS:","landings",NA,NA,NA,NA,NA,NA,NA,NA,NA,NA,NA,"","","CHECK"
"2010","Table 18 - Charleston pounds landed.pdf","Clams, butter","landings","243","228","187","309","146","427","578","933","316","327","1188","384920","","CHECK"
"2010","Table 18 - Charleston pounds landed.pdf","Clams, cockle","landings","675","620","297","1245","1598","393","36","18","20","191","761","8906744","","CHECK"
"2010","Table 18 - Charleston pounds landed.pdf","Clams, gaper","landings","0","0","0","0","0","0","32","5","20","272","353","190872","","CHECK"
"2010","Table 18 - Charleston pounds landed.pdf","Mussels, ocean","landings","0","0","0","0","0","23","0","0","5","0","5","033","","CHECK"
"2010","Table 18 - Charleston pounds landed.pdf","Octopus","landings","366","503","425","324","69","175","39","0","13","29","0","01943","","CHECK"
"2010","Table 18 - Charleston pounds landed.pdf","Squid, other sp","landings","0","0","0","0","39","6","0","0","0","0","0","045","","CHECK"
"2010","Table 18 - Charleston pounds landed.pdf","OTHER INVERTEBRATES:","landings",NA,NA,NA,NA,NA,NA,NA,NA,NA,NA,NA,"","","CHECK"
"2010","Table 18 - Charleston pounds landed.pdf","Sea urchin, red","landings","0","0","0","0","0","17601","9606","0","0","0","0","027207","","CHECK"
"2010","Table 19 - Bandon pounds landed.pdf","Cabezon...............","landings","CHECK","CHECK","CHECK","CHECK","CHECK","CHECK","CHECK","CHECK","CHECK","CHECK","CHECK","CHECK","CHECK","CHECK"
"2010","Table 19 - Bandon pounds landed.pdf","Greenling sp","landings","0","0","0","0","25","184","333","479","186","151","0","0","1358",""
"2010","Table 19 - Bandon pounds landed.pdf","Lingcod","landings","0","0","0","0","79","405","691","946","64","543","0","0","2728",""
"2010","Table 19 - Bandon pounds landed.pdf","Rockfish, black","landings","0","34","0","110","746","2584","3627","3203","1602","1078","0","17","13001",""
"2010","Table 19 - Bandon pounds landed.pdf","Rockfish, blue","landings","0","0","0","0","0","0","0","5","0","0","0","56","61",""
"2010","Table 19 - Bandon pounds landed.pdf","Rockfish, china","landings","0","0","0","2","21","74","160","375","30","159","0","0","821",""
"2010","Table 19 - Bandon pounds landed.pdf","Rockfish, copper","landings","0","0","0","0","10","9","98","138","59","48","0","0","362",""
"2010","Table 19 - Bandon pounds landed.pdf","Rockfish, quillback","landings","0","0","0","0","5","12","101","129","60","117","0","0","424",""
"2010","Table 19 - Bandon pounds landed.pdf","Rockfish, tiger","landings","0","0","0","0","0","0","5","17","11","14","0","0","47",""
"2010","Table 19 - Bandon pounds landed.pdf","Rockfish, vermillion","landings","0","0","0","0","33","52","139","137","34","112","0","4","511",""
"2010","Table 19 - Bandon pounds landed.pdf","Rockfish, yellowtail","landings","0","0","0","0","0","0","1","48","33","41","0","0","123",""
"2010","Table 19 - Bandon pounds landed.pdf","Tuna, albacore","landings","0","0","0","0","0","0","0","13842","0","0","0","0","13842",""
"2010","Table 19 - Bandon pounds landed.pdf","CRUSTACEANS:","landings",NA,NA,NA,NA,NA,NA,NA,NA,NA,NA,NA,NA,NA,""
"2010","Table 19 - Bandon pounds landed.pdf","Crab, Dungeness bay","landings","0","0","0","0","0","0","0","0","0","0","0","32","32",""
"2010","Table 20 - Port Orford pounds landed.pdf","Cabezon...............","landings","CHECK","CHECK","CHECK","CHECK","CHECK","CHECK","CHECK","CHECK","CHECK","CHECK","CHECK","CHECK","CHECK","CHECK"
"2010","Table 20 - Port Orford pounds landed.pdf","Flounder, arrowtooth","landings","0","23","51","109","86","107","28","96","28","60","6","0","594",""
"2010","Table 20 - Port Orford pounds landed.pdf","Flounder, starry","landings","0","0","0","3","0","0","0","0","0","0","0","0","3",""
"2010","Table 20 - Port Orford pounds landed.pdf","Greenling sp","landings","1964","1038","1873","2803","4462","2115","1579","2417","3533","2585","1586","461","26416",""
"2010","Table 20 - Port Orford pounds landed.pdf","Hagfish sp","landings","0","0","0","0","0","0","0","0","0","92","64","0","156",""
"2010","Table 20 - Port Orford pounds landed.pdf","Halibut, Pacific","landings","0","0","0","0","0","7235","174","0","0","0","0","0","7409",""
"2010","Table 20 - Port Orford pounds landed.pdf","Irish Lord, red","landings","0","0","0","0","0","0","0","0","5","0","0","0","5",""
"2010","Table 20 - Port Orford pounds landed.pdf","Lingcod","landings","0","0","0","0","8380","5877","3389","4590","6745","5352","6351","0","40684",""
"2010","Table 20 - Port Orford pounds landed.pdf","Pomfret, Pacific","landings","0","0","0","0","0","0","0","0","3","0","0","0","3",""
"2010","Table 20 - Port Orford pounds landed.pdf","Pacific Ocean perch","landings","9","1","7","8","2","2","4","22","13","2","1","0","71",""
"2010","Table 20 - Port Orford pounds landed.pdf","Rockfish, black","landings","1806","1856","2061","7209","18427","14312","10153","8101","10706","6980","6303","5486","93400",""
"2010","Table 20 - Port Orford pounds landed.pdf","Rockfish, black&yellow","landings","2","0","0","3","3","1","0","0","0","0","0","0","9",""
"2010","Table 20 - Port Orford pounds landed.pdf","Rockfish, blue","landings","76","29","9","1029","508","183","81","457","2036","427","1405","481","6721",""
"2010","Table 20 - Port Orford pounds landed.pdf","Rockfish, brown","landings","0","0","0","0","0","18","0","1","9","0","0","0","28",""
"2010","Table 20 - Port Orford pounds landed.pdf","Rockfish, china","landings","713","578","486","1450","1803","1886","985","1473","2799","1900","843","523","15439",""
"2010","Table 20 - Port Orford pounds landed.pdf","Rockfish, copper","landings","44","14","10","56","373","266","135","344","331","258","59","35","1925",""
"2010","Table 20 - Port Orford pounds landed.pdf","Rockfish, darkblotched","landings","28","327","212","185","941","969","649","976","142","96","72","28","4625",""
"2010","Table 20 - Port Orford pounds landed.pdf","Rockfish, Gopher","landings","1","2","2","8","0","3","6","12","8","7","0","0","49",""
"2010","Table 20 - Port Orford pounds landed.pdf","Rockfish, grass","landings","0","0","0","0","4","0","0","1","3","2","2","0","12",""
"2010","Table 20 - Port Orford pounds landed.pdf","Rockfish, quillback","landings","41","31","38","109","648","338","154","372","761","425","152","50","3119",""
"2010","Table 20 - Port Orford pounds landed.pdf","Rockfish, tiger","landings","3","3","6","48","75","136","27","134","218","177","104","85","1016",""
"2010","Table 20 - Port Orford pounds landed.pdf","Rockfish, vermillion","landings","17","36","64","192","742","675","357","707","1223","587","289","185","5074",""
"2010","Table 20 - Port Orford pounds landed.pdf","Rockfish, widow","landings","0","0","0","8","14","8","7","0","55","3","0","0","95",""
"2010","Table 20 - Port Orford pounds landed.pdf","Rockfish, yellowtail","landings","12","6","0","60","64","95","31","58","294","68","56","9","753",""
"2010","Table 20 - Port Orford pounds landed.pdf","Rockfish, Shelf","landings","0","1","1","3","90","30","8","0","4","7","0","0","144",""
"2010","Table 20 - Port Orford pounds landed.pdf","Rockfish, Slope","landings","214","1007","713","754","2256","2070","605","1238","317","389","288","25","9876",""
"2010","Table 20 - Port Orford pounds landed.pdf","Thornyhead, longspine","landings","0","0","0","68","0","0","1","0","0","0","2","0","71",""
"2010","Table 20 - Port Orford pounds landed.pdf","Thornyhead, shortspine","landings","225","251","31","186","69","444","216","142","5","26","53","11","1659",""
"2010","Table 20 - Port Orford pounds landed.pdf","Sablefish","landings","7954","25009","21497","26765","43401","50179","19512","29380","16468","13202","12816","7517","273700",""
"2010","Table 20 - Port Orford pounds landed.pdf","Salmon, chinook","landings","0","0","0","627","2481","3744","4062","1212","10419","7792","8314","0","38651",""
"2010","Table 20 - Port Orford pounds landed.pdf","Sculpin, other sp","landings","0","0","0","0","0","0","0","0","0","0","3","0","3",""
"2010","Table 20 - Port Orford pounds landed.pdf","Shark, spiny dogfish","landings","0","866","58","64","277","130","155","293","240","71","72","187","2413",""
"2010","Table 20 - Port Orford pounds landed.pdf","Skates and rays","landings","19","251","186","638","644","765","348","570","388","209","64","28","4110",""
"2010","Table 20 - Port Orford pounds landed.pdf","Skilfish","landings","0","0","0","0","0","0","60","0","0","0","0","0","60",""
"2010","Table 20 - Port Orford pounds landed.pdf","Sole, Dover","landings","0","15","4","76","31","61","43","36","13","16","9","15","319",""
"2010","Table 20 - Port Orford pounds landed.pdf","Sole, petrale","landings","3","4","1","0","0","18","0","0","0","0","1","0","27",""
"2010","Table 20 - Port Orford pounds landed.pdf","Tuna, albacore","landings","0","0","0","0","0","0","3455","18864","2280","0","0","0","24599",""
"2010","Table 20 - Port Orford pounds landed.pdf","Wolf-eel","landings","0","0","0","8","0","17","6","13","19","31","8","0","102",""
"2010","Table 20 - Port Orford pounds landed.pdf","CRUSTACEANS:","landings",NA,NA,NA,NA,NA,NA,NA,NA,NA,NA,NA,NA,NA,""
"2010","Table 20 - Port Orford pounds landed.pdf","Crab, Dungeness ocean","landings","175692","75222","36871","36627","14042","11979","13471","4474","0","830","1258","89718","460184",""
"2010","Table 20 - Port Orford pounds landed.pdf","MOLLUSKS:","landings",NA,NA,NA,NA,NA,NA,NA,NA,NA,NA,NA,NA,NA,""
"2010","Table 20 - Port Orford pounds landed.pdf","Octopus","landings","734","686","1250","860","180","83","0","0","0","0","0","0","3793",""
"2010","Table 20 - Port Orford pounds landed.pdf","OTHER INVERTEBRATES:","landings",NA,NA,NA,NA,NA,NA,NA,NA,NA,NA,NA,NA,NA,""
"2010","Table 20 - Port Orford pounds landed.pdf","Sea cucumber","landings","0","0","0","0","496","272","0","0","0","0","0","0","768",""
"2010","Table 20 - Port Orford pounds landed.pdf","Sea urchin, red","landings","28092","17262","29259","76500","0","975","0","0","0","22907","67439","46599","289033",""
"2010","Table 21 - Gold Beach pounds landed.pdf","Cabezon...............","landings","CHECK","CHECK","CHECK","CHECK","CHECK","CHECK","CHECK","CHECK","CHECK","CHECK","CHECK","CHECK","CHECK","CHECK"
"2010","Table 21 - Gold Beach pounds landed.pdf","Greenling sp","landings","375","190","483","458","1635","1054","1223","1463","1919","1587","428","153","10968",""
"2010","Table 21 - Gold Beach pounds landed.pdf","Lingcod","landings","0","0","0","0","2541","1697","1313","1732","2155","1377","484","0","11299",""
"2010","Table 21 - Gold Beach pounds landed.pdf","Rockfish, black","landings","340","217","214","2249","6214","6884","7940","10060","4610","3888","144","86","42846",""
"2010","Table 21 - Gold Beach pounds landed.pdf","Rockfish, black&yellow","landings","0","0","0","0","0","0","4","4","0","0","0","0","8",""
"2010","Table 21 - Gold Beach pounds landed.pdf","Rockfish, blue","landings","0","0","0","100","179","5","55","1479","847","196","9","0","2870",""
"2010","Table 21 - Gold Beach pounds landed.pdf","Rockfish, china","landings","103","43","48","79","297","322","309","505","568","216","110","21","2621",""
"2010","Table 21 - Gold Beach pounds landed.pdf","Rockfish, copper","landings","7","4","0","0","28","10","20","15","10","4","2","0","100",""
"2010","Table 21 - Gold Beach pounds landed.pdf","Rockfish, Gopher","landings","0","0","0","2","2","7","4","17","4","2","2","0","40",""
"2010","Table 21 - Gold Beach pounds landed.pdf","Rockfish, grass","landings","0","0","0","0","3","0","0","0","0","9","0","0","12",""
"2010","Table 21 - Gold Beach pounds landed.pdf","Rockfish, quillback","landings","4","0","0","4","24","21","20","7","5","1","0","0","86",""
"2010","Table 21 - Gold Beach pounds landed.pdf","Rockfish, tiger","landings","0","0","0","0","0","0","4","9","0","0","0","0","13",""
"2010","Table 21 - Gold Beach pounds landed.pdf","Rockfish, vermillion","landings","18","2","0","15","153","115","50","113","125","39","11","0","641",""
"2010","Table 21 - Gold Beach pounds landed.pdf","Rockfish, yellowtail","landings","0","0","0","5","2","11","0","10","3","0","0","0","31",""
"2010","Table 21 - Gold Beach pounds landed.pdf","Salmon, chinook","landings","0","0","0","76","59","735","0","286","1293","500","0","0","2949",""
"2010","Table 21 - Gold Beach pounds landed.pdf","Tuna, albacore","landings","0","0","0","0","0","0","0","3349","3600","0","0","0","6949",""
"2010","Table 21 - Gold Beach pounds landed.pdf","Wolf-eel","landings","0","0","0","0","0","0","0","4","0","0","0","0","4",""
"2010","Table 21 - Gold Beach pounds landed.pdf","CRUSTACEANS:","landings",NA,NA,NA,NA,NA,NA,NA,NA,NA,NA,NA,NA,NA,""
"2010","Table 21 - Gold Beach pounds landed.pdf","Crab, Dungeness ocean","landings","856","1280","1036","549","1511","1926","406","212","0","0","0","0","7776",""
"2010","Table 21 - Gold Beach pounds landed.pdf","OTHER INVERTEBRATES:","landings",NA,NA,NA,NA,NA,NA,NA,NA,NA,NA,NA,NA,NA,""
"2010","Table 21 - Gold Beach pounds landed.pdf","Sea urchin, red","landings","0","0","0","0","37682","2389","3113","4025","2270","14307","0","0","63786",""
"2010","Table 22 - Brookings pounds landed.pdf","Shark..Brown.Cat......","landings","CHECK","CHECK","CHECK","CHECK","CHECK","CHECK","CHECK","CHECK","CHECK","CHECK","CHECK","CHECK","CHECK","CHECK"
"2010","Table 22 - Brookings pounds landed.pdf","Cabezon","landings","92","144","125","159","754","559","279","556","635","507","151","0","3961",""
"2010","Table 22 - Brookings pounds landed.pdf","Flounder, arrowtooth","landings","0","199","4490","6608","597","6129","2595","2258","1642","8026","9177","4800","46521",""
"2010","Table 22 - Brookings pounds landed.pdf","Greenling sp","landings","42","128","75","374","408","121","338","132","426","156","298","0","2498",""
"2010","Table 22 - Brookings pounds landed.pdf","Grenadier, Pacific","landings","0","0","46","11379","3765","6643","0","0","3812","858","25","533","27061",""
"2010","Table 22 - Brookings pounds landed.pdf","Halibut, Pacific","landings","0","0","0","0","0","453","0","0","0","0","0","0","453",""
"2010","Table 22 - Brookings pounds landed.pdf","Lingcod","landings","0","0","10","38","749","2216","435","618","543","732","472","457","6270",""
"2010","Table 22 - Brookings pounds landed.pdf","Pacific Ocean perch","landings","0","12","7","0","5","17","7","2","6","1","2","5","64",""
"2010","Table 22 - Brookings pounds landed.pdf","Rockfish, black","landings","21","192","48","1019","1266","1517","2000","1049","1204","917","209","0","9442",""
"2010","Table 22 - Brookings pounds landed.pdf","Rockfish, black&yellow","landings","0","0","0","0","0","0","0","3","0","0","2","0","5",""
"2010","Table 22 - Brookings pounds landed.pdf","Rockfish, blue","landings","0","0","0","278","260","0","0","2","33","246","0","0","819",""
"2010","Table 22 - Brookings pounds landed.pdf","Rockfish, canary","landings","0","0","0","0","0","138","0","0","0","0","0","0","138",""
"2010","Table 22 - Brookings pounds landed.pdf","Rockfish, china","landings","12","11","2","44","25","12","21","21","19","31","25","0","223",""
"2010","Table 22 - Brookings pounds landed.pdf","Rockfish, copper","landings","0","0","0","0","0","0","0","0","0","28","0","0","28",""
"2010","Table 22 - Brookings pounds landed.pdf","Rockfish, darkblotched","landings","0","90","42","437","583","406","373","209","7","4","128","87","2366",""
"2010","Table 22 - Brookings pounds landed.pdf","Rockfish, Gopher","landings","0","0","0","0","2","2","2","0","2","0","0","0","8",""
"2010","Table 22 - Brookings pounds landed.pdf","Rockfish, grass","landings","0","0","0","0","0","71","23","19","90","4","0","0","207",""
"2010","Table 22 - Brookings pounds landed.pdf","Rockfish, quillback","landings","0","0","0","0","2","0","9","0","0","11","0","0","22",""
"2010","Table 22 - Brookings pounds landed.pdf","Rockfish, vermillion","landings","0","9","0","3","12","0","17","0","0","15","7","0","63",""
"2010","Table 22 - Brookings pounds landed.pdf","Rockfish, widow","landings","0","0","0","0","0","202","0","0","0","0","0","0","202",""
"2010","Table 22 - Brookings pounds landed.pdf","Rockfish, yellowtail","landings","0","0","0","0","8","2","3","0","0","49","4","0","66",""
"2010","Table 22 - Brookings pounds landed.pdf","Rockfish, Shelf","landings","0","0","0","2","0","61","0","0","0","0","0","47","110",""
"2010","Table 22 - Brookings pounds landed.pdf","Rockfish, Slope","landings","0","147","37","4426","2002","963","440","1181","138","749","338","378","10799",""
"2010","Table 22 - Brookings pounds landed.pdf","Thornyhead, longspine","landings","0","2977","16886","39140","9658","25224","5907","7839","12973","43203","39058","31580","234445",""
"2010","Table 22 - Brookings pounds landed.pdf","Thornyhead, shortspine","landings","0","2573","3785","12829","6911","9994","9428","10286","7795","13464","14550","18285","109900",""
"2010","Table 22 - Brookings pounds landed.pdf","Sablefish","landings","696","3694","19688","114454","53739","64342","44870","42812","27938","41727","38331","49414","501705",""
"2010","Table 22 - Brookings pounds landed.pdf","Salmon, chinook","landings","0","0","0","562","256","18671","24039","13482","10946","2327","0","0","70283",""
"2010","Table 22 - Brookings pounds landed.pdf","Sanddab, Pacific","landings","0","0","0","0","0","4","0","0","0","0","0","0","4",""
"2010","Table 22 - Brookings pounds landed.pdf","Skates and rays","landings","0","2980","2626","6578","1880","6854","3419","14945","8885","9013","6868","2582","66630",""
"2010","Table 22 - Brookings pounds landed.pdf","Sole, deepsea","landings","0","0","0","241","103","109","89","98","32","0","0","0","672",""
"2010","Table 22 - Brookings pounds landed.pdf","Sole, Dover","landings","0","90530","35145","157614","57455","116776","158902","234850","186260","149378","134479","97536","1418925",""
"2010","Table 22 - Brookings pounds landed.pdf","Sole, English","landings","0","93","4","129","0","500","0","0","1","0","0","336","1063",""
"2010","Table 22 - Brookings pounds landed.pdf","Sole, petrale","landings","0","6874","10173","576","4","917","0","11","248","101","924","26456","46284",""
"2010","Table 22 - Brookings pounds landed.pdf","Sole, rex","landings","0","2761","1727","3188","2369","5936","6299","9751","10474","6295","6240","5122","60162",""
"2010","Table 22 - Brookings pounds landed.pdf","Tuna, albacore","landings","0","0","0","0","0","0","1056","54326","22048","2738","0","0","80168",""
"2010","Table 22 - Brookings pounds landed.pdf","Whiting, Pac (hake)","landings","0","0","8","2","6","3","0","15","4","2","9","38","87",""
"2010","Table 22 - Brookings pounds landed.pdf","CRUSTACEANS:","landings",NA,NA,NA,NA,NA,NA,NA,NA,NA,NA,NA,NA,NA,""
"2010","Table 22 - Brookings pounds landed.pdf","Crab, Dungeness ocean","landings","1150557","739571","168601","79411","48527","14772","3700","0","0","926","2738","108007","2316810",""
"2010","Table 22 - Brookings pounds landed.pdf","Shrimp, coonstripe","landings","0","0","0","0","0","9","0","0","0","0","0","0","9",""
"2010","Table 22 - Brookings pounds landed.pdf","Shrimp, pink","landings","0","0","0","259316","456922","428108","645966","440837","674353","774363","0","0","3679865",""
"2010","Table 22 - Brookings pounds landed.pdf","OTHER INVERTEBRATES:","landings",NA,NA,NA,NA,NA,NA,NA,NA,NA,NA,NA,NA,NA,""
"2010","Table 22 - Brookings pounds landed.pdf","Sea urchin, red","landings","0","0","0","0","1113","0","0","0","0","0","0","0","1113",""
"2010","Table 6 - Columbia River Pounds landed.pdf","CHECK","landings",NA,NA,NA,NA,NA,NA,NA,NA,NA,NA,NA,NA,NA,NA
"2010","Table 7 - Astoria pounds landed.pdf","Barracudina..Duckbill","landings","CHECK","CHECK","CHECK","CHECK","CHECK","CHECK","CHECK","CHECK","CHECK","CHECK","CHECK","CHECK","CHECK","CHECK"
"2010","Table 7 - Astoria pounds landed.pdf","Shark, Brown Cat","landings","62","44","27","106","34","152162","661","649",NA,"0","485","594304","","CHECK"
"2010","Table 7 - Astoria pounds landed.pdf","Cabezon","landings","0","0","0","0","0","70","0","0",NA,"0","0","07","","CHECK"
"2010","Table 7 - Astoria pounds landed.pdf","Cod, Pacific","landings","62","83","3698","132013","115825","157072144649","124605","69443",NA,"111206","3145","2173863974","","CHECK"
"2010","Table 7 - Astoria pounds landed.pdf","EelPout","landings","109","269","200","368","266","367","0","0",NA,"0","3","1411426","","CHECK"
"2010","Table 7 - Astoria pounds landed.pdf","Flounder, arrowtooth","landings","96955","221709","180914","458903","512224","184724148780","243532","337574",NA,"111549","79982","1381502714996","","CHECK"
"2010","Table 7 - Astoria pounds landed.pdf","Flounder, starry","landings","16","0","0","0","5114","6232635","3494","339",NA,"159","186","016175","","CHECK"
"2010","Table 7 - Astoria pounds landed.pdf","Greenling sp","landings","0","0","0","0","0","90","2","8",NA,"0","0","019","","CHECK"
"2010","Table 7 - Astoria pounds landed.pdf","Grenadier, Pacific","landings","0","58","38","26","18","100","0","98",NA,"0","0","89337","","CHECK"
"2010","Table 7 - Astoria pounds landed.pdf","Grenadier, Unsp","landings","21","2","0","0","0","00","0","0",NA,"0","0","023","","CHECK"
"2010","Table 7 - Astoria pounds landed.pdf","Hagfish sp","landings","0","0","0","0","0","00","0","65479",NA,"2533","0","068012","","CHECK"
"2010","Table 7 - Astoria pounds landed.pdf","Halibut, Pacific","landings","12","13","48","16","75","302244887","117","59",NA,"199","44","735701","","CHECK"
"2010","Table 7 - Astoria pounds landed.pdf","Herring, Pacific","landings","0","0","0","0","3","0775","0","0",NA,"31","0","0809","","CHECK"
"2010","Table 7 - Astoria pounds landed.pdf","King of Salmon","landings","0","0","0","0","0","023","0","49",NA,"0","78","3153","","CHECK"
"2010","Table 7 - Astoria pounds landed.pdf","Lamprey, Pacific","landings","0","0","0","0","0","00","0","14",NA,"0","0","014","","CHECK"
"2010","Table 7 - Astoria pounds landed.pdf","Lingcod","landings","105","8288","31329","25424","65255","6405062158","67384","83902",NA,"31280","5819","8520453514","","CHECK"
"2010","Table 7 - Astoria pounds landed.pdf","Mackerel, jack","landings","0","0","0","0","0","477","158516","10700",NA,"23408","865","0193570","","CHECK"
"2010","Table 7 - Astoria pounds landed.pdf","Mackerel, Pacific","landings","0","0","0","0","0","429630581727","1634665","1116106",NA,"153123","0","03915251","","CHECK"
"2010","Table 7 - Astoria pounds landed.pdf","Opah","landings","0","0","0","0","0","00","17","0",NA,"0","0","017","","CHECK"
"2010","Table 7 - Astoria pounds landed.pdf","Pollock, walleye","landings","0","0","0","4","2","00","0","0",NA,"0","0","06","","CHECK"
"2010","Table 7 - Astoria pounds landed.pdf","Pomfret, Pacific","landings","0","0","0","0","0","00","6","7",NA,"0","0","013","","CHECK"
"2010","Table 7 - Astoria pounds landed.pdf","Ragfish","landings","0","0","0","54","0","01523","0","0",NA,"0","0","01577","","CHECK"
"2010","Table 7 - Astoria pounds landed.pdf","Ratfish","landings","0","9","75","167","37","8079","48","217",NA,"50","0","3611123","","CHECK"
"2010","Table 7 - Astoria pounds landed.pdf","Pacific Ocean perch","landings","421","2763","4577","4274","7113","29561953","3681","1277",NA,"1925","6503","2124758690","","CHECK"
"2010","Table 7 - Astoria pounds landed.pdf","Rockfish, black","landings","0","0","0","0","115","102215","53","53",NA,"31","409","01698","","CHECK"
"2010","Table 7 - Astoria pounds landed.pdf","Rockfish, brown","landings","0","0","0","0","0","00","2","0",NA,"0","0","02","","CHECK"
"2010","Table 7 - Astoria pounds landed.pdf","Rockfish, canary","landings","0","293","81","79","2734","503774","4090","804",NA,"1020","187","31610881","","CHECK"
"2010","Table 7 - Astoria pounds landed.pdf","Rockfish, darkblotched","landings","352","5690","6184","6449","6894","5603438","1240","6712",NA,"3661","6279","1022659728","","CHECK"
"2010","Table 7 - Astoria pounds landed.pdf","Rockfish, quillback","landings","0","0","5","94","11","3116","148","29",NA,"21","0","0355","","CHECK"
"2010","Table 7 - Astoria pounds landed.pdf","Rockfish, shortbelly","landings","0","0","0","0","0","00","0","0",NA,"26","2","028","","CHECK"
"2010","Table 7 - Astoria pounds landed.pdf","Rockfish, widow","landings","211","542","173","189","6742","1491228522","19822","17527",NA,"14822","8100","23920135482","","CHECK"
"2010","Table 7 - Astoria pounds landed.pdf","Rockfish, yelloweye","landings","0","2","0","1","83","120","87","3",NA,"1","0","2200","","CHECK"
"2010","Table 7 - Astoria pounds landed.pdf","Rockfish, yellowtail","landings","238","19533","27323","24893","166145","164651235305","385773","76560",NA,"112615","2318","636071278961","","CHECK"
"2010","Table 7 - Astoria pounds landed.pdf","Rockfish, Shelf","landings","12","1842","1745","459","6334","1685819999","4136","7225",NA,"2625","78","193863251","","CHECK"
"2010","Table 7 - Astoria pounds landed.pdf","Rockfish, Slope","landings","2077","7962","13528","18427","27539","1122214941","40474","38801",NA,"9324","13865","40440238600","","CHECK"
"2010","Table 7 - Astoria pounds landed.pdf","Thornyhead, longspine","landings","6568","18758","11413","21760","37493","54522280","785","5389",NA,"16474","12200","12741198383","","CHECK"
"2010","Table 7 - Astoria pounds landed.pdf","Thornyhead, shortspine","landings","25549","40809","35306","50278","68318","142294002","8408","18322",NA,"44444","42345","41497393507","","CHECK"
"2010","Table 7 - Astoria pounds landed.pdf","Sablefish","landings","44280","76087","85889","121976","113647","76160118732","78227","129716",NA,"173409","150784","1446441313551","","CHECK"
"2010","Table 7 - Astoria pounds landed.pdf","Salmon, chinook","landings","0","0","0","429","10843","584162154","365","15262",NA,"9980","2170","19199810","","CHECK"
"2010","Table 7 - Astoria pounds landed.pdf","Salmon, chum","landings","0","0","0","0","0","110","0","0",NA,"6","0","017","","CHECK"
"2010","Table 7 - Astoria pounds landed.pdf","Salmon, coho","landings","0","0","0","0","0","5155","83","2610",NA,"0","0","02853","","CHECK"
"2010","Table 7 - Astoria pounds landed.pdf","Sanddab, Pacific","landings","464","101","335","816","35283","3605427515","48675","13220",NA,"8290","8453","97179303","","CHECK"
"2010","Table 7 - Astoria pounds landed.pdf","Sardine, Pacific","landings","0","0","0","0","9","6335849  37867038  24945828  16084541",NA,NA,NA,"8723130","0","0  93956395","","CHECK"
"2010","Table 7 - Astoria pounds landed.pdf","Saury, Pacific","landings","0","0","0","0","0","00","1","0",NA,"0","0","01","","CHECK"
"2010","Table 7 - Astoria pounds landed.pdf","Sculpin, other sp","landings","0","0","0","0","9","39","7","3",NA,"0","0","031","","CHECK"
"2010","Table 7 - Astoria pounds landed.pdf","Shad, American","landings","0","0","0","7","64","522459","185","896",NA,"50932","26150","1080755","","CHECK"
"2010","Table 7 - Astoria pounds landed.pdf","Shark, blue","landings","0","0","0","0","0","76166","0","0",NA,"0","0","0242","","CHECK"
"2010","Table 7 - Astoria pounds landed.pdf","Shark..Pacific.sleeper","landings","CHECK","CHECK","CHECK","CHECK","CHECK","CHECK","CHECK","CHECK","CHECK","CHECK","CHECK","CHECK","CHECK","CHECK"
"2010","Table 7 - Astoria pounds landed.pdf","Shark, shortfin mako","landings","0","0","0","0","0","0506","0",NA,"0","0","0","0506","","CHECK"
"2010","Table 7 - Astoria pounds landed.pdf","Shark, soupfin","landings","0","0","0","0","0","9798","0",NA,"0","0","0","32227","","CHECK"
"2010","Table 7 - Astoria pounds landed.pdf","Shark, spiny dogfish","landings","10323","13296","9090","499","6396","8166176","34451",NA,"33602","26578","44434","22147207808","","CHECK"
"2010","Table 7 - Astoria pounds landed.pdf","Shark, thresher","landings","0","0","0","0","0","00","7437",NA,"0","407","334","08178","","CHECK"
"2010","Table 7 - Astoria pounds landed.pdf","Shark, other sp","landings","0","0","0","0","0","29583","262",NA,"58","0","0","0698","","CHECK"
"2010","Table 7 - Astoria pounds landed.pdf","Skates and rays","landings","32854","90655","88301","85629","180233","216324124204","172542",NA,"111261","54064","43312","547421254121","","CHECK"
"2010","Table 7 - Astoria pounds landed.pdf","Snailfish, blacktail","landings","13","10","6","14","1","00","0",NA,"0","0","0","1054","","CHECK"
"2010","Table 7 - Astoria pounds landed.pdf","Sole, butter","landings","0","0","0","0","10","9874","375",NA,"36","64","0","0657","","CHECK"
"2010","Table 7 - Astoria pounds landed.pdf","Sole, curlfin (turbot)","landings","0","0","0","13","1","5311","784",NA,"44","0","1","0907","","CHECK"
"2010","Table 7 - Astoria pounds landed.pdf","Sole, deepsea","landings","18","130","89","119","104","130","0",NA,"0","24","0","37534","","CHECK"
"2010","Table 7 - Astoria pounds landed.pdf","Sole, Dover","landings","213031","418013","464871","1081667","650346","193101291555","266426",NA,"220410","288553","299639","3900024777614","","CHECK"
"2010","Table 7 - Astoria pounds landed.pdf","Sole, English","landings","1400","611","1264","2079","18578","3271741106","43099",NA,"8818","6429","13718","3010172829","","CHECK"
"2010","Table 7 - Astoria pounds landed.pdf","Sole, flathead","landings","1","0","8","138","606","9611913","2008",NA,"3078","810","395","429960","","CHECK"
"2010","Table 7 - Astoria pounds landed.pdf","Sole, petrale","landings","25001","66849","67745","12865","88305","87591105970","88211",NA,"81944","46113","57705","133095861394","","CHECK"
"2010","Table 7 - Astoria pounds landed.pdf","Sole, rex","landings","6161","10453","13137","15312","40582","5116660706","61842",NA,"31196","26410","14587","17179348731","","CHECK"
"2010","Table 7 - Astoria pounds landed.pdf","Sole, rock","landings","2","0","9","43","65","124136","706",NA,"698","39","7","61835","","CHECK"
"2010","Table 7 - Astoria pounds landed.pdf","Sole, sand","landings","1086","7","0","0","19673","5016620395","41367",NA,"3031","1646","8649","0146020","","CHECK"
"2010","Table 7 - Astoria pounds landed.pdf","Sole, slender","landings","139","346","531","373","1411","558126","311",NA,"474","55","81","1294534","","CHECK"
"2010","Table 7 - Astoria pounds landed.pdf","Sturgeon, white","landings","0","0","0","0","0","950","0",NA,"0","0","0","095","","CHECK"
"2010","Table 7 - Astoria pounds landed.pdf","Sunfish, ocean","landings","0","0","0","0","0","00","0",NA,"0","16","0","016","","CHECK"
"2010","Table 7 - Astoria pounds landed.pdf","Tubeshoulder","landings","0","3","0","0","0","00","0",NA,"1","0","0","04","","CHECK"
"2010","Table 7 - Astoria pounds landed.pdf","Tuna, albacore","landings","0","0","0","0","0","0275886","834733",NA,"692808","167492","30434","02001353","","CHECK"
"2010","Table 7 - Astoria pounds landed.pdf","Whiting, Pac (hake)","landings","1091","1538","884","4138","4832","4356769  10498783  15099211",NA,NA,"7370098","8376464","5877598","255779  51847185","","CHECK"
"2010","Table 7 - Astoria pounds landed.pdf","Wolf-eel","landings","0","0","0","0","0","128","0",NA,"0","8","0","028","","CHECK"
"2010","Table 7 - Astoria pounds landed.pdf","Wrymouth, giant","landings","0","8","0","0","8","2355","278",NA,"158","46","0","0576","","CHECK"
"2010","Table 7 - Astoria pounds landed.pdf","CRUSTACEANS:","landings",NA,NA,NA,NA,NA,"",NA,NA,NA,NA,NA,"","","CHECK"
"2010","Table 7 - Astoria pounds landed.pdf","Crab, box","landings","0","0","4851","50","0","00","0",NA,"0","0","0","04901","","CHECK"
"2010","Table 7 - Astoria pounds landed.pdf","Crab, Dungeness ocean","landings","496680","233274","121150","114170","72209","141734513","1642",NA,"9","4","4533","1512161213573","","CHECK"
"2010","Table 7 - Astoria pounds landed.pdf","Crab, Tanner","landings","8","15","12","2","4","440","0",NA,"0","0","3","27115","","CHECK"
"2010","Table 7 - Astoria pounds landed.pdf","Shrimp, pink","landings","0","0","0","530328","1561650","15602541770312","1785757",NA,"1102383","485487","0","08796171","","CHECK"
"2010","Table 7 - Astoria pounds landed.pdf","MOLLUSKS:","landings",NA,NA,NA,NA,NA,"",NA,NA,NA,NA,NA,"","","CHECK"
"2010","Table 7 - Astoria pounds landed.pdf","Octopus","landings","14","10","15","24","421","8831558","1042",NA,"290","52","23","14333","","CHECK"
"2010","Table 7 - Astoria pounds landed.pdf","Snails & chitons","landings","0","1","0","0","0","00","0",NA,"0","0","0","01","","CHECK"
"2010","Table 7 - Astoria pounds landed.pdf","Squid, Market","landings","0","40","0","54","0","02","0",NA,"0","0","0","15111","","CHECK"
"2010","Table 7 - Astoria pounds landed.pdf","Squid, other sp","landings","0","28","96","101","204","465864","2895",NA,"9537","969","513","715679","","CHECK"
"2010","Table 7 - Astoria pounds landed.pdf","OTHER INVERTEBRATES:","landings",NA,NA,NA,NA,NA,"",NA,NA,NA,NA,NA,"","","CHECK"
"2010","Table 7 - Astoria pounds landed.pdf","Jellyfish","landings","0","0","0","0","0","035","206",NA,"285","29","84","4643","","CHECK"
"2010","Table 7 - Astoria pounds landed.pdf","Sea anemone","landings","19","37","20","40","18","70","0",NA,"0","0","0","21162","","CHECK"
"2010","Table 7 - Astoria pounds landed.pdf","Sea cucumber","landings","20","13","8","24","3","00","0",NA,"0","0","0","573","","CHECK"
"2010","Table 7 - Astoria pounds landed.pdf","Sea stars","landings","37","89","26","20","33","275","0",NA,"0","0","12","105354","","CHECK"
"2010","Table 7A - Seaside-Gearhart pounds.pdf","Salmon..chinook.......","landings","CHECK","CHECK","CHECK","CHECK","CHECK","CHECK","CHECK","CHECK","CHECK","CHECK","CHECK","CHECK","CHECK","CHECK"
"2010","Table 7A - Seaside-Gearhart pounds.pdf","Salmon, coho","landings","0","0","0","0","0","0","0","25","28","0","0","0","53",""
"2010","Table 7A - Seaside-Gearhart pounds.pdf","Tuna, albacore","landings","0","0","0","0","0","0","0","5279","1652","0","0","0","6931",""
"2010","Table 7A - Seaside-Gearhart pounds.pdf","MOLLUSKS:","landings",NA,NA,NA,NA,NA,NA,NA,NA,NA,NA,NA,NA,NA,""
"2010","Table 7A - Seaside-Gearhart pounds.pdf","Clams, cockle","landings","0","0","0","0","0","400","0","0","0","0","0","0","400",""
"2010","Table 7A - Seaside-Gearhart pounds.pdf","Clams, razor","landings","57","570","790","3447","5401","4199","2268","0","0","559","386","169","17846",""
"2010","Table 7B - Cannon Beach pounds landed.pdf","CHECK","landings",NA,NA,NA,NA,NA,NA,NA,NA,NA,NA,NA,NA,NA,NA
"2010","Table 8 - Nehalem Bay pounds landed.pdf","CHECK","landings",NA,NA,NA,NA,NA,NA,NA,NA,NA,NA,NA,NA,NA,NA
"2010","Table 9 - Garibaldi pounds landed.pdf","Cabezon...............","landings","CHECK","CHECK","CHECK","CHECK","CHECK","CHECK","CHECK","CHECK","CHECK","CHECK","CHECK","CHECK","CHECK","CHECK"
"2010","Table 9 - Garibaldi pounds landed.pdf","Greenling sp","landings","2","0","2","25","20","40","62","63","62","13","2","0","291",""
"2010","Table 9 - Garibaldi pounds landed.pdf","Halibut, Pacific","landings","0","0","0","0","70","3714","0","0","0","0","0","0","3784",""
"2010","Table 9 - Garibaldi pounds landed.pdf","Irish Lord, red","landings","0","0","0","0","0","0","0","1","0","0","0","0","1",""
"2010","Table 9 - Garibaldi pounds landed.pdf","Lingcod","landings","0","0","0","0","1545","1982","2092","918","1045","78","163","0","7823",""
"2010","Table 9 - Garibaldi pounds landed.pdf","Pipefish","landings","0","0","0","0","0","0","0","1","0","0","0","0","1",""
"2010","Table 9 - Garibaldi pounds landed.pdf","Rockfish, black","landings","80","0","666","3128","3717","1819","3615","2673","3810","2049","17","0","21574",""
"2010","Table 9 - Garibaldi pounds landed.pdf","Rockfish, black&yellow","landings","0","0","0","0","0","2","0","0","0","0","0","0","2",""
"2010","Table 9 - Garibaldi pounds landed.pdf","Rockfish, blue","landings","0","0","0","25","2","2","34","13","67","59","7","0","209",""
"2010","Table 9 - Garibaldi pounds landed.pdf","Rockfish, canary","landings","0","0","0","0","0","2","0","0","0","0","0","0","2",""
"2010","Table 9 - Garibaldi pounds landed.pdf","Rockfish, china","landings","0","0","2","0","5","4","10","2","4","0","0","0","27",""
"2010","Table 9 - Garibaldi pounds landed.pdf","Rockfish, copper","landings","0","0","0","3","13","4","8","17","9","0","0","0","54",""
"2010","Table 9 - Garibaldi pounds landed.pdf","Rockfish, quillback","landings","0","0","0","8","13","20","49","22","3","2","0","0","117",""
"2010","Table 9 - Garibaldi pounds landed.pdf","Rockfish, tiger","landings","0","0","0","0","0","1","5","2","0","0","0","0","8",""
"2010","Table 9 - Garibaldi pounds landed.pdf","Rockfish, vermillion","landings","0","0","0","0","0","0","3","0","12","0","0","0","15",""
"2010","Table 9 - Garibaldi pounds landed.pdf","Rockfish, yelloweye","landings","0","0","0","0","0","54","0","0","0","0","0","0","54",""
"2010","Table 9 - Garibaldi pounds landed.pdf","Rockfish, yellowtail","landings","0","0","0","6","49","2","28","13","31","21","45","0","195",""
"2010","Table 9 - Garibaldi pounds landed.pdf","Rockfish, Shelf","landings","0","0","0","0","0","1","0","0","0","0","0","0","1",""
"2010","Table 9 - Garibaldi pounds landed.pdf","Rockfish, Slope","landings","0","0","0","0","0","55","0","0","0","0","0","0","55",""
"2010","Table 9 - Garibaldi pounds landed.pdf","Sablefish","landings","0","0","799","0","0","313","0","0","0","0","0","0","1112",""
"2010","Table 9 - Garibaldi pounds landed.pdf","Salmon, chinook","landings","0","0","0","6828","12131","8514","445","1194","15343","25860","0","0","70315",""
"2010","Table 9 - Garibaldi pounds landed.pdf","Salmon, coho","landings","0","0","0","0","0","0","25","65","1399","0","0","0","1489",""
"2010","Table 9 - Garibaldi pounds landed.pdf","Sculpin, other sp","landings","0","0","1","0","0","1","0","0","0","0","0","3","5",""
"2010","Table 9 - Garibaldi pounds landed.pdf","Snailfish, blacktail","landings","0","0","0","0","0","1","0","0","0","0","0","0","1",""
"2010","Table 9 - Garibaldi pounds landed.pdf","Sticklebacks","landings","0","0","0","0","0","0","0","1","0","0","0","0","1",""
"2010","Table 9 - Garibaldi pounds landed.pdf","Tuna, albacore","landings","0","0","0","0","0","2142","82558","135555","26279","2353","0","0","248887",""
"2010","Table 9 - Garibaldi pounds landed.pdf","Wolf-eel","landings","0","0","0","0","6","8","0","0","0","0","0","0","14",""
"2010","Table 9 - Garibaldi pounds landed.pdf","CRUSTACEANS:","landings",NA,NA,NA,NA,NA,NA,NA,NA,NA,NA,NA,NA,NA,""
"2010","Table 9 - Garibaldi pounds landed.pdf","BARNACLE, ACORN","landings","0","0","0","0","0","1","2","0","0","0","0","0","3",""
"2010","Table 9 - Garibaldi pounds landed.pdf","Crab, Dungeness bay","landings","0","0","0","0","0","0","0","0","0","0","584","0","584",""
"2010","Table 9 - Garibaldi pounds landed.pdf","Crab, Dungeness ocean","landings","164383","69256","39296","36199","27777","14052","9972","5156","0","716","0","19802","386609",""
"2010","Table 9 - Garibaldi pounds landed.pdf","Crab, hermit","landings","0","0","1","0","0","0","0","1","0","0","0","1","3",""
"2010","Table 9 - Garibaldi pounds landed.pdf","Crab, kelp","landings","0","0","0","0","0","1","0","1","0","0","0","0","2",""
"2010","Table 9 - Garibaldi pounds landed.pdf","Crab, rock","landings","0","0","0","0","0","0","0","2","0","0","0","0","2",""
"2010","Table 9 - Garibaldi pounds landed.pdf","Crab, other","landings","0","0","0","0","0","2","0","0","0","0","0","0","2",""
"2010","Table 9 - Garibaldi pounds landed.pdf","Shrimp, bay","landings","0","1","1","0","0","0","0","0","0","0","0","0","2",""
"2010","Table 9 - Garibaldi pounds landed.pdf","Shrimp, ghost","landings","251","265","279","224","757","908","658","417","326","446","85","30","4646",""
"2010","Table 9 - Garibaldi pounds landed.pdf","Shrimp, mud","landings","0","0","0","0","0","40","0","0","0","0","0","0","40",""
"2010","Table 9 - Garibaldi pounds landed.pdf","Shrimp, pink","landings","0","0","0","655","28295","5640","32979","0","0","0","0","0","67569",""
"2010","Table 9 - Garibaldi pounds landed.pdf","Shrimp, spot","landings","0","0","14","0","0","0","0","0","0","0","524","326","864",""
"2010","Table 9 - Garibaldi pounds landed.pdf","MOLLUSKS:","landings",NA,NA,NA,NA,NA,NA,NA,NA,NA,NA,NA,NA,NA,""
"2010","Table 9 - Garibaldi pounds landed.pdf","Clams, butter","landings","0","0","0","37","126","443","862","650","528","20","360","0","3026",""
"2010","Table 9 - Garibaldi pounds landed.pdf","Clams, cockle","landings","3100","4166","7245","35789","42296","42406","13878","1570","191","147","1061","410","152259",""
"2010","Table 9 - Garibaldi pounds landed.pdf","Clams, gaper","landings","0","0","0","0","0","0","10807","13626","10301","9775","3850","2482","50841",""
"2010","Table 9 - Garibaldi pounds landed.pdf","Clams, Nat Littleneck","landings","0","0","0","0","0","0","0","0","8","0","0","0","8",""
"2010","Table 9 - Garibaldi pounds landed.pdf","CNIDARIANS............","landings","CHECK","CHECK","CHECK","CHECK","CHECK","CHECK","CHECK","CHECK","CHECK","CHECK","CHECK","CHECK","CHECK","CHECK"
"2010","Table 9 - Garibaldi pounds landed.pdf","Sea anemone","landings","0","0","2","0","0","24","4","0","0","0","0","3","33",""
"2010","Table 9 - Garibaldi pounds landed.pdf","Sea stars","landings","0","0","0","0","0","0","0","6","0","0","0","0","6",""
"2010","Table 9 - Garibaldi pounds landed.pdf","TUNICATES","landings","0","0","0","0","0","1","0","0","0","0","0","0","1",""
