"year","filename","species","type","January","Feburary","March","April","May","June","July","August","September","October","November","December","Total","flag"
"2010","44_Monthly_value_Columbia_River.pdf","FISH.","value","CHECK","CHECK","CHECK","CHECK","CHECK","CHECK","CHECK","CHECK","CHECK","CHECK","CHECK","CHECK","CHECK","CHECK"
"2010","44_Monthly_value_Columbia_River.pdf","Flounder, starry00","value","0","2","0","0","0","0","0","0","0","0","2","","","CHECK"
"2010","44_Monthly_value_Columbia_River.pdf","Salmon, chinook04824","value","35505","227166","48200","70763","52640","821110","143158","25920","0","0","1429286","","","CHECK"
"2010","44_Monthly_value_Columbia_River.pdf","Salmon, chum00","value","0","0","0","0","0","0","0","60","0","0","60","","","CHECK"
"2010","44_Monthly_value_Columbia_River.pdf","Salmon, coho028","value","0","0","0","0","3","27506","927621","69259","0","0","1024417","","","CHECK"
"2010","44_Monthly_value_Columbia_River.pdf","Salmon, sockeye00","value","0","0","0","1067","71","0","0","0","0","0","1138","","","CHECK"
"2010","44_Monthly_value_Columbia_River.pdf","Shad, American00","value","0","0","0","923","0","0","0","0","0","0","923","","","CHECK"
"2010","44_Monthly_value_Columbia_River.pdf","Smelt (eulachon)137142930","value","744","0","0","0","0","0","0","0","0","0","17388","","","CHECK"
"2010","44_Monthly_value_Columbia_River.pdf","Sturgeon, white8198415029","value","2157","2984","2132","39099","14802","117526","17213","43862","0","0","336788","","","CHECK"
"2010","44_Monthly_value_Columbia_River.pdf","--------------------------------------------------------------------------------------------------------------------------------","value",NA,NA,NA,NA,NA,NA,NA,NA,NA,NA,NA,"","","CHECK"
"2010","44_Monthly_value_Columbia_River.pdf","TOTAL9569822811","value","38406","230152","50332","111852","67516","966142","1087992","139101","0","0","2810002","","","CHECK"
"2010","44_Monthly_value_Columbia_River.pdf","--------------------------------------------------------------------------------------------------------------------------------------------------------","value",NA,NA,NA,NA,NA,NA,NA,NA,NA,NA,NA,"","","CHECK"
"2010","44_Monthly_value_Columbia_River.pdf","ABOVE BONNEVILLE DAM____________________","value",NA,NA,NA,NA,NA,NA,NA,NA,NA,NA,NA,"","","CHECK"
"2010","44_Monthly_value_Columbia_River.pdf","FISH:","value",NA,NA,NA,NA,NA,NA,NA,NA,NA,NA,NA,"","","CHECK"
"2010","44_Monthly_value_Columbia_River.pdf","Salmon, chinook00","value","0","0","26755","56495","59052","102455","487769","8685","0","0","741211","","","CHECK"
"2010","44_Monthly_value_Columbia_River.pdf","Salmon, coho00","value","0","0","42","0","0","809","18569","4430","0","0","23850","","","CHECK"
"2010","44_Monthly_value_Columbia_River.pdf","Salmon, sockeye00","value","0","0","0","3885","973","0","0","0","0","0","4858","","","CHECK"
"2010","44_Monthly_value_Columbia_River.pdf","Steelhead00","value","0","0","0","103","57","1659","8158","688","0","0","10665","","","CHECK"
"2010","44_Monthly_value_Columbia_River.pdf","Sturgeon, white08979","value","0","0","0","0","0","0","0","0","0","0","8979","","","CHECK"
"2010","44_Monthly_value_Columbia_River.pdf","Walleye00","value","0","0","0","0","21","40","0","0","0","0","61","","","CHECK"
"2010","45_Monthly_value_Astoria.pdf","Anchovy..northern.....","value","CHECK","CHECK","CHECK","CHECK","CHECK","CHECK","CHECK","CHECK","CHECK","CHECK","CHECK","CHECK","CHECK","CHECK"
"2010","45_Monthly_value_Astoria.pdf","Cabezon","value","0","0","0","0","0","0","34","6","6","0","0","0","46",""
"2010","45_Monthly_value_Astoria.pdf","Cod, Pacific","value","87","191","87","908","6524","17439","12153","12054","646","158","51","52","50350",""
"2010","45_Monthly_value_Astoria.pdf","Flounder, arrowtooth","value","37526","31740","38619","115385","63913","40701","44555","53378","16069","33026","18401","25658","518971",""
"2010","45_Monthly_value_Astoria.pdf","Flounder, starry","value","0","0","0","6","292","2171","587","117","72","164","19","11","3439",""
"2010","45_Monthly_value_Astoria.pdf","Grenadier, Pacific","value","0","0","0","85","0","0","0","0","0","0","0","0","85",""
"2010","45_Monthly_value_Astoria.pdf","Hagfish sp","value","0","0","0","0","0","0","350","1295","0","0","0","0","1645",""
"2010","45_Monthly_value_Astoria.pdf","Halibut, Pacific","value","0","0","0","0","0","21206","172561","0","0","0","0","0","193767",""
"2010","45_Monthly_value_Astoria.pdf","Yellowtail","value","0","0","0","0","0","0","0","0","17","0","0","0","17",""
"2010","45_Monthly_value_Astoria.pdf","Lingcod","value","1767","2806","1629","2873","6870","5550","14926","5546","4930","892","3381","2989","54159",""
"2010","45_Monthly_value_Astoria.pdf","Mackerel, Pacific","value","0","0","0","0","0","0","2999","0","7783","0","0","0","10782",""
"2010","45_Monthly_value_Astoria.pdf","Pacific Ocean perch","value","4199","4499","3476","3615","6623","3219","6201","3127","4829","1663","6147","3194","50792",""
"2010","45_Monthly_value_Astoria.pdf","Rockfish, black","value","0","0","0","123","3","41","8","0","2","27","56","4","264",""
"2010","45_Monthly_value_Astoria.pdf","Rockfish, canary","value","0","0","42","51","180","708","266","116","40","37","2","6","1448",""
"2010","45_Monthly_value_Astoria.pdf","Rockfish, darkblotched","value","3895","811","3273","685","2956","404","1491","616","1242","45","3459","2379","21256",""
"2010","45_Monthly_value_Astoria.pdf","Rockfish, quillback","value","0","0","0","3","1","5","10","0","0","0","0","0","19",""
"2010","45_Monthly_value_Astoria.pdf","Rockfish, widow","value","485","225","192","159","47","8750","6457","153","214","207","130","74","17093",""
"2010","45_Monthly_value_Astoria.pdf","Rockfish, yelloweye","value","0","0","3","0","0","0","331","0","30","0","0","0","364",""
"2010","45_Monthly_value_Astoria.pdf","Rockfish, yellowtail","value","139","250","133","944","2077","19367","2421","751","1133","60","30","220","27525",""
"2010","45_Monthly_value_Astoria.pdf","Rockfish, Shelf","value","16","53","71","162","122","266","608","810","328","207","7","74","2724",""
"2010","45_Monthly_value_Astoria.pdf","Rockfish, Slope","value","4726","3851","5525","5020","6979","3011","7723","2786","6660","4687","8711","7370","67049",""
"2010","45_Monthly_value_Astoria.pdf","Thornyhead, longspine","value","17614","23073","6435","15868","4984","7051","3437","2702","5214","5612","2728","13014","107732",""
"2010","45_Monthly_value_Astoria.pdf","Thornyhead, shortspine","value","35805","44456","18014","46674","39941","32478","36536","29334","40646","37917","28240","41538","431579",""
"2010","45_Monthly_value_Astoria.pdf","Sablefish","value","265751","268440","181870","474475","701893","342855","360159","348875","403367","234280","205794","254801","4042560",""
"2010","45_Monthly_value_Astoria.pdf","Salmon, chinook","value","0","0","0","0","7929","9064","6479","3899","108","0","0","0","27479",""
"2010","45_Monthly_value_Astoria.pdf","Salmon, coho","value","0","0","0","0","0","0","37469","25384","1240","0","0","0","64093",""
"2010","45_Monthly_value_Astoria.pdf","Salmon, pink","value","0","0","0","0","0","0","4","3","0","0","0","0","7",""
"2010","45_Monthly_value_Astoria.pdf","Sanddab, Pacific","value","0","75","546","10147","15888","28854","34241","35584","4965","5239","2800","355","138694",""
"2010","45_Monthly_value_Astoria.pdf","Sardine, Pacific","value","0","0","0","0","0","0","3361514","178506","1886376","0","0","0","5426396",""
"2010","45_Monthly_value_Astoria.pdf","Shark, soupfin","value","0","0","0","0","0","19","0","0","0","0","0","0","19",""
"2010","45_Monthly_value_Astoria.pdf","Shark, spiny dogfish","value","0","0","0","0","0","3272","0","0","11817","17022","0","5959","38070",""
"2010","45_Monthly_value_Astoria.pdf","Skates and rays","value","19623","18910","15054","14087","20706","16123","13836","13477","6094","6007","3298","4766","151981",""
"2010","45_Monthly_value_Astoria.pdf","Sole, butter","value","0","0","0","13","13","6","9","33","0","0","0","0","74",""
"2010","45_Monthly_value_Astoria.pdf","Sole, curlfin (turbot)","value","0","0","0","0","0","0","2","7","15","0","0","0","24",""
"2010","45_Monthly_value_Astoria.pdf","Sole, Dover","value","183928","276541","269428","374648","218371","189574","182490","122401","141985","133081","135075","239283","2466805",""
"2010","45_Monthly_value_Astoria.pdf","Sole, English","value","4784","7688","2605","5954","7606","6859","6431","7653","3542","6214","1916","1116","62368",""
"2010","45_Monthly_value_Astoria.pdf","Sole, flathead","value","0","0","182","74","316","269","196","225","68","61","19","3","1413",""
"2010","45_Monthly_value_Astoria.pdf","Sole, petrale","value","186280","147237","84123","50128","64043","82207","69659","56075","10667","3516","5380","21853","781168",""
"2010","45_Monthly_value_Astoria.pdf","Sole, rex","value","6267","6711","4940","8832","15005","17332","16238","14849","10946","10299","5215","5517","122151",""
"2010","45_Monthly_value_Astoria.pdf","Sole, rock","value","0","1","3","15","30","36","61","123","2","0","0","0","271",""
"2010","45_Monthly_value_Astoria.pdf","Sole, sand","value","0","80","0","553","7724","11033","29338","5286","3636","7916","4176","1378","71120",""
"2010","45_Monthly_value_Astoria.pdf","Sturgeon, green","value","0","0","0","17","0","15","11","0","0","0","10","0","53",""
"2010","45_Monthly_value_Astoria.pdf","Tuna, bluefin","value","0","0","0","0","0","0","0","0","44","0","0","0","44",""
"2010","45_Monthly_value_Astoria.pdf","Tuna, albacore","value","0","0","0","0","0","5897","622617","1240121","614279","193131","0","0","2676045",""
"2010","45_Monthly_value_Astoria.pdf","Whiting, Pac (hake)","value","0","0","0","0","0","1411675","693436","0","0","0","0","2","2105113",""
"2010","45_Monthly_value_Astoria.pdf","Wolf.eel..............","value","CHECK","CHECK","CHECK","CHECK","CHECK","CHECK","CHECK","CHECK","CHECK","CHECK","CHECK","CHECK","CHECK","CHECK"
"2010","45_Monthly_value_Astoria.pdf","Wrymouth, giant","value","0","0","0","2","6","45","40","49","8","0","0","0","150",""
"2010","45_Monthly_value_Astoria.pdf","CRUSTACEANS:","value",NA,NA,NA,NA,NA,NA,NA,NA,NA,NA,NA,NA,NA,""
"2010","45_Monthly_value_Astoria.pdf","Crab, Dungeness ocean","value","1026273","278156","257250","240003","157813","64639","36290","22743","0","0","0","6293000","8376167",""
"2010","45_Monthly_value_Astoria.pdf","Shrimp, pink","value","0","0","0","46654","203984","234856","260060","461263","224459","28687","0","0","1459963",""
"2010","45_Monthly_value_Astoria.pdf","MOLLUSKS:","value",NA,NA,NA,NA,NA,NA,NA,NA,NA,NA,NA,NA,NA,""
"2010","45_Monthly_value_Astoria.pdf","Clams, razor","value","0","0","0","0","307","0","0","0","0","127","0","0","434",""
"2010","45_Monthly_value_Astoria.pdf","Octopus","value","0","0","0","61","253","975","383","82","46","0","27","0","1827",""
"2010","45_Monthly_value_Astoria.pdf","Squid, other sp","value","10","2","0","0","0","0","0","0","3243","1395","1003","734","6387",""
"2010","45A_Monthly_value_Seaside-Gearhart.pdf","Lingcod...............","value","CHECK","CHECK","CHECK","CHECK","CHECK","CHECK","CHECK","CHECK","CHECK","CHECK","CHECK","CHECK","CHECK","CHECK"
"2010","45A_Monthly_value_Seaside-Gearhart.pdf","Salmon, chinook","value","0","0","0","0","145","176","601","1152","0","0","0","0","2074",""
"2010","45A_Monthly_value_Seaside-Gearhart.pdf","Salmon, coho","value","0","0","0","0","0","0","4899","4679","0","0","0","0","9578",""
"2010","45A_Monthly_value_Seaside-Gearhart.pdf","Tuna, albacore","value","0","0","0","0","0","0","1017","0","1035","0","0","0","2052",""
"2010","45A_Monthly_value_Seaside-Gearhart.pdf","CRUSTACEANS:","value",NA,NA,NA,NA,NA,NA,NA,NA,NA,NA,NA,NA,NA,""
"2010","45A_Monthly_value_Seaside-Gearhart.pdf","Crab, Dungeness ocean","value","0","0","0","0","413","698","0","0","0","0","0","2198","3309",""
"2010","45A_Monthly_value_Seaside-Gearhart.pdf","MOLLUSKS:","value",NA,NA,NA,NA,NA,NA,NA,NA,NA,NA,NA,NA,NA,""
"2010","45A_Monthly_value_Seaside-Gearhart.pdf","Clams, razor","value","9348","13750","27427","51065","32027","17467","4586","0","0","1294","1539","4788","163291",""
"2010","45B_Monthly_value_Cannon_Beach.pdf","CHECK","value",NA,NA,NA,NA,NA,NA,NA,NA,NA,NA,NA,NA,NA,NA
"2010","46_Monthly_value_Nehalem_Bay.pdf","CHECK","value",NA,NA,NA,NA,NA,NA,NA,NA,NA,NA,NA,NA,NA,NA
"2010","47_Monthly_value_Garibaldi.pdf","Cabezon...............","value","CHECK","CHECK","CHECK","CHECK","CHECK","CHECK","CHECK","CHECK","CHECK","CHECK","CHECK","CHECK","CHECK","CHECK"
"2010","47_Monthly_value_Garibaldi.pdf","Flounder, arrowtooth","value","0","0","0","0","0","0","0","0","0","763","0","0","763",""
"2010","47_Monthly_value_Garibaldi.pdf","Flounder, starry","value","0","0","0","0","0","145","0","0","0","0","0","0","145",""
"2010","47_Monthly_value_Garibaldi.pdf","Greenling sp","value","60","58","46","206","281","142","145","64","124","77","0","0","1203",""
"2010","47_Monthly_value_Garibaldi.pdf","Hagfish sp","value","0","0","0","1200","3555","0","0","0","0","0","0","0","4755",""
"2010","47_Monthly_value_Garibaldi.pdf","Halibut, Pacific","value","0","0","0","0","0","0","0","0","144","0","0","0","144",""
"2010","47_Monthly_value_Garibaldi.pdf","Irish Lord, red","value","0","0","0","0","16","0","16","17","17","18","0","0","84",""
"2010","47_Monthly_value_Garibaldi.pdf","Lingcod","value","0","0","0","23","1267","804","710","452","293","1331","0","0","4880",""
"2010","47_Monthly_value_Garibaldi.pdf","Pacific Ocean perch","value","0","0","0","0","0","0","0","0","0","9","0","0","9",""
"2010","47_Monthly_value_Garibaldi.pdf","Rockfish, black","value","828","591","1695","6810","7697","7031","8732","6138","4867","2377","0","0","46766",""
"2010","47_Monthly_value_Garibaldi.pdf","Rockfish, blue","value","0","0","16","8","0","10","8","0","154","139","0","0","335",""
"2010","47_Monthly_value_Garibaldi.pdf","Rockfish, canary","value","0","0","0","5","1","0","0","0","0","0","0","0","6",""
"2010","47_Monthly_value_Garibaldi.pdf","Rockfish, china","value","0","0","0","0","19","29","12","5","6","0","0","0","71",""
"2010","47_Monthly_value_Garibaldi.pdf","Rockfish, copper","value","4","35","10","30","44","52","22","44","16","9","0","0","266",""
"2010","47_Monthly_value_Garibaldi.pdf","Rockfish, quillback","value","0","0","30","22","98","106","22","19","8","18","0","0","323",""
"2010","47_Monthly_value_Garibaldi.pdf","Rockfish, tiger","value","0","0","0","4","0","34","0","0","14","0","0","0","52",""
"2010","47_Monthly_value_Garibaldi.pdf","Rockfish, vermillion","value","0","0","0","12","12","12","0","0","0","9","0","0","45",""
"2010","47_Monthly_value_Garibaldi.pdf","Rockfish, yelloweye","value","0","0","0","2","0","0","0","0","0","0","0","0","2",""
"2010","47_Monthly_value_Garibaldi.pdf","Rockfish, yellowtail","value","4","0","0","7","16","11","85","26","104","124","0","0","377",""
"2010","47_Monthly_value_Garibaldi.pdf","Rockfish, Slope","value","0","0","0","0","0","0","0","0","0","84","0","0","84",""
"2010","47_Monthly_value_Garibaldi.pdf","Thornyhead, shortspine","value","0","0","0","0","0","0","0","0","0","1508","0","0","1508",""
"2010","47_Monthly_value_Garibaldi.pdf","Sablefish","value","0","0","0","0","3125","504","0","0","0","8145","0","2863","14637",""
"2010","47_Monthly_value_Garibaldi.pdf","Salmon, chinook","value","0","0","0","0","460","6153","2420","1247","4818","2309","0","0","17407",""
"2010","47_Monthly_value_Garibaldi.pdf","Salmon, coho","value","0","0","0","0","0","0","15991","15830","49812","0","0","0","81633",""
"2010","47_Monthly_value_Garibaldi.pdf","Salmon, pink","value","0","0","0","0","0","0","1","10","0","0","0","0","11",""
"2010","47_Monthly_value_Garibaldi.pdf","Sanddab, Pacific","value","0","0","0","374","0","421","0","0","0","0","0","0","795",""
"2010","47_Monthly_value_Garibaldi.pdf","Sculpin, buffalo","value","0","0","0","0","0","0","3","0","0","0","0","0","3",""
"2010","47_Monthly_value_Garibaldi.pdf","Skates and rays","value","0","0","0","181","4","0","0","0","0","57","0","0","242",""
"2010","47_Monthly_value_Garibaldi.pdf","Sole, Dover","value","0","0","0","55","0","120","0","0","0","4629","0","0","4804",""
"2010","47_Monthly_value_Garibaldi.pdf","Sole, English","value","0","0","0","440","0","866","0","0","0","0","0","0","1306",""
"2010","47_Monthly_value_Garibaldi.pdf","Sole, petrale","value","0","0","0","3903","0","3758","0","0","0","25","0","0","7686",""
"2010","47_Monthly_value_Garibaldi.pdf","Sole, rex","value","0","0","0","201","0","262","0","0","0","112","0","0","575",""
"2010","47_Monthly_value_Garibaldi.pdf","Sole, sand","value","0","0","0","14","0","8612","0","0","0","0","0","0","8626",""
"2010","47_Monthly_value_Garibaldi.pdf","Tuna, albacore","value","0","0","0","0","0","0","69194","104241","31223","950","0","0","205608",""
"2010","47_Monthly_value_Garibaldi.pdf","Wolf-eel","value","0","0","0","111","0","0","0","0","0","0","0","0","111",""
"2010","47_Monthly_value_Garibaldi.pdf","CRUSTACEANS:","value",NA,NA,NA,NA,NA,NA,NA,NA,NA,NA,NA,NA,NA,""
"2010","47_Monthly_value_Garibaldi.pdf","Crab, Dungeness bay","value","0","0","0","0","0","0","0","0","0","1301","0","0","1301",""
"2010","47_Monthly_value_Garibaldi.pdf","Crab, Dungeness ocean","value","277305","182727","154486","107784","105380","61194","26604","29171","0","0","0","1170249","2114900",""
"2010","47_Monthly_value_Garibaldi.pdf","Shrimp, ghost","value","48","590","859","1387","3519","7686","7708","5959","1470","2721","1493","932","34372",""
"2010","47_Monthly_value_Garibaldi.pdf","Shrimp, mud","value","0","0","0","0","0","5","0","0","0","0","0","30","35",""
"2010","47_Monthly_value_Garibaldi.pdf","Shrimp, pink","value","0","0","0","0","0","1542","0","0","0","0","0","0","1542",""
"2010","47_Monthly_value_Garibaldi.pdf","Shrimp, spot","value","0","0","0","0","0","0","0","0","0","512","0","0","512",""
"2010","47_Monthly_value_Garibaldi.pdf","MOLLUSKS:","value",NA,NA,NA,NA,NA,NA,NA,NA,NA,NA,NA,NA,NA,""
"2010","47_Monthly_value_Garibaldi.pdf","Clams, butter","value","0","0","395","33","480","20","1878","1641","2408","4219","607","181","11862",""
"2010","47_Monthly_value_Garibaldi.pdf","Clams, cockle","value","160","7322","10054","13828","7929","8455","11603","5312","1258","982","717","2622","70242",""
"2010","47_Monthly_value_Garibaldi.pdf","Clams, gaper","value","0","0","0","6","27","2","90","437","972","524","74","17","2149",""
"2010","47_Monthly_value_Garibaldi.pdf","Clams, razor","value","0","0","0","0","0","46","0","0","0","0","0","0","46",""
"2010","48_Monthly_value_Netarts_Bay.pdf","CHECK","value",NA,NA,NA,NA,NA,NA,NA,NA,NA,NA,NA,NA,NA,NA
"2010","49_Monthly_value_Pacific_City.pdf","Cabezon...............","value","CHECK","CHECK","CHECK","CHECK","CHECK","CHECK","CHECK","CHECK","CHECK","CHECK","CHECK","CHECK","CHECK","CHECK"
"2010","49_Monthly_value_Pacific_City.pdf","Greenling sp","value","0","0","0","31","30","11","3","20","5","8","2","0","110",""
"2010","49_Monthly_value_Pacific_City.pdf","Lingcod","value","0","0","0","0","6182","2745","2693","1868","1685","5001","907","0","21081",""
"2010","49_Monthly_value_Pacific_City.pdf","Rockfish, black","value","324","572","584","6415","7686","8597","8771","8171","5953","799","59","0","47931",""
"2010","49_Monthly_value_Pacific_City.pdf","Rockfish, blue","value","0","14","56","77","16","49","52","83","555","138","0","0","1040",""
"2010","49_Monthly_value_Pacific_City.pdf","Rockfish, china","value","0","0","0","0","9","5","0","3","0","0","0","0","17",""
"2010","49_Monthly_value_Pacific_City.pdf","Rockfish, copper","value","0","0","0","2","23","4","6","8","0","0","0","0","43",""
"2010","49_Monthly_value_Pacific_City.pdf","Rockfish, quillback","value","0","0","12","0","3","6","15","6","38","65","9","0","154",""
"2010","49_Monthly_value_Pacific_City.pdf","Rockfish, tiger","value","0","0","0","0","0","0","0","4","0","0","0","0","4",""
"2010","49_Monthly_value_Pacific_City.pdf","Rockfish, vermillion","value","0","0","5","9","35","0","23","5","0","17","12","0","106",""
"2010","49_Monthly_value_Pacific_City.pdf","Rockfish, yellowtail","value","0","2","52","13","31","29","107","56","53","72","6","0","421",""
"2010","49_Monthly_value_Pacific_City.pdf","Salmon, coho","value","0","0","0","0","0","0","0","0","2358","0","0","0","2358",""
"2010","49_Monthly_value_Pacific_City.pdf","Tuna, albacore","value","0","0","0","0","0","0","5682","3793","921","0","0","0","10396",""
"2010","49_Monthly_value_Pacific_City.pdf","CRUSTACEANS:","value",NA,NA,NA,NA,NA,NA,NA,NA,NA,NA,NA,NA,NA,""
"2010","49_Monthly_value_Pacific_City.pdf","Crab, Dungeness bay","value","0","0","0","0","0","0","0","0","0","104","0","0","104",""
"2010","49_Monthly_value_Pacific_City.pdf","Crab, Dungeness ocean","value","1028","568","1618","1602","3756","3819","3003","5358","0","0","0","0","20752",""
"2010","49_Monthly_value_Pacific_City.pdf","Shrimp, ghost","value","705","315","507","533","330","0","0","0","0","0","0","0","2390",""
"2010","49A_Monthly_value_Salmon_River.pdf","CHECK","value",NA,NA,NA,NA,NA,NA,NA,NA,NA,NA,NA,NA,NA,NA
"2010","50_Monthly_value_Siletz_Bay.pdf","CHECK","value",NA,NA,NA,NA,NA,NA,NA,NA,NA,NA,NA,NA,NA,NA
"2010","51_Monthly_value_Depoe_Bay.pdf","Cabezon...............","value","CHECK","CHECK","CHECK","CHECK","CHECK","CHECK","CHECK","CHECK","CHECK","CHECK","CHECK","CHECK","CHECK","CHECK"
"2010","51_Monthly_value_Depoe_Bay.pdf","Greenling sp","value","0","0","0","0","21","2","11","6","5","12","0","0","57",""
"2010","51_Monthly_value_Depoe_Bay.pdf","Halibut, Pacific","value","0","0","0","0","0","85","0","0","0","0","0","0","85",""
"2010","51_Monthly_value_Depoe_Bay.pdf","Lingcod","value","0","0","0","0","1983","2039","239","1621","24","1325","207","0","7438",""
"2010","51_Monthly_value_Depoe_Bay.pdf","Rockfish, black","value","60","0","0","419","1915","207","1425","1046","778","408","0","0","6258",""
"2010","51_Monthly_value_Depoe_Bay.pdf","Rockfish, blue","value","6","0","0","11","26","0","16","49","35","251","0","0","394",""
"2010","51_Monthly_value_Depoe_Bay.pdf","Rockfish, china","value","0","0","0","0","0","3","0","5","0","3","0","0","11",""
"2010","51_Monthly_value_Depoe_Bay.pdf","Rockfish, copper","value","0","0","0","0","0","5","0","0","0","0","0","0","5",""
"2010","51_Monthly_value_Depoe_Bay.pdf","Rockfish, quillback","value","0","0","0","0","0","10","3","2","0","36","17","0","68",""
"2010","51_Monthly_value_Depoe_Bay.pdf","Rockfish, tiger","value","0","0","0","0","0","0","0","2","0","0","6","0","8",""
"2010","51_Monthly_value_Depoe_Bay.pdf","Rockfish, vermillion","value","0","0","0","0","0","8","0","5","0","8","0","0","21",""
"2010","51_Monthly_value_Depoe_Bay.pdf","Rockfish, widow","value","4","0","0","0","0","0","0","0","0","0","0","0","4",""
"2010","51_Monthly_value_Depoe_Bay.pdf","Rockfish, yellowtail","value","0","0","0","0","9","8","0","13","0","49","0","0","79",""
"2010","51_Monthly_value_Depoe_Bay.pdf","Salmon, coho","value","0","0","0","0","0","0","0","0","4799","0","0","0","4799",""
"2010","51_Monthly_value_Depoe_Bay.pdf","Tuna, albacore","value","0","0","0","0","0","0","3811","3141","1032","0","0","0","7984",""
"2010","51_Monthly_value_Depoe_Bay.pdf","CRUSTACEANS:","value",NA,NA,NA,NA,NA,NA,NA,NA,NA,NA,NA,NA,NA,""
"2010","51_Monthly_value_Depoe_Bay.pdf","Crab, Dungeness ocean","value","3758","2183","1836","3458","1569","3065","2069","3416","0","0","0","11609","32963",""
"2010","52_Monthly_value_Newport.pdf","Cabezon...............","value","CHECK","CHECK","CHECK","CHECK","CHECK","CHECK","CHECK","CHECK","CHECK","CHECK","CHECK","CHECK","CHECK","CHECK"
"2010","52_Monthly_value_Newport.pdf","Cod, Pacific","value","0","0","0","0","0","8","280","88","0","0","0","0","376",""
"2010","52_Monthly_value_Newport.pdf","Flounder, arrowtooth","value","3771","7127","6840","5442","4777","3017","13374","5273","4229","8534","4794","2054","69232",""
"2010","52_Monthly_value_Newport.pdf","Flounder, starry","value","0","0","0","0","0","277","27","0","0","0","0","0","304",""
"2010","52_Monthly_value_Newport.pdf","Greenling sp","value","0","0","0","0","0","51","0","7","18","7","0","0","83",""
"2010","52_Monthly_value_Newport.pdf","Grenadier, Pacific","value","0","0","0","0","1","35","0","0","9","0","102","0","147",""
"2010","52_Monthly_value_Newport.pdf","Hagfish sp","value","0","0","21909","25197","3744","0","0","0","4158","65695","6882","0","127585",""
"2010","52_Monthly_value_Newport.pdf","Halibut, Pacific","value","0","0","0","0","0","144304","177052","0","0","0","0","0","321356",""
"2010","52_Monthly_value_Newport.pdf","Herring, Pacific","value","0","0","0","78","228","0","0","0","0","0","0","0","306",""
"2010","52_Monthly_value_Newport.pdf","Yellowtail","value","0","0","0","0","0","0","0","12","0","0","0","0","12",""
"2010","52_Monthly_value_Newport.pdf","Lingcod","value","178","667","382","41","13731","17278","14525","10700","3862","7609","2224","111","71308",""
"2010","52_Monthly_value_Newport.pdf","Pacific Ocean perch","value","656","3137","1778","685","2334","348","154","395","524","1070","831","1230","13142",""
"2010","52_Monthly_value_Newport.pdf","Rockfish, black","value","788","416","776","2184","3062","3358","2025","2022","1614","992","44","0","17281",""
"2010","52_Monthly_value_Newport.pdf","Rockfish, blue","value","0","0","0","314","35","32","20","113","16","20","0","0","550",""
"2010","52_Monthly_value_Newport.pdf","Rockfish, canary","value","0","0","0","0","5","485","921","165","0","0","0","0","1576",""
"2010","52_Monthly_value_Newport.pdf","Rockfish, china","value","0","0","0","0","3","208","0","0","3","0","0","0","214",""
"2010","52_Monthly_value_Newport.pdf","Rockfish, copper","value","0","0","0","9","0","0","0","0","0","0","0","0","9",""
"2010","52_Monthly_value_Newport.pdf","Rockfish, darkblotched","value","5694","2897","3947","1508","4934","956","990","1735","1609","2653","7503","3852","38278",""
"2010","52_Monthly_value_Newport.pdf","Rockfish, quillback","value","0","0","0","0","0","0","0","0","0","42","0","0","42",""
"2010","52_Monthly_value_Newport.pdf","Rockfish, vermillion","value","0","0","0","0","0","0","0","0","0","63","0","0","63",""
"2010","52_Monthly_value_Newport.pdf","Rockfish, widow","value","17","24","19","4","9","16468","11757","35","0","0","0","74","28407",""
"2010","52_Monthly_value_Newport.pdf","Rockfish, yelloweye","value","0","0","0","0","0","7","40","9","0","0","0","0","56",""
"2010","52_Monthly_value_Newport.pdf","Rockfish, yellowtail","value","0","0","0","0","2","1699","401","213","0","0","0","0","2315",""
"2010","52_Monthly_value_Newport.pdf","Rockfish, Shelf","value","0","2","3","0","163","453","897","998","108","179","46","0","2849",""
"2010","52_Monthly_value_Newport.pdf","Rockfish, Slope","value","823","945","2628","4902","5851","6350","3108","3865","9940","4014","3997","3258","49681",""
"2010","52_Monthly_value_Newport.pdf","Thornyhead sp","value","0","0","0","0","0","5","0","0","0","0","0","0","5",""
"2010","52_Monthly_value_Newport.pdf","Thornyhead, longspine","value","11000","15268","2994","8724","13391","7749","4759","2301","2529","7642","14031","3818","94206",""
"2010","52_Monthly_value_Newport.pdf","Thornyhead, shortspine","value","28790","42145","26398","46565","51437","29320","15220","22245","30533","37978","37197","36978","404806",""
"2010","52_Monthly_value_Newport.pdf","Sablefish","value","219558","153767","190528","686996","842291","869642","693959","744712","474056","511226","226495","261846","5875076",""
"2010","52_Monthly_value_Newport.pdf","Salmon, coho","value","0","0","0","0","0","0","0","0","89761","1155","0","0","90916",""
"2010","52_Monthly_value_Newport.pdf","Sanddab, Pacific","value","0","0","0","0","311","313","6","393","0","0","0","0","1023",""
"2010","52_Monthly_value_Newport.pdf","Skates and rays","value","7922","16182","12671","8346","11429","40019","33130","20101","8813","11427","8384","6414","184838",""
"2010","52_Monthly_value_Newport.pdf","Sole, curlfin (turbot)","value","0","0","0","0","0","15","9","2","0","0","0","0","26",""
"2010","52_Monthly_value_Newport.pdf","Sole, Dover","value","78755","113106","137774","154197","106565","69191","105132","98237","75920","82166","80386","71645","1173074",""
"2010","52_Monthly_value_Newport.pdf","Sole, English","value","885","2029","1076","54","507","1452","9006","7319","1","1","11","18","22359",""
"2010","52_Monthly_value_Newport.pdf","Sole, petrale","value","98324","97391","38532","1252","8285","74171","106058","58070","0","259","8903","13090","504335",""
"2010","52_Monthly_value_Newport.pdf","Sole, rex","value","2982","3909","2341","2597","3307","2812","3954","5826","4285","5088","3016","2629","42746",""
"2010","52_Monthly_value_Newport.pdf","Sole, rock","value","0","0","0","0","0","101","250","41","0","0","0","0","392",""
"2010","52_Monthly_value_Newport.pdf","Sole, sand","value","0","0","0","0","0","55","36","0","0","0","0","0","91",""
"2010","52_Monthly_value_Newport.pdf","Surfperch spp","value","0","0","0","0","0","0","0","0","0","0","23","0","23",""
"2010","52_Monthly_value_Newport.pdf","Tuna, bluefin","value","0","0","0","0","0","0","10","0","0","0","0","0","10",""
"2010","52_Monthly_value_Newport.pdf","Tuna, albacore","value","0","0","0","0","0","32464","2122487","1779365","982302","211307","0","0","5127925",""
"2010","52_Monthly_value_Newport.pdf","Whiting, Pac (hake)","value","0","0","0","0","0","1186661","568673","0","0","0","0","0","1755334",""
"2010","52_Monthly_value_Newport.pdf","Wolf-eel","value","0","0","0","50","150","0","0","0","0","0","0","0","200",""
"2010","52_Monthly_value_Newport.pdf","CRUSTACEANS:","value",NA,NA,NA,NA,NA,NA,NA,NA,NA,NA,NA,NA,NA,""
"2010","52_Monthly_value_Newport.pdf","Crab, Dungeness bay","value","0","0","0","0","0","0","0","0","433","1742","252","36","2463",""
"2010","52_Monthly_value_Newport.pdf","Crab..Dungeness.ocean","value","CHECK","CHECK","CHECK","CHECK","CHECK","CHECK","CHECK","CHECK","CHECK","CHECK","CHECK","CHECK","CHECK","CHECK"
"2010","52_Monthly_value_Newport.pdf","Crab, rock","value","34","100","31","150","0","76","343","395","1320","1047","865","246","4607",""
"2010","52_Monthly_value_Newport.pdf","Shrimp, ghost","value","0","0","0","0","0","0","0","0","0","0","0","120","120",""
"2010","52_Monthly_value_Newport.pdf","Shrimp, pink","value","0","0","0","3694","396364","397591","312608","476975","343231","124936","0","0","2055399",""
"2010","52_Monthly_value_Newport.pdf","Shrimp, spot","value","0","0","0","0","0","0","400","536","0","0","0","0","936",""
"2010","52_Monthly_value_Newport.pdf","MOLLUSKS:","value",NA,NA,NA,NA,NA,NA,NA,NA,NA,NA,NA,NA,NA,""
"2010","52_Monthly_value_Newport.pdf","Clams, butter","value","0","0","0","0","0","0","9","5","0","0","0","0","14",""
"2010","52_Monthly_value_Newport.pdf","Clams, cockle","value","0","0","0","0","0","0","46","69","0","0","0","137","252",""
"2010","52_Monthly_value_Newport.pdf","Clams, gaper","value","0","0","0","0","0","0","0","19","0","0","0","0","19",""
"2010","52_Monthly_value_Newport.pdf","Clams, Nat Littleneck","value","0","0","0","0","0","0","6","0","0","0","0","0","6",""
"2010","52_Monthly_value_Newport.pdf","Mussels, ocean","value","0","0","0","230","0","0","0","0","0","234","0","0","464",""
"2010","52_Monthly_value_Newport.pdf","Octopus","value","548","0","320","245","355","175","0","8","0","0","0","0","1651",""
"2010","52_Monthly_value_Newport.pdf","Squid, other sp","value","0","0","0","0","0","0","0","0","1343","11650","2062","232","15287",""
"2010","52_Monthly_value_Newport.pdf","OTHER INVERTEBRATES:","value",NA,NA,NA,NA,NA,NA,NA,NA,NA,NA,NA,NA,NA,""
"2010","52_Monthly_value_Newport.pdf","Sea stars","value","0","0","0","0","0","0","0","41","32","91","32","0","196",""
"2010","53_Monthly_value_Waldport.pdf","Crab..Dungeness.bay...","value","CHECK","CHECK","CHECK","CHECK","CHECK","CHECK","CHECK","CHECK","CHECK","CHECK","CHECK","CHECK","CHECK","CHECK"
"2010","53_Monthly_value_Waldport.pdf","Crab, Dungeness ocean","value","0","0","0","0","0","0","0","0","0","0","0","312","312",""
"2010","53_Monthly_value_Waldport.pdf","Shrimp, ghost","value","1284","1716","1659","1695","1218","2610","2113","1314","5244","14441","9128","7105","49527",""
"2010","53_Monthly_value_Waldport.pdf","MOLLUSKS:","value",NA,NA,NA,NA,NA,NA,NA,NA,NA,NA,NA,NA,NA,""
"2010","53_Monthly_value_Waldport.pdf","Octopus","value","0","0","0","0","0","0","0","0","0","0","0","260","260",""
"2010","53A_Monthly_value_Yachats.pdf","CHECK","value",NA,NA,NA,NA,NA,NA,NA,NA,NA,NA,NA,NA,NA,NA
"2010","54_Monthly_value_Florence.pdf","Halibut..Pacific......","value","CHECK","CHECK","CHECK","CHECK","CHECK","CHECK","CHECK","CHECK","CHECK","CHECK","CHECK","CHECK","CHECK","CHECK"
"2010","54_Monthly_value_Florence.pdf","Sablefish","value","0","0","0","0","0","1243","798","0","0","0","0","0","2041",""
"2010","54_Monthly_value_Florence.pdf","Salmon, coho","value","0","0","0","0","0","0","0","0","2702","0","0","0","2702",""
"2010","54_Monthly_value_Florence.pdf","Tuna, bluefin","value","0","0","0","0","0","0","0","0","36","0","0","0","36",""
"2010","54_Monthly_value_Florence.pdf","Tuna, albacore","value","0","0","0","0","0","0","12566","15323","14914","0","0","0","42803",""
"2010","54_Monthly_value_Florence.pdf","CRUSTACEANS:","value",NA,NA,NA,NA,NA,NA,NA,NA,NA,NA,NA,NA,NA,""
"2010","54_Monthly_value_Florence.pdf","Crab, Dungeness bay","value","0","0","0","0","0","0","0","0","423","0","0","0","423",""
"2010","54_Monthly_value_Florence.pdf","Crab, Dungeness ocean","value","1002","3307","2780","6664","9049","5886","7051","3274","0","0","0","0","39013",""
"2010","54_Monthly_value_Florence.pdf","Shrimp, ghost","value","46","93","262","211","252","2220","292","104","46","52","0","0","3578",""
"2010","54_Monthly_value_Florence.pdf","MOLLUSKS:","value",NA,NA,NA,NA,NA,NA,NA,NA,NA,NA,NA,NA,NA,""
"2010","54_Monthly_value_Florence.pdf","Clams, cockle","value","0","0","0","0","0","0","0","0","0","0","431","0","431",""
"2010","55_Monthly_value_Winchester_Bay.pdf","Flounder..arrowtooth..","value","CHECK","CHECK","CHECK","CHECK","CHECK","CHECK","CHECK","CHECK","CHECK","CHECK","CHECK","CHECK","CHECK","CHECK"
"2010","55_Monthly_value_Winchester_Bay.pdf","Halibut, Pacific","value","0","0","0","0","0","29638","2486","0","0","0","0","0","32124",""
"2010","55_Monthly_value_Winchester_Bay.pdf","Herring, Pacific","value","0","0","0","0","0","1300","1500","260","0","0","0","0","3060",""
"2010","55_Monthly_value_Winchester_Bay.pdf","Lingcod","value","0","0","0","0","0","80","53","0","0","0","0","0","133",""
"2010","55_Monthly_value_Winchester_Bay.pdf","Rockfish, darkblotched","value","0","0","0","0","0","0","23","0","0","0","0","0","23",""
"2010","55_Monthly_value_Winchester_Bay.pdf","Rockfish, Slope","value","0","0","0","0","0","0","90","0","0","0","0","0","90",""
"2010","55_Monthly_value_Winchester_Bay.pdf","Thornyhead, shortspine","value","0","0","0","0","0","0","8","0","0","0","0","0","8",""
"2010","55_Monthly_value_Winchester_Bay.pdf","Sablefish","value","0","0","0","0","0","34587","94287","581","7724","64591","0","0","201770",""
"2010","55_Monthly_value_Winchester_Bay.pdf","Salmon, coho","value","0","0","0","0","0","0","0","0","6921","0","0","0","6921",""
"2010","55_Monthly_value_Winchester_Bay.pdf","Skates and rays","value","0","0","0","0","0","0","0","0","13","0","0","0","13",""
"2010","55_Monthly_value_Winchester_Bay.pdf","Smelt, other sp","value","0","0","0","0","0","0","4","0","0","0","0","0","4",""
"2010","55_Monthly_value_Winchester_Bay.pdf","Sole, Dover","value","0","0","0","0","0","0","8","0","0","0","0","0","8",""
"2010","55_Monthly_value_Winchester_Bay.pdf","Tuna, albacore","value","0","0","0","0","0","0","29187","37808","31334","1865","5117","0","105311",""
"2010","55_Monthly_value_Winchester_Bay.pdf","CRUSTACEANS:","value",NA,NA,NA,NA,NA,NA,NA,NA,NA,NA,NA,NA,NA,""
"2010","55_Monthly_value_Winchester_Bay.pdf","Crab, Dungeness bay","value","0","0","0","0","0","0","0","0","0","544","249","0","793",""
"2010","55_Monthly_value_Winchester_Bay.pdf","Crab, Dungeness ocean","value","213575","41043","37190","35840","21047","8643","19322","23060","0","0","0","104366","504086",""
"2010","55_Monthly_value_Winchester_Bay.pdf","Shrimp, ghost","value","0","0","0","0","0","96","0","0","0","0","0","0","96",""
"2010","56_Monthly_value_Charleston.pdf","Cabezon...............","value","CHECK","CHECK","CHECK","CHECK","CHECK","CHECK","CHECK","CHECK","CHECK","CHECK","CHECK","CHECK","CHECK","CHECK"
"2010","56_Monthly_value_Charleston.pdf","Cod, Pacific","value","0","0","0","0","18","7","7","3","2","5","0","0","42",""
"2010","56_Monthly_value_Charleston.pdf","Flounder, arrowtooth","value","3136","2445","6423","3444","2100","1736","1776","2716","2293","4819","3888","806","35582",""
"2010","56_Monthly_value_Charleston.pdf","Flounder, starry","value","0","0","0","0","0","2","0","0","75","2","0","0","79",""
"2010","56_Monthly_value_Charleston.pdf","Greenling sp","value","0","0","71","183","40","100","9","8","0","0","0","0","411",""
"2010","56_Monthly_value_Charleston.pdf","Grenadier, Pacific","value","91","190","374","455","874","1305","202","2585","1583","419","312","51","8441",""
"2010","56_Monthly_value_Charleston.pdf","Hagfish sp","value","35048","28318","22714","6653","4521","11322","6009","39661","38555","51813","27497","26711","298822",""
"2010","56_Monthly_value_Charleston.pdf","Halibut, Pacific","value","0","0","0","0","0","47333","21799","3867","0","0","0","0","72999",""
"2010","56_Monthly_value_Charleston.pdf","Yellowtail","value","0","0","0","0","0","0","0","0","19","0","0","0","19",""
"2010","56_Monthly_value_Charleston.pdf","Lingcod","value","1359","1485","3658","210","6176","7444","2868","2432","4070","2390","670","138","32900",""
"2010","56_Monthly_value_Charleston.pdf","Pacific Ocean perch","value","121","29","273","6","26","51","27","41","32","110","105","75","896",""
"2010","56_Monthly_value_Charleston.pdf","Rockfish, black","value","0","0","273","1658","947","1831","648","895","773","0","0","6","7031",""
"2010","56_Monthly_value_Charleston.pdf","Rockfish, blue","value","0","0","0","108","0","0","4","0","167","0","0","1","280",""
"2010","56_Monthly_value_Charleston.pdf","Rockfish, canary","value","0","0","0","0","6","89","134","365","7","37","202","0","840",""
"2010","56_Monthly_value_Charleston.pdf","Rockfish, china","value","0","0","116","95","120","8","0","0","0","0","0","0","339",""
"2010","56_Monthly_value_Charleston.pdf","Rockfish, copper","value","0","0","12","157","33","28","12","0","0","0","0","0","242",""
"2010","56_Monthly_value_Charleston.pdf","Rockfish, darkblotched","value","5595","1284","6445","1346","905","1997","1539","501","710","3100","2148","269","25839",""
"2010","56_Monthly_value_Charleston.pdf","Rockfish, quillback","value","0","0","81","89","0","5","0","0","0","0","0","0","175",""
"2010","56_Monthly_value_Charleston.pdf","Rockfish, vermillion","value","0","0","54","131","8","0","35","0","21","0","0","0","249",""
"2010","56_Monthly_value_Charleston.pdf","Rockfish, widow","value","0","5","0","4","0","1070","814","24","0","5","0","0","1922",""
"2010","56_Monthly_value_Charleston.pdf","Rockfish, yelloweye","value","0","2","0","0","8","0","9","283","0","0","0","0","302",""
"2010","56_Monthly_value_Charleston.pdf","Rockfish, yellowtail","value","0","0","0","29","94","308","117","1495","64","0","0","0","2107",""
"2010","56_Monthly_value_Charleston.pdf","Rockfish, Shelf","value","0","0","98","40","253","111","202","629","24","10","1","0","1368",""
"2010","56_Monthly_value_Charleston.pdf","Rockfish, Slope","value","618","226","1084","1752","1435","1597","501","894","1346","1094","1099","292","11938",""
"2010","56_Monthly_value_Charleston.pdf","Thornyhead, longspine","value","20988","17695","13751","16665","11265","9622","3656","13997","7187","14740","16339","9712","155617",""
"2010","56_Monthly_value_Charleston.pdf","Thornyhead, shortspine","value","26245","17588","11771","21812","16960","12556","8571","17095","12995","22047","17979","11281","196900",""
"2010","56_Monthly_value_Charleston.pdf","Sablefish","value","151666","115441","150951","547158","235522","478584","229553","318720","302741","343991","187264","132484","3194075",""
"2010","56_Monthly_value_Charleston.pdf","Salmon, coho","value","0","0","0","0","0","0","0","0","3660","0","0","0","3660",""
"2010","56_Monthly_value_Charleston.pdf","Sanddab, Pacific","value","0","0","0","2071","7639","3713","7121","12285","4643","2282","338","0","40092",""
"2010","56_Monthly_value_Charleston.pdf","Shark, blue","value","0","0","0","0","0","27","0","0","0","0","0","0","27",""
"2010","56_Monthly_value_Charleston.pdf","Shark, shortfin mako","value","0","0","0","0","0","0","0","0","90","0","0","0","90",""
"2010","56_Monthly_value_Charleston.pdf","Shark, spiny dogfish","value","7","0","0","0","0","0","0","0","0","0","0","0","7",""
"2010","56_Monthly_value_Charleston.pdf","Skates and rays","value","7816","5659","11362","4416","4500","9873","11066","10996","7156","10596","5110","2925","91475",""
"2010","56_Monthly_value_Charleston.pdf","Sole, butter","value","0","0","0","0","0","0","0","0","27","0","0","0","27",""
"2010","56_Monthly_value_Charleston.pdf","Sole, curlfin (turbot)","value","0","0","0","7","0","0","0","0","25","29","0","0","61",""
"2010","56_Monthly_value_Charleston.pdf","Sole, Dover","value","158041","137328","182913","146655","52577","84448","84597","96018","70240","100404","82665","60334","1256220",""
"2010","56_Monthly_value_Charleston.pdf","Sole, English","value","2744","1356","6480","413","1664","3476","2285","1879","771","733","424","0","22225",""
"2010","56_Monthly_value_Charleston.pdf","Sole, petrale","value","176651","54733","71075","7903","33120","48969","38919","40374","4603","18177","13733","8412","516669",""
"2010","56_Monthly_value_Charleston.pdf","Sole, rex","value","12163","4422","9212","7920","4432","6328","6016","8983","7799","9845","5012","5703","87835",""
"2010","56_Monthly_value_Charleston.pdf","Sole, rock","value","0","0","0","9","0","7","0","0","10","7","0","0","33",""
"2010","56_Monthly_value_Charleston.pdf","Sole, sand","value","0","0","0","8","0","1","0","0","1103","100","0","0","1212",""
"2010","56_Monthly_value_Charleston.pdf","Sturgeon, green","value","0","0","0","0","0","123","0","0","0","0","0","0","123",""
"2010","56_Monthly_value_Charleston.pdf","Surfperch spp","value","0","33","0","44","0","0","0","0","0","0","0","0","77",""
"2010","56_Monthly_value_Charleston.pdf","Tuna, bluefin","value","0","0","0","0","0","0","0","16","0","0","0","0","16",""
"2010","56_Monthly_value_Charleston.pdf","Tuna, albacore","value","0","0","0","0","0","18339","668806","869140","329249","86391","42928","0","2014853",""
"2010","56_Monthly_value_Charleston.pdf","Whiting, Pac (hake)","value","0","0","0","0","0","175837","94289","0","0","0","0","0","270126",""
"2010","56_Monthly_value_Charleston.pdf","Wolf-eel","value","0","0","0","0","0","0","3","0","0","6","0","0","9",""
"2010","56_Monthly_value_Charleston.pdf","Crab..Dungeness.bay...","value","CHECK","CHECK","CHECK","CHECK","CHECK","CHECK","CHECK","CHECK","CHECK","CHECK","CHECK","CHECK","CHECK","CHECK"
"2010","56_Monthly_value_Charleston.pdf","Crab, Dungeness ocean","value","1303150","340808","335584","96291","94167","47149","30230","33006","0","0","0","9334913","11615298",""
"2010","56_Monthly_value_Charleston.pdf","Shrimp, ghost","value","1290","757","1035","1320","4230","2929","3720","3501","3101","1220","220","168","23491",""
"2010","56_Monthly_value_Charleston.pdf","Shrimp, pink","value","0","0","0","12620","466431","412298","437656","646998","722995","321092","0","0","3020090",""
"2010","56_Monthly_value_Charleston.pdf","Shrimp, spot","value","0","0","0","0","0","0","1356","8738","5465","9650","14784","0","39993",""
"2010","56_Monthly_value_Charleston.pdf","MOLLUSKS:","value",NA,NA,NA,NA,NA,NA,NA,NA,NA,NA,NA,NA,NA,""
"2010","56_Monthly_value_Charleston.pdf","Clams, butter","value","0","0","0","10","0","0","0","0","0","0","0","548","558",""
"2010","56_Monthly_value_Charleston.pdf","Clams, cockle","value","2796","935","2892","4199","527","0","0","0","1818","0","2802","1078","17047",""
"2010","56_Monthly_value_Charleston.pdf","Clams, gaper","value","0","0","0","0","0","0","6","0","0","0","149","626","781",""
"2010","56_Monthly_value_Charleston.pdf","Octopus","value","0","0","87","49","0","7","66","25","0","0","0","0","234",""
"2010","56_Monthly_value_Charleston.pdf","Squid, other sp","value","0","0","0","0","0","0","188","74","1111","1688","541","551","4153",""
"2010","56_Monthly_value_Charleston.pdf","OTHER INVERTEBRATES:","value",NA,NA,NA,NA,NA,NA,NA,NA,NA,NA,NA,NA,NA,""
"2010","56_Monthly_value_Charleston.pdf","Sea urchin, red","value","0","0","0","0","0","1472","0","0","0","0","0","0","1472",""
"2010","57_Monthly_value_Bandon.pdf","Cabezon...............","value","CHECK","CHECK","CHECK","CHECK","CHECK","CHECK","CHECK","CHECK","CHECK","CHECK","CHECK","CHECK","CHECK","CHECK"
"2010","57_Monthly_value_Bandon.pdf","Halibut, Pacific","value","0","0","0","0","0","3042","0","0","0","0","0","0","3042",""
"2010","57_Monthly_value_Bandon.pdf","Lingcod","value","0","0","0","0","0","113","0","0","0","0","0","0","113",""
"2010","57_Monthly_value_Bandon.pdf","Rockfish, black","value","0","0","0","0","0","82","0","64","0","0","0","0","146",""
"2010","57_Monthly_value_Bandon.pdf","Tuna, albacore","value","0","0","0","0","0","0","0","4560","1086","0","0","0","5646",""
"2010","57_Monthly_value_Bandon.pdf","CRUSTACEANS:","value",NA,NA,NA,NA,NA,NA,NA,NA,NA,NA,NA,NA,NA,""
"2010","57_Monthly_value_Bandon.pdf","Crab, Dungeness bay","value","0","0","0","0","0","0","0","0","399","61","881","0","1341",""
"2010","58_Monthly_value_Port_Orford.pdf","Cabezon...............","value","CHECK","CHECK","CHECK","CHECK","CHECK","CHECK","CHECK","CHECK","CHECK","CHECK","CHECK","CHECK","CHECK","CHECK"
"2010","58_Monthly_value_Port_Orford.pdf","Flounder, arrowtooth","value","12","18","64","58","248","32","20","33","91","40","5","0","621",""
"2010","58_Monthly_value_Port_Orford.pdf","Greenling sp","value","37854","7735","15146","10235","16976","8176","5984","10056","9327","3449","2010","799","127747",""
"2010","58_Monthly_value_Port_Orford.pdf","Halibut, Pacific","value","0","0","0","0","0","9743","19344","0","0","0","0","0","29087",""
"2010","58_Monthly_value_Port_Orford.pdf","Lingcod","value","0","0","0","0","17193","10400","5312","9296","9556","8781","4984","0","65522",""
"2010","58_Monthly_value_Port_Orford.pdf","Pacific Ocean perch","value","6","0","6","0","11","6","33","165","118","22","4","0","371",""
"2010","58_Monthly_value_Port_Orford.pdf","Rockfish, black","value","31917","7793","22127","20466","30732","36559","20288","26293","23093","7777","601","551","228197",""
"2010","58_Monthly_value_Port_Orford.pdf","Rockfish, black&yellow","value","28","0","14","0","28","21","21","7","14","20","0","0","153",""
"2010","58_Monthly_value_Port_Orford.pdf","Rockfish, blue","value","9","43","22","51","32","192","91","597","750","80","0","0","1867",""
"2010","58_Monthly_value_Port_Orford.pdf","Rockfish, brown","value","0","0","0","46","13","98","0","47","0","0","0","0","204",""
"2010","58_Monthly_value_Port_Orford.pdf","Rockfish, china","value","8010","2838","3550","3462","9539","13100","7343","14742","14403","4513","1860","192","83552",""
"2010","58_Monthly_value_Port_Orford.pdf","Rockfish, copper","value","634","211","613","935","1402","1122","785","1416","690","268","75","0","8151",""
"2010","58_Monthly_value_Port_Orford.pdf","Rockfish, darkblotched","value","205","64","547","284","553","146","551","2181","2928","294","57","0","7810",""
"2010","58_Monthly_value_Port_Orford.pdf","Rockfish, Gopher","value","24","9","10","21","27","63","9","114","54","0","9","0","340",""
"2010","58_Monthly_value_Port_Orford.pdf","Rockfish, grass","value","21","0","126","70","56","63","56","28","42","154","0","0","616",""
"2010","58_Monthly_value_Port_Orford.pdf","Rockfish, quillback","value","665","225","1335","1378","1688","1469","1228","2459","847","419","139","13","11865",""
"2010","58_Monthly_value_Port_Orford.pdf","Rockfish, Olive","value","0","0","0","0","0","0","0","4","0","0","0","0","4",""
"2010","58_Monthly_value_Port_Orford.pdf","Rockfish, tiger","value","65","34","42","38","82","145","33","74","63","66","26","0","668",""
"2010","58_Monthly_value_Port_Orford.pdf","Rockfish, vermillion","value","688","136","452","654","809","1126","362","1367","1259","473","123","20","7469",""
"2010","58_Monthly_value_Port_Orford.pdf","Rockfish, widow","value","0","0","0","0","0","5","0","2","0","0","0","0","7",""
"2010","58_Monthly_value_Port_Orford.pdf","Rockfish, yellowtail","value","6","1","3","12","11","55","16","46","35","25","2","0","212",""
"2010","58_Monthly_value_Port_Orford.pdf","Rockfish, Shelf","value","0","1","1","0","4","101","832","4","168","2","1","0","1114",""
"2010","58_Monthly_value_Port_Orford.pdf","Rockfish, Slope","value","910","515","976","1317","1607","2116","1308","460","1388","256","890","2","11745",""
"2010","58_Monthly_value_Port_Orford.pdf","Thornyhead, shortspine","value","40","9","11","24","49","72","20","8","17","4","6","0","260",""
"2010","58_Monthly_value_Port_Orford.pdf","Sablefish","value","28153","64776","80806","151333","228400","209505","196801","222818","285089","60574","128703","5794","1662752",""
"2010","58_Monthly_value_Port_Orford.pdf","Salmon, chinook","value","0","0","0","0","0","0","0","0","0","29714","0","0","29714",""
"2010","58_Monthly_value_Port_Orford.pdf","Salmon, coho","value","0","0","0","0","0","0","0","0","133","0","0","0","133",""
"2010","58_Monthly_value_Port_Orford.pdf","Shark, spiny dogfish","value","11","3","0","0","1","9","0","0","0","0","384","0","408",""
"2010","58_Monthly_value_Port_Orford.pdf","Shark, other sp","value","0","0","0","0","0","2","0","0","0","0","0","0","2",""
"2010","58_Monthly_value_Port_Orford.pdf","Skates and rays","value","0","0","0","0","19","27","65","78","155","46","105","0","495",""
"2010","58_Monthly_value_Port_Orford.pdf","Sole, Dover","value","6","6","95","43","167","65","90","70","89","24","19","3","677",""
"2010","58_Monthly_value_Port_Orford.pdf","Sole, petrale","value","11","3","16","2","0","4","22","0","7","0","5","0","70",""
"2010","58_Monthly_value_Port_Orford.pdf","Sole, sand","value","0","0","6","0","0","0","0","0","0","0","0","0","6",""
"2010","58_Monthly_value_Port_Orford.pdf","Tuna, albacore","value","0","0","0","0","0","0","8813","12344","7321","0","0","0","28478",""
"2010","58_Monthly_value_Port_Orford.pdf","Wolf-eel","value","0","0","0","0","0","0","0","4","0","0","0","0","4",""
"2010","58_Monthly_value_Port_Orford.pdf","CRUSTACEANS:","value",NA,NA,NA,NA,NA,NA,NA,NA,NA,NA,NA,NA,NA,""
"2010","58_Monthly_value_Port_Orford.pdf","Crab, Dungeness ocean","value","228047","65681","81038","34985","40457","55902","56437","25808","0","0","0","1426087","2014442",""
"2010","58_Monthly_value_Port_Orford.pdf","Shrimp, spot","value","0","0","0","0","0","0","0","0","6720","5430","0","0","12150",""
"2010","58_Monthly_value_Port_Orford.pdf","MOLLUSKS:","value",NA,NA,NA,NA,NA,NA,NA,NA,NA,NA,NA,NA,NA,""
"2010","58_Monthly_value_Port_Orford.pdf","Octopus","value","58","70","95","8","12","33","35","20","0","23","0","126","480",""
"2010","58_Monthly_value_Port_Orford.pdf","Squid, other sp","value","0","0","0","0","0","0","0","11","0","0","0","0","11",""
"2010","58_Monthly_value_Port_Orford.pdf","OTHER INVERTEBRATES:","value",NA,NA,NA,NA,NA,NA,NA,NA,NA,NA,NA,NA,NA,""
"2010","58_Monthly_value_Port_Orford.pdf","Sea urchin, red","value","21438","12744","26035","27545","19735","1439","0","0","0","16539","28825","40421","194721",""
"2010","59_Monthly_value_Gold_Beach.pdf","Cabezon...............","value","CHECK","CHECK","CHECK","CHECK","CHECK","CHECK","CHECK","CHECK","CHECK","CHECK","CHECK","CHECK","CHECK","CHECK"
"2010","59_Monthly_value_Gold_Beach.pdf","Greenling sp","value","9802","2798","4901","5197","6470","4238","5368","3289","4778","416","86","1027","48370",""
"2010","59_Monthly_value_Gold_Beach.pdf","Lingcod","value","0","0","0","0","5002","3867","1379","1644","2679","144","46","0","14761",""
"2010","59_Monthly_value_Gold_Beach.pdf","Rockfish, black","value","5329","1379","2144","12054","14278","18213","16105","13761","11951","2280","47","230","97771",""
"2010","59_Monthly_value_Gold_Beach.pdf","Rockfish, black&yellow","value","83","0","0","0","0","14","0","0","0","0","0","0","97",""
"2010","59_Monthly_value_Gold_Beach.pdf","Rockfish, blue","value","34","0","13","63","17","57","29","65","48","4","0","0","330",""
"2010","59_Monthly_value_Gold_Beach.pdf","Rockfish, china","value","1884","601","676","814","2716","4945","937","1522","3712","210","70","291","18378",""
"2010","59_Monthly_value_Gold_Beach.pdf","Rockfish, copper","value","10","0","36","10","130","70","22","59","61","0","0","0","398",""
"2010","59_Monthly_value_Gold_Beach.pdf","Rockfish, Gopher","value","6","12","25","3","18","23","0","0","12","3","0","0","102",""
"2010","59_Monthly_value_Gold_Beach.pdf","Rockfish, grass","value","0","0","0","0","0","35","70","90","0","0","0","0","195",""
"2010","59_Monthly_value_Gold_Beach.pdf","Rockfish, quillback","value","0","0","23","101","202","107","51","30","226","0","0","0","740",""
"2010","59_Monthly_value_Gold_Beach.pdf","Rockfish, tiger","value","0","0","0","0","3","53","0","0","8","0","0","0","64",""
"2010","59_Monthly_value_Gold_Beach.pdf","Rockfish, vermillion","value","92","66","62","176","265","311","89","166","285","38","0","11","1561",""
"2010","59_Monthly_value_Gold_Beach.pdf","Rockfish, yellowtail","value","0","0","2","0","15","70","11","2","20","6","0","0","126",""
"2010","59_Monthly_value_Gold_Beach.pdf","Salmon, coho","value","0","0","0","0","0","0","0","0","263","0","0","0","263",""
"2010","59_Monthly_value_Gold_Beach.pdf","Tuna, albacore","value","0","0","0","0","0","0","2565","12200","1023","0","0","0","15788",""
"2010","59_Monthly_value_Gold_Beach.pdf","CRUSTACEANS:","value",NA,NA,NA,NA,NA,NA,NA,NA,NA,NA,NA,NA,NA,""
"2010","59_Monthly_value_Gold_Beach.pdf","Crab, Dungeness ocean","value","1787","2369","1427","3791","5182","4239","1712","1871","0","0","0","4642","27020",""
"2010","59_Monthly_value_Gold_Beach.pdf","OTHER INVERTEBRATES:","value",NA,NA,NA,NA,NA,NA,NA,NA,NA,NA,NA,NA,NA,""
"2010","59_Monthly_value_Gold_Beach.pdf","Sea urchin, red","value","0","0","0","0","1843","8598","34990","18638","36031","40440","2401","0","142941",""
"2010","60_Monthly_value_Brookings.pdf","Cabezon...............","value","CHECK","CHECK","CHECK","CHECK","CHECK","CHECK","CHECK","CHECK","CHECK","CHECK","CHECK","CHECK","CHECK","CHECK"
"2010","60_Monthly_value_Brookings.pdf","Flounder, arrowtooth","value","112","1","4","326","389","307","183","51","14","399","88","264","2138",""
"2010","60_Monthly_value_Brookings.pdf","Greenling sp","value","6556","965","3876","2607","2155","2116","3450","895","3899","0","0","0","26519",""
"2010","60_Monthly_value_Brookings.pdf","Grenadier, Pacific","value","0","0","138","586","0","112","0","0","227","0","162","84","1309",""
"2010","60_Monthly_value_Brookings.pdf","Halibut, Pacific","value","0","0","0","0","0","0","0","2203","0","0","0","0","2203",""
"2010","60_Monthly_value_Brookings.pdf","Irish Lord, red","value","20","0","18","3","12","5","49","12","3","0","0","0","122",""
"2010","60_Monthly_value_Brookings.pdf","Lingcod","value","469","213","524","63","2627","3061","2647","2764","4141","315","495","28","17347",""
"2010","60_Monthly_value_Brookings.pdf","Pacific Ocean perch","value","2","0","10","0","2","8","5","0","2","0","0","0","29",""
"2010","60_Monthly_value_Brookings.pdf","Rockfish, black","value","5675","1052","4368","8494","11318","11530","12274","7434","12496","884","34","151","75710",""
"2010","60_Monthly_value_Brookings.pdf","Rockfish, black&yellow","value","0","0","18","0","12","0","48","24","42","0","0","0","144",""
"2010","60_Monthly_value_Brookings.pdf","Rockfish, blue","value","0","0","0","220","136","4","3","18","8","0","0","0","389",""
"2010","60_Monthly_value_Brookings.pdf","Rockfish, canary","value","0","0","0","0","0","35","0","0","0","0","0","0","35",""
"2010","60_Monthly_value_Brookings.pdf","Rockfish, china","value","387","13","79","80","168","66","125","313","645","0","17","0","1893",""
"2010","60_Monthly_value_Brookings.pdf","Rockfish, copper","value","0","0","0","0","11","0","0","165","226","0","7","0","409",""
"2010","60_Monthly_value_Brookings.pdf","Rockfish, darkblotched","value","842","288","526","297","664","831","530","340","0","245","58","5","4626",""
"2010","60_Monthly_value_Brookings.pdf","Rockfish, Gopher","value","12","0","0","0","12","12","48","12","24","0","0","0","120",""
"2010","60_Monthly_value_Brookings.pdf","Rockfish, grass","value","91","0","203","28","189","217","546","420","532","0","0","0","2226",""
"2010","60_Monthly_value_Brookings.pdf","Rockfish, quillback","value","0","0","0","0","0","0","0","102","108","0","0","0","210",""
"2010","60_Monthly_value_Brookings.pdf","Rockfish, vermillion","value","19","0","0","3","28","4","0","128","293","0","25","0","500",""
"2010","60_Monthly_value_Brookings.pdf","Rockfish, widow","value","0","0","7","0","0","2","0","0","0","0","0","0","9",""
"2010","60_Monthly_value_Brookings.pdf","Rockfish, yelloweye","value","0","0","0","0","0","0","0","27","0","0","0","0","27",""
"2010","60_Monthly_value_Brookings.pdf","Rockfish, yellowtail","value","0","0","0","10","0","30","0","6","0","0","0","0","46",""
"2010","60_Monthly_value_Brookings.pdf","Rockfish, Shelf","value","0","0","0","0","4","0","0","0","2","0","0","0","6",""
"2010","60_Monthly_value_Brookings.pdf","Rockfish, Slope","value","236","76","291","195","93","211","254","302","214","157","320","195","2544",""
"2010","60_Monthly_value_Brookings.pdf","Thornyhead, longspine","value","19753","288","1560","1726","2792","5887","3479","3564","6375","3688","1581","464","51157",""
"2010","60_Monthly_value_Brookings.pdf","Thornyhead, shortspine","value","12661","2463","1427","5715","7233","11934","7576","5845","8262","6015","8946","2433","80510",""
"2010","60_Monthly_value_Brookings.pdf","Sablefish","value","88904","22010","34738","74177","69593","112402","131755","174625","117638","87246","60529","35371","1008988",""
"2010","60_Monthly_value_Brookings.pdf","Sanddab, Pacific","value","0","0","0","0","488","53","164","119","0","0","0","0","824",""
"2010","60_Monthly_value_Brookings.pdf","Sculpin, other sp","value","0","0","5","17","0","5","40","40","14","0","0","0","121",""
"2010","60_Monthly_value_Brookings.pdf","Skates and rays","value","375","611","0","920","1248","842","1442","452","1129","317","235","0","7571",""
"2010","60_Monthly_value_Brookings.pdf","Sole, Dover","value","94973","31573","25359","48895","41029","65085","80711","34501","53557","27261","16721","12114","531779",""
"2010","60_Monthly_value_Brookings.pdf","Sole, English","value","262","57","608","12","50","318","516","398","0","42","8","6","2277",""
"2010","60_Monthly_value_Brookings.pdf","Sole, petrale","value","72250","16401","14466","4092","868","15861","4963","9211","98","2476","2086","2824","145596",""
"2010","60_Monthly_value_Brookings.pdf","Sole, rex","value","4742","1715","799","1691","1957","3610","2588","1713","2451","2393","1298","1033","25990",""
"2010","60_Monthly_value_Brookings.pdf","Tuna, albacore","value","0","0","0","0","0","3636","13856","31778","4076","5172","0","0","58518",""
"2010","60_Monthly_value_Brookings.pdf","CRUSTACEANS:","value",NA,NA,NA,NA,NA,NA,NA,NA,NA,NA,NA,NA,NA,""
"2010","60_Monthly_value_Brookings.pdf","Crab, Dungeness ocean","value","238578","79800","85231","108169","51355","18403","9562","9764","0","0","0","3807711","4408573",""
"2010","60_Monthly_value_Brookings.pdf","Shrimp, pink","value","0","0","0","10992","97304","37128","28565","100609","41068","8640","0","0","324306",""
"2010","60_Monthly_value_Brookings.pdf","MOLLUSKS:","value",NA,NA,NA,NA,NA,NA,NA,NA,NA,NA,NA,NA,NA,""
"2010","60_Monthly_value_Brookings.pdf","Octopus","value","0","0","30","0","0","0","0","53","0","0","0","0","83",""
