"year","filename","species","type","January","Feburary","March","April","May","June","July","August","September","October","November","December","Total","flag"
"2010","44_Monthly_value_Columbia_River.pdf","CHECK","value",NA,NA,NA,NA,NA,NA,NA,NA,NA,NA,NA,NA,NA,NA
"2010","45_Monthly_value_Astoria.pdf","Anchovy..northern.....","value","CHECK","CHECK","CHECK","CHECK","CHECK","CHECK","CHECK","CHECK","CHECK","CHECK","CHECK","CHECK","CHECK","CHECK"
"2010","45_Monthly_value_Astoria.pdf","Cabezon","value","0","0","0","0","0","8","0","0","0","0","0","0","8",""
"2010","45_Monthly_value_Astoria.pdf","Cod, Pacific","value","61","327","357","1354","4258","7844","14622","7442","11127","9565","688","1572","59217",""
"2010","45_Monthly_value_Astoria.pdf","Flounder, arrowtooth","value","8680","39188","16141","35995","42751","51464","72846","56956","16341","14755","22240","28759","406116",""
"2010","45_Monthly_value_Astoria.pdf","Flounder, starry","value","0","260","117","152","189","4630","1241","557","249","177","5","3","7580",""
"2010","45_Monthly_value_Astoria.pdf","Grenadier, Pacific","value","0","58","0","124","127","65","18","4","3","28","0","0","427",""
"2010","45_Monthly_value_Astoria.pdf","Halibut, Pacific","value","0","0","0","0","392","10032","37632","176467","0","0","0","0","224523",""
"2010","45_Monthly_value_Astoria.pdf","Herring, Pacific","value","0","0","0","0","0","0","0","0","3814","0","0","0","3814",""
"2010","45_Monthly_value_Astoria.pdf","Lingcod","value","352","1105","2098","2290","5433","8631","8773","7997","5301","395","666","117","43158",""
"2010","45_Monthly_value_Astoria.pdf","Mackerel, Pacific","value","0","0","0","0","0","353","8701","0","765","0","0","0","9819",""
"2010","45_Monthly_value_Astoria.pdf","Ratfish","value","0","0","0","0","0","0","0","0","0","412","0","0","412",""
"2010","45_Monthly_value_Astoria.pdf","Pacific Ocean perch","value","2852","5338","6036","2390","5042","5008","7676","1731","3630","2522","6328","291","48844",""
"2010","45_Monthly_value_Astoria.pdf","Rockfish, black","value","0","0","85","151","27","86","0","9","0","0","4","3","365",""
"2010","45_Monthly_value_Astoria.pdf","Rockfish, canary","value","0","0","154","9","46","1866","271","273","259","133","76","0","3087",""
"2010","45_Monthly_value_Astoria.pdf","Rockfish, darkblotched","value","2640","2706","10478","2583","2053","1116","1751","1090","803","2487","6111","316","34134",""
"2010","45_Monthly_value_Astoria.pdf","Rockfish, widow","value","30","77","441","260","71","2871","1079","3080","1054","69","62","0","9094",""
"2010","45_Monthly_value_Astoria.pdf","Rockfish, yelloweye","value","0","0","0","0","4","6","0","1219","0","0","0","0","1229",""
"2010","45_Monthly_value_Astoria.pdf","Rockfish, yellowtail","value","0","76","434","1298","2057","37816","5122","33088","10707","1756","416","20","92790",""
"2010","45_Monthly_value_Astoria.pdf","Rockfish, Shelf","value","0","146","55","78","127","674","605","609","198","467","30","4","2993",""
"2010","45_Monthly_value_Astoria.pdf","Rockfish, Slope","value","2485","5705","9095","7470","7635","3483","8907","804","9547","8620","13820","251","77822",""
"2010","45_Monthly_value_Astoria.pdf","Thornyhead, longspine","value","2584","23685","15152","27921","21039","22123","22572","16510","15885","15220","6991","6436","196118",""
"2010","45_Monthly_value_Astoria.pdf","Thornyhead, shortspine","value","7269","47818","21419","31912","46297","40864","34662","30353","26437","37783","28779","10896","364489",""
"2010","45_Monthly_value_Astoria.pdf","Sablefish","value","79079","288927","156616","218753","348210","322521","309375","218238","251479","191853","294476","140273","2819800",""
"2010","45_Monthly_value_Astoria.pdf","Salmon, chinook","value","0","0","0","0","36629","379386","101784","134940","476","0","0","0","653215",""
"2010","45_Monthly_value_Astoria.pdf","Salmon, coho","value","0","0","0","0","0","0","6619","6036","1380","0","0","0","14035",""
"2010","45_Monthly_value_Astoria.pdf","Sanddab, Pacific","value","0","3234","1404","3488","5501","13148","7230","9888","2522","1360","791","1149","49715",""
"2010","45_Monthly_value_Astoria.pdf","Sardine, Pacific","value","0","0","0","0","0","110557","3551635","395279","1299976","0","0","0","5357447",""
"2010","45_Monthly_value_Astoria.pdf","Shark, spiny dogfish","value","0","0","0","0","0","0","0","4760","20620","10241","0","0","35621",""
"2010","45_Monthly_value_Astoria.pdf","Shark, thresher","value","0","0","0","0","0","0","0","424","0","0","0","0","424",""
"2010","45_Monthly_value_Astoria.pdf","Skates and rays","value","4252","8488","11030","17914","20185","32247","24204","27475","15052","14610","9237","5814","190508",""
"2010","45_Monthly_value_Astoria.pdf","Skilfish","value","0","0","0","0","9","0","0","0","0","0","0","0","9",""
"2010","45_Monthly_value_Astoria.pdf","Sole, butter","value","0","0","0","0","0","3","27","0","4","0","0","0","34",""
"2010","45_Monthly_value_Astoria.pdf","Sole, curlfin (turbot)","value","0","0","0","0","0","17","0","0","1","0","0","0","18",""
"2010","45_Monthly_value_Astoria.pdf","Sole, Dover","value","117103","308328","266669","231996","223070","149221","116445","129902","88601","120703","227471","124529","2104038",""
"2010","45_Monthly_value_Astoria.pdf","Sole, English","value","1053","4520","5124","4585","6950","12879","7217","7520","2761","2663","2766","1689","59727",""
"2010","45_Monthly_value_Astoria.pdf","Sole, flathead","value","0","0","236","69","82","162","119","121","78","125","31","3","1026",""
"2010","45_Monthly_value_Astoria.pdf","Sole, petrale","value","94837","72176","117653","13943","35618","32745","33157","18911","28194","12251","64764","29520","553769",""
"2010","45_Monthly_value_Astoria.pdf","Sole, rex","value","2675","5659","3308","4394","13122","17316","15502","18262","7648","10206","8868","2324","109284",""
"2010","45_Monthly_value_Astoria.pdf","Sole, rock","value","0","15","0","15","10","52","19","12","108","2","0","1","234",""
"2010","45_Monthly_value_Astoria.pdf","Sole, sand","value","0","1048","1701","6670","16454","20874","29392","14824","3103","777","455","1951","97249",""
"2010","45_Monthly_value_Astoria.pdf","Tuna, albacore","value","0","0","0","0","0","0","2013294","2029075","971537","406800","0","0","5420706",""
"2010","45_Monthly_value_Astoria.pdf","Whiting, Pac (hake)","value","0","0","0","0","0","1024994","328305","794623","430471","27507","473","0","2606373",""
"2010","45_Monthly_value_Astoria.pdf","Wolf-eel","value","0","0","0","0","0","0","0","2","0","0","0","0","2",""
"2010","45_Monthly_value_Astoria.pdf","Wrymouth, giant","value","0","0","0","0","8","7","29","31","16","9","0","0","100",""
"2010","45_Monthly_value_Astoria.pdf","CRUSTACEANS:","value",NA,NA,NA,NA,NA,NA,NA,NA,NA,NA,NA,NA,NA,""
"2010","45_Monthly_value_Astoria.pdf","Crab, Dungeness ocean","value","1139374","576006","456971","260350","106307","43133","23679","9824","0","0","0","4208404","6824048",""
"2010","45_Monthly_value_Astoria.pdf","Shrimp, pink","value","0","0","0","264819","477770","380474","340985","585204","622212","111515","0","0","2782979",""
"2010","45A_Monthly_value_Seaside-Gearhart.pdf","CHECK","value",NA,NA,NA,NA,NA,NA,NA,NA,NA,NA,NA,NA,NA,NA
"2010","45B_Monthly_value_Cannon_Beach.pdf","CHECK","value",NA,NA,NA,NA,NA,NA,NA,NA,NA,NA,NA,NA,NA,NA
"2010","46_Monthly_value_Nehalem_Bay.pdf","CHECK","value",NA,NA,NA,NA,NA,NA,NA,NA,NA,NA,NA,NA,NA,NA
"2010","47_Monthly_value_Garibaldi.pdf","Cabezon...............","value","CHECK","CHECK","CHECK","CHECK","CHECK","CHECK","CHECK","CHECK","CHECK","CHECK","CHECK","CHECK","CHECK","CHECK"
"2010","47_Monthly_value_Garibaldi.pdf","Cod, Pacific","value","0","0","0","8","0","94","0","32","0","0","90","0","224",""
"2010","47_Monthly_value_Garibaldi.pdf","Flounder, starry","value","0","0","0","0","0","61","0","511","0","0","6","0","578",""
"2010","47_Monthly_value_Garibaldi.pdf","Greenling sp","value","0","164","155","0","36","4","584","559","714","325","16","0","2557",""
"2010","47_Monthly_value_Garibaldi.pdf","Halibut, Pacific","value","0","0","0","0","90","0","3531","0","0","0","0","0","3621",""
"2010","47_Monthly_value_Garibaldi.pdf","Irish Lord, red","value","0","0","0","0","0","0","0","0","9","0","0","0","9",""
"2010","47_Monthly_value_Garibaldi.pdf","Yellowtail","value","0","0","0","0","0","0","18","0","0","0","0","0","18",""
"2010","47_Monthly_value_Garibaldi.pdf","Lingcod","value","0","0","0","69","697","101","820","800","777","81","101","0","3446",""
"2010","47_Monthly_value_Garibaldi.pdf","Pomfret, Pacific","value","0","0","0","0","0","0","0","0","9","0","0","0","9",""
"2010","47_Monthly_value_Garibaldi.pdf","Rockfish, black","value","0","2393","3056","1822","7581","858","9409","3315","8385","827","106","0","37752",""
"2010","47_Monthly_value_Garibaldi.pdf","Rockfish, blue","value","0","0","2","20","46","0","10","11","124","0","0","0","213",""
"2010","47_Monthly_value_Garibaldi.pdf","Rockfish, canary","value","0","0","0","0","0","31","0","0","0","0","7","0","38",""
"2010","47_Monthly_value_Garibaldi.pdf","Rockfish, china","value","0","0","0","0","6","2","14","0","6","0","0","0","28",""
"2010","47_Monthly_value_Garibaldi.pdf","Rockfish, copper","value","0","0","0","0","14","0","23","64","18","0","0","0","119",""
"2010","47_Monthly_value_Garibaldi.pdf","Rockfish, quillback","value","0","14","7","0","30","0","0","6","37","0","0","0","94",""
"2010","47_Monthly_value_Garibaldi.pdf","Rockfish, tiger","value","0","0","0","0","0","0","0","0","5","0","0","0","5",""
"2010","47_Monthly_value_Garibaldi.pdf","Rockfish, vermillion","value","0","0","5","0","0","0","0","0","39","0","0","0","44",""
"2010","47_Monthly_value_Garibaldi.pdf","Rockfish, yellowtail","value","0","11","44","12","23","22","43","97","244","0","0","0","496",""
"2010","47_Monthly_value_Garibaldi.pdf","Rockfish, Shelf","value","0","0","0","0","0","0","0","30","0","0","0","0","30",""
"2010","47_Monthly_value_Garibaldi.pdf","Sablefish","value","1685","1534","1011","1423","0","0","137","131","6594","0","0","0","12515",""
"2010","47_Monthly_value_Garibaldi.pdf","Salmon, chinook","value","0","0","0","0","6206","141302","11158","16575","5235","1578","0","0","182054",""
"2010","47_Monthly_value_Garibaldi.pdf","Salmon, coho","value","0","0","0","0","0","0","970","498","48","0","0","0","1516",""
"2010","47_Monthly_value_Garibaldi.pdf","Sanddab, Pacific","value","0","0","0","82","0","27","0","0","0","0","100","0","209",""
"2010","47_Monthly_value_Garibaldi.pdf","Skates and rays","value","0","0","0","97","0","30","0","18","0","0","80","0","225",""
"2010","47_Monthly_value_Garibaldi.pdf","Sole, Dover","value","0","0","0","55","0","468","0","216","0","0","0","0","739",""
"2010","47_Monthly_value_Garibaldi.pdf","Sole, English","value","0","0","0","304","0","56","0","22","0","0","235","0","617",""
"2010","47_Monthly_value_Garibaldi.pdf","Sole, flathead","value","0","0","0","9","0","0","0","0","0","0","0","0","9",""
"2010","47_Monthly_value_Garibaldi.pdf","Sole, petrale","value","0","0","0","3936","0","259","0","206","0","0","493","0","4894",""
"2010","47_Monthly_value_Garibaldi.pdf","Sole, rex","value","0","0","0","171","0","0","0","0","0","0","24","0","195",""
"2010","47_Monthly_value_Garibaldi.pdf","Sole, sand","value","0","0","0","0","0","2030","0","3821","0","0","112","0","5963",""
"2010","47_Monthly_value_Garibaldi.pdf","Tuna, albacore","value","0","0","0","0","0","199","51375","80937","65714","28114","0","0","226339",""
"2010","47_Monthly_value_Garibaldi.pdf","Wolf-eel","value","0","0","0","0","0","0","0","0","45","0","0","0","45",""
"2010","47_Monthly_value_Garibaldi.pdf","CRUSTACEANS:","value",NA,NA,NA,NA,NA,NA,NA,NA,NA,NA,NA,NA,NA,""
"2010","47_Monthly_value_Garibaldi.pdf","Crab, Dungeness bay","value","0","0","0","0","0","0","0","0","465","259","0","0","724",""
"2010","47_Monthly_value_Garibaldi.pdf","Crab, Dungeness ocean","value","244147","247666","160514","102538","129063","37643","27655","27038","0","0","0","959892","1936156",""
"2010","47_Monthly_value_Garibaldi.pdf","Shrimp, ghost","value","948","1117","1254","1758","2482","3197","2817","2312","1775","1839","1168","399","21066",""
"2010","47_Monthly_value_Garibaldi.pdf","Shrimp, mud","value","0","0","90","0","0","0","0","0","0","0","0","0","90",""
"2010","47_Monthly_value_Garibaldi.pdf","Shrimp, pink","value","0","0","0","705","4362","0","0","0","0","0","0","0","5067",""
"2010","47_Monthly_value_Garibaldi.pdf","MOLLUSKS:","value",NA,NA,NA,NA,NA,NA,NA,NA,NA,NA,NA,NA,NA,""
"2010","47_Monthly_value_Garibaldi.pdf","Clams, butter","value","0","766","99","0","149","0","130","7","197","738","948","433","3467",""
"2010","47_Monthly_value_Garibaldi.pdf","Clams, cockle","value","3036","3391","7211","13482","27138","9131","9101","8443","4820","0","40","0","85793",""
"2010","47_Monthly_value_Garibaldi.pdf","Clams, gaper","value","0","0","0","0","0","0","1019","13","441","2847","464","125","4909",""
"2010","47_Monthly_value_Garibaldi.pdf","Octopus","value","0","83","0","0","0","0","0","0","0","0","0","0","83",""
"2010","48_Monthly_value_Netarts_Bay.pdf","CHECK","value",NA,NA,NA,NA,NA,NA,NA,NA,NA,NA,NA,NA,NA,NA
"2010","49_Monthly_value_Pacific_City.pdf","Cabezon...............","value","CHECK","CHECK","CHECK","CHECK","CHECK","CHECK","CHECK","CHECK","CHECK","CHECK","CHECK","CHECK","CHECK","CHECK"
"2010","49_Monthly_value_Pacific_City.pdf","Greenling sp","value","0","0","2","5","21","26","8","10","13","0","0","0","85",""
"2010","49_Monthly_value_Pacific_City.pdf","Lingcod","value","0","0","0","0","4764","4533","3694","884","2054","698","22","0","16649",""
"2010","49_Monthly_value_Pacific_City.pdf","Rockfish, black","value","0","761","662","2539","9311","8322","5555","3797","2516","751","104","300","34618",""
"2010","49_Monthly_value_Pacific_City.pdf","Rockfish, blue","value","0","4","9","520","110","236","37","100","277","48","0","18","1359",""
"2010","49_Monthly_value_Pacific_City.pdf","Rockfish, china","value","0","0","0","0","6","5","8","0","0","0","0","0","19",""
"2010","49_Monthly_value_Pacific_City.pdf","Rockfish, copper","value","0","0","0","0","3","0","11","0","0","9","0","0","23",""
"2010","49_Monthly_value_Pacific_City.pdf","Rockfish, quillback","value","0","5","15","6","3","21","0","3","7","9","0","0","69",""
"2010","49_Monthly_value_Pacific_City.pdf","Rockfish, vermillion","value","0","6","0","0","19","6","9","0","8","0","0","0","48",""
"2010","49_Monthly_value_Pacific_City.pdf","Rockfish, yellowtail","value","0","6","23","80","57","103","83","131","114","52","0","0","649",""
"2010","49_Monthly_value_Pacific_City.pdf","Salmon, chinook","value","0","0","0","0","1811","1125","399","2332","0","0","0","0","5667",""
"2010","49_Monthly_value_Pacific_City.pdf","Tuna, albacore","value","0","0","0","0","0","0","0","6655","387","0","0","0","7042",""
"2010","49_Monthly_value_Pacific_City.pdf","CRUSTACEANS:","value",NA,NA,NA,NA,NA,NA,NA,NA,NA,NA,NA,NA,NA,""
"2010","49_Monthly_value_Pacific_City.pdf","Crab, Dungeness ocean","value","0","0","354","949","2699","803","945","3462","0","0","0","907","10119",""
"2010","49_Monthly_value_Pacific_City.pdf","Shrimp, ghost","value","15","0","0","0","0","0","0","0","0","1417","252","0","1684",""
"2010","49A_Monthly_value_Salmon_River.pdf","CHECK","value",NA,NA,NA,NA,NA,NA,NA,NA,NA,NA,NA,NA,NA,NA
"2010","50_Monthly_value_Siletz_Bay.pdf","CHECK","value",NA,NA,NA,NA,NA,NA,NA,NA,NA,NA,NA,NA,NA,NA
"2010","51_Monthly_value_Depoe_Bay.pdf","Cabezon...............","value","CHECK","CHECK","CHECK","CHECK","CHECK","CHECK","CHECK","CHECK","CHECK","CHECK","CHECK","CHECK","CHECK","CHECK"
"2010","51_Monthly_value_Depoe_Bay.pdf","Greenling sp","value","0","0","0","0","6","35","85","23","26","0","0","0","175",""
"2010","51_Monthly_value_Depoe_Bay.pdf","Lingcod","value","0","0","0","0","2237","3315","2750","1504","1296","57","0","0","11159",""
"2010","51_Monthly_value_Depoe_Bay.pdf","Rockfish, black","value","0","281","0","680","1604","538","614","2785","1755","218","0","0","8475",""
"2010","51_Monthly_value_Depoe_Bay.pdf","Rockfish, blue","value","0","123","0","515","422","11","33","68","486","68","0","0","1726",""
"2010","51_Monthly_value_Depoe_Bay.pdf","Rockfish, china","value","0","0","0","0","3","0","0","0","3","0","0","0","6",""
"2010","51_Monthly_value_Depoe_Bay.pdf","Rockfish, copper","value","0","0","0","0","8","20","0","51","8","0","0","0","87",""
"2010","51_Monthly_value_Depoe_Bay.pdf","Rockfish, quillback","value","0","0","0","0","8","14","0","0","6","0","0","0","28",""
"2010","51_Monthly_value_Depoe_Bay.pdf","Rockfish, tiger","value","0","0","0","0","0","0","0","5","5","0","0","0","10",""
"2010","51_Monthly_value_Depoe_Bay.pdf","Rockfish, vermillion","value","0","0","0","0","0","0","0","0","8","0","0","0","8",""
"2010","51_Monthly_value_Depoe_Bay.pdf","Rockfish, widow","value","0","0","0","0","0","0","0","9","0","2","0","0","11",""
"2010","51_Monthly_value_Depoe_Bay.pdf","Rockfish, yellowtail","value","0","77","0","13","17","14","25","11","11","3","0","0","171",""
"2010","51_Monthly_value_Depoe_Bay.pdf","Salmon, chinook","value","0","0","0","0","353","2647","0","482","0","0","0","0","3482",""
"2010","51_Monthly_value_Depoe_Bay.pdf","Tuna, albacore","value","0","0","0","0","0","0","0","7870","9725","0","0","0","17595",""
"2010","51_Monthly_value_Depoe_Bay.pdf","CRUSTACEANS:","value",NA,NA,NA,NA,NA,NA,NA,NA,NA,NA,NA,NA,NA,""
"2010","51_Monthly_value_Depoe_Bay.pdf","Crab, Dungeness ocean","value","2348","0","1577","1732","7811","2979","5099","3841","0","0","0","3752","29139",""
"2010","52_Monthly_value_Newport.pdf","Cabezon...............","value","CHECK","CHECK","CHECK","CHECK","CHECK","CHECK","CHECK","CHECK","CHECK","CHECK","CHECK","CHECK","CHECK","CHECK"
"2010","52_Monthly_value_Newport.pdf","Cod, Pacific","value","0","0","0","0","0","8","1095","283","0","0","0","0","1386",""
"2010","52_Monthly_value_Newport.pdf","Flounder, arrowtooth","value","1603","6897","3878","6907","4964","4558","3752","1520","1161","2315","2120","463","40138",""
"2010","52_Monthly_value_Newport.pdf","Flounder, starry","value","0","0","0","0","0","5","18","0","0","0","0","0","23",""
"2010","52_Monthly_value_Newport.pdf","Greenling sp","value","0","3","0","0","12","0","16","98","24","47","2","70","272",""
"2010","52_Monthly_value_Newport.pdf","Grenadier, Pacific","value","4","0","0","0","0","0","54","0","0","0","0","0","58",""
"2010","52_Monthly_value_Newport.pdf","Hagfish sp","value","372","3003","19697","46714","70839","54641","17412","31759","63510","44713","22876","4113","379649",""
"2010","52_Monthly_value_Newport.pdf","Halibut, Pacific","value","0","0","0","0","13619","4684","369297","0","0","0","0","0","387600",""
"2010","52_Monthly_value_Newport.pdf","Yellowtail","value","0","0","0","0","0","0","9","41","0","0","0","0","50",""
"2010","52_Monthly_value_Newport.pdf","Lingcod","value","38","413","278","101","5767","8925","4036","7706","3853","2819","1803","10","35749",""
"2010","52_Monthly_value_Newport.pdf","Pacific Ocean perch","value","215","1249","2741","1754","673","387","374","798","681","1470","989","44","11375",""
"2010","52_Monthly_value_Newport.pdf","Rockfish, black","value","0","340","0","1193","2890","5236","1447","5229","2904","752","0","383","20374",""
"2010","52_Monthly_value_Newport.pdf","Rockfish, blue","value","0","3","0","0","52","284","74","279","117","173","60","128","1170",""
"2010","52_Monthly_value_Newport.pdf","Rockfish, canary","value","0","0","0","0","0","47","271","162","0","0","0","0","480",""
"2010","52_Monthly_value_Newport.pdf","Rockfish, china","value","0","0","0","0","5","20","0","14","0","3","0","0","42",""
"2010","52_Monthly_value_Newport.pdf","Rockfish, copper","value","0","0","0","0","0","0","0","25","0","0","0","0","25",""
"2010","52_Monthly_value_Newport.pdf","Rockfish, darkblotched","value","2276","8742","11959","5462","2790","1721","2169","3476","2639","4197","5829","122","51382",""
"2010","52_Monthly_value_Newport.pdf","Rockfish, quillback","value","0","0","0","0","0","0","0","0","0","14","3","0","17",""
"2010","52_Monthly_value_Newport.pdf","Rockfish, widow","value","1","11","158","149","5","1826","8886","926","7678","1117","362","1357","22476",""
"2010","52_Monthly_value_Newport.pdf","Rockfish, yelloweye","value","0","0","0","0","0","0","38","0","0","0","0","0","38",""
"2010","52_Monthly_value_Newport.pdf","Rockfish, yellowtail","value","2","0","0","101","391","4740","752","432","4","3","0","0","6425",""
"2010","52_Monthly_value_Newport.pdf","Rockfish, Shelf","value","0","2","4","14","347","211","794","173","12","0","27","0","1584",""
"2010","52_Monthly_value_Newport.pdf","Rockfish, Slope","value","493","995","3967","9338","12493","7514","10361","11178","22622","7075","1747","501","88284",""
"2010","52_Monthly_value_Newport.pdf","Thornyhead, longspine","value","1939","16585","8687","12317","26498","10543","26577","606","3331","7473","8963","1402","124921",""
"2010","52_Monthly_value_Newport.pdf","Thornyhead, shortspine","value","9645","35090","18859","37059","51032","24376","30193","13945","17317","27008","18474","2864","285862",""
"2010","52_Monthly_value_Newport.pdf","Sablefish","value","93655","205815","146882","537656","996632","965717","1051251","414981","313065","300529","186900","71264","5284347",""
"2010","52_Monthly_value_Newport.pdf","Salmon, chinook","value","0","0","0","0","302402","376384","121198","197211","0","0","0","0","997195",""
"2010","52_Monthly_value_Newport.pdf","Sanddab, Pacific","value","0","0","0","0","195","0","0","0","0","0","0","0","195",""
"2010","52_Monthly_value_Newport.pdf","Skates and rays","value","4145","16446","16397","20173","19875","21767","15656","9121","12094","10253","6304","2172","154403",""
"2010","52_Monthly_value_Newport.pdf","Sole, curlfin (turbot)","value","0","0","0","0","22","1","1","0","0","0","0","0","24",""
"2010","52_Monthly_value_Newport.pdf","Sole, Dover","value","20637","126891","82842","135496","76099","57144","67671","45397","53400","75615","72186","13197","826575",""
"2010","52_Monthly_value_Newport.pdf","Sole, English","value","369","1381","140","72","418","673","5116","1383","2","17","1","36","9608",""
"2010","52_Monthly_value_Newport.pdf","Sole, petrale","value","52286","70059","40819","255","9238","19079","27630","1464","117","1595","18929","7153","248624",""
"2010","52_Monthly_value_Newport.pdf","Sole, rex","value","1303","4050","2239","2875","4550","4307","3574","3854","2590","3873","2590","434","36239",""
"2010","52_Monthly_value_Newport.pdf","Sole, rock","value","0","0","0","0","12","91","48","0","0","0","0","0","151",""
"2010","52_Monthly_value_Newport.pdf","Sole, sand","value","0","0","0","0","0","0","54","0","0","0","0","0","54",""
"2010","52_Monthly_value_Newport.pdf","Tuna, albacore","value","0","0","0","0","0","40754","1411245","1829194","946999","315621","7064","0","4550877",""
"2010","52_Monthly_value_Newport.pdf","Whiting, Pac (hake)","value","0","0","73","0","0","420981","497609","720733","748284","847924","232712","67081","3535397",""
"2010","52_Monthly_value_Newport.pdf","Wolf-eel","value","0","0","0","0","50","0","0","0","0","0","0","0","50",""
"2010","52_Monthly_value_Newport.pdf","CRUSTACEANS:","value",NA,NA,NA,NA,NA,NA,NA,NA,NA,NA,NA,NA,NA,""
"2010","52_Monthly_value_Newport.pdf","Crab, box","value","0","0","0","2852","1098","702","474","0","0","0","0","0","5126",""
"2010","52_Monthly_value_Newport.pdf","Crab, Dungeness bay","value","0","0","0","0","0","0","0","0","1688","0","1800","0","3488",""
"2010","52_Monthly_value_Newport.pdf","Crab, Dungeness ocean","value","1546173","1281995","503484","440393","296989","95640","57798","53644","0","0","0","7569709","11845825",""
"2010","52_Monthly_value_Newport.pdf","Crab, rock","value","0","0","0","0","0","758","1467","0","234","285","300","1221","4265",""
"2010","52_Monthly_value_Newport.pdf","Shrimp, pink","value","0","0","0","217895","441048","326212","255128","355778","234191","245205","0","0","2075457",""
"2010","52_Monthly_value_Newport.pdf","Clams..cockle.........","value","CHECK","CHECK","CHECK","CHECK","CHECK","CHECK","CHECK","CHECK","CHECK","CHECK","CHECK","CHECK","CHECK","CHECK"
"2010","52_Monthly_value_Newport.pdf","Octopus","value","0","280","1110","500","480","250","0","0","0","0","0","485","3105",""
"2010","52_Monthly_value_Newport.pdf","Squid, other sp","value","0","0","0","0","0","0","0","0","0","5725","0","0","5725",""
"2010","52_Monthly_value_Newport.pdf","OTHER INVERTEBRATES:","value",NA,NA,NA,NA,NA,NA,NA,NA,NA,NA,NA,NA,NA,""
"2010","52_Monthly_value_Newport.pdf","Sea stars","value","0","40","60","54","30","75","0","0","55","0","0","0","314",""
"2010","53_Monthly_value_Waldport.pdf","Crab..Dungeness.bay...","value","CHECK","CHECK","CHECK","CHECK","CHECK","CHECK","CHECK","CHECK","CHECK","CHECK","CHECK","CHECK","CHECK","CHECK"
"2010","53_Monthly_value_Waldport.pdf","Shrimp, ghost","value","7764","9656","8381","9030","11276","7184","4739","4321","6770","9557","6714","4435","89827",""
"2010","53_Monthly_value_Waldport.pdf","Shrimp, mud","value","0","0","30","0","0","0","0","162","0","0","0","0","192",""
"2010","53_Monthly_value_Waldport.pdf","MOLLUSKS:","value",NA,NA,NA,NA,NA,NA,NA,NA,NA,NA,NA,NA,NA,""
"2010","53_Monthly_value_Waldport.pdf","Clams, softshell","value","0","0","0","58","0","0","0","0","0","0","0","0","58",""
"2010","53A_Monthly_value_Yachats.pdf","CHECK","value",NA,NA,NA,NA,NA,NA,NA,NA,NA,NA,NA,NA,NA,NA
"2010","54_Monthly_value_Florence.pdf","Halibut..Pacific......","value","CHECK","CHECK","CHECK","CHECK","CHECK","CHECK","CHECK","CHECK","CHECK","CHECK","CHECK","CHECK","CHECK","CHECK"
"2010","54_Monthly_value_Florence.pdf","Yellowtail","value","0","0","0","0","0","0","0","14","0","0","0","0","14",""
"2010","54_Monthly_value_Florence.pdf","Lingcod","value","0","0","0","0","0","0","807","0","0","0","0","0","807",""
"2010","54_Monthly_value_Florence.pdf","Sablefish","value","0","0","0","0","0","0","96","0","0","0","0","0","96",""
"2010","54_Monthly_value_Florence.pdf","Salmon, chinook","value","0","0","0","0","435","2352","0","2805","0","0","0","0","5592",""
"2010","54_Monthly_value_Florence.pdf","Tuna, albacore","value","0","0","0","0","0","0","2994","33411","11511","0","0","0","47916",""
"2010","54_Monthly_value_Florence.pdf","CRUSTACEANS:","value",NA,NA,NA,NA,NA,NA,NA,NA,NA,NA,NA,NA,NA,""
"2010","54_Monthly_value_Florence.pdf","Crab, Dungeness bay","value","0","0","0","0","0","0","0","0","878","0","375","0","1253",""
"2010","54_Monthly_value_Florence.pdf","Crab, Dungeness ocean","value","180","0","0","426","6676","6641","16302","12427","0","0","0","0","42652",""
"2010","54_Monthly_value_Florence.pdf","Shrimp, ghost","value","0","52","137","119","436","1167","276","122","70","135","50","20","2584",""
"2010","54_Monthly_value_Florence.pdf","Shrimp, mud","value","0","0","0","0","45","0","0","0","0","0","0","0","45",""
"2010","54_Monthly_value_Florence.pdf","MOLLUSKS:","value",NA,NA,NA,NA,NA,NA,NA,NA,NA,NA,NA,NA,NA,""
"2010","54_Monthly_value_Florence.pdf","Octopus","value","0","0","0","15","0","0","0","0","0","0","0","0","15",""
"2010","55_Monthly_value_Winchester_Bay.pdf","Halibut..Pacific......","value","CHECK","CHECK","CHECK","CHECK","CHECK","CHECK","CHECK","CHECK","CHECK","CHECK","CHECK","CHECK","CHECK","CHECK"
"2010","55_Monthly_value_Winchester_Bay.pdf","Lingcod","value","0","0","0","0","0","637","249","0","0","0","0","0","886",""
"2010","55_Monthly_value_Winchester_Bay.pdf","Rockfish, black","value","0","0","0","0","24","26","13","0","0","0","0","0","63",""
"2010","55_Monthly_value_Winchester_Bay.pdf","Rockfish, brown","value","0","0","0","0","48","0","0","0","0","0","0","0","48",""
"2010","55_Monthly_value_Winchester_Bay.pdf","Rockfish, Slope","value","0","0","0","36","0","108","20","0","0","0","0","0","164",""
"2010","55_Monthly_value_Winchester_Bay.pdf","Thornyhead, shortspine","value","0","0","0","83","0","17","0","0","0","0","0","0","100",""
"2010","55_Monthly_value_Winchester_Bay.pdf","Sablefish","value","0","0","1159","189","461","13529","82565","37113","8849","27502","0","0","171367",""
"2010","55_Monthly_value_Winchester_Bay.pdf","Salmon, chinook","value","0","0","0","0","15042","11962","1531","9654","0","0","0","0","38189",""
"2010","55_Monthly_value_Winchester_Bay.pdf","Sardine, Pacific","value","0","0","0","0","0","1440","2020","760","600","0","0","0","4820",""
"2010","55_Monthly_value_Winchester_Bay.pdf","Tuna, albacore","value","0","0","0","0","0","0","11418","24708","52863","0","0","0","88989",""
"2010","55_Monthly_value_Winchester_Bay.pdf","CRUSTACEANS:","value",NA,NA,NA,NA,NA,NA,NA,NA,NA,NA,NA,NA,NA,""
"2010","55_Monthly_value_Winchester_Bay.pdf","Crab, Dungeness bay","value","0","0","0","0","0","0","0","0","10736","14190","820","0","25746",""
"2010","55_Monthly_value_Winchester_Bay.pdf","Crab, Dungeness ocean","value","154888","117995","16681","7543","41731","14853","21905","21119","0","0","0","257","396972",""
"2010","56_Monthly_value_Charleston.pdf","Cabezon...............","value","CHECK","CHECK","CHECK","CHECK","CHECK","CHECK","CHECK","CHECK","CHECK","CHECK","CHECK","CHECK","CHECK","CHECK"
"2010","56_Monthly_value_Charleston.pdf","Cod, Pacific","value","0","0","0","1","24","19","8","86","3","8","3","0","152",""
"2010","56_Monthly_value_Charleston.pdf","Flounder, arrowtooth","value","2491","6635","5983","6989","3959","7009","3934","2982","1759","3108","4335","831","50015",""
"2010","56_Monthly_value_Charleston.pdf","Flounder, starry","value","0","0","0","0","0","8","48","42","8","0","0","0","106",""
"2010","56_Monthly_value_Charleston.pdf","Greenling sp","value","0","0","45","70","0","43","0","0","55","3","0","0","216",""
"2010","56_Monthly_value_Charleston.pdf","Grenadier, Pacific","value","5","250","48","580","1245","1342","842","1158","1879","430","95","7","7881",""
"2010","56_Monthly_value_Charleston.pdf","Hagfish sp","value","49891","62284","53563","41400","41336","54712","53230","89992","94810","88565","39999","41626","711408",""
"2010","56_Monthly_value_Charleston.pdf","Halibut, Pacific","value","0","0","0","0","13030","3215","69678","11601","0","0","0","0","97524",""
"2010","56_Monthly_value_Charleston.pdf","Yellowtail","value","0","0","0","0","0","0","0","165","12","0","0","0","177",""
"2010","56_Monthly_value_Charleston.pdf","Lingcod","value","474","720","941","447","5518","3102","4205","3945","5314","2467","6559","0","33692",""
"2010","56_Monthly_value_Charleston.pdf","Pacific Ocean perch","value","37","151","162","70","72","38","34","136","83","68","334","0","1185",""
"2010","56_Monthly_value_Charleston.pdf","Rockfish, black","value","0","0","163","253","0","501","145","138","116","231","0","46","1593",""
"2010","56_Monthly_value_Charleston.pdf","Rockfish, blue","value","0","0","0","0","0","25","0","0","0","50","0","31","106",""
"2010","56_Monthly_value_Charleston.pdf","Rockfish, canary","value","0","0","0","0","39","36","72","71","0","1","62","0","281",""
"2010","56_Monthly_value_Charleston.pdf","Rockfish, china","value","0","0","55","198","0","171","0","0","28","0","0","0","452",""
"2010","56_Monthly_value_Charleston.pdf","Rockfish, copper","value","0","0","16","85","0","90","0","0","0","0","0","0","191",""
"2010","56_Monthly_value_Charleston.pdf","Rockfish, darkblotched","value","1562","5606","11055","5514","2418","2499","2325","4046","3118","6807","9458","0","54408",""
"2010","56_Monthly_value_Charleston.pdf","Rockfish, quillback","value","0","0","95","30","0","50","0","0","0","0","0","0","175",""
"2010","56_Monthly_value_Charleston.pdf","Rockfish, vermillion","value","0","0","7","0","38","45","0","0","0","12","0","0","102",""
"2010","56_Monthly_value_Charleston.pdf","Rockfish, widow","value","0","0","3","2","0","227","21","3","0","9","2","0","267",""
"2010","56_Monthly_value_Charleston.pdf","Rockfish, yelloweye","value","0","0","0","0","0","0","0","337","0","0","0","0","337",""
"2010","56_Monthly_value_Charleston.pdf","Rockfish, yellowtail","value","0","0","0","3","422","279","186","153","55","6","399","0","1503",""
"2010","56_Monthly_value_Charleston.pdf","Rockfish, Shelf","value","0","0","2","1","149","189","128","181","29","12","13","0","704",""
"2010","56_Monthly_value_Charleston.pdf","Rockfish, Slope","value","229","522","989","1302","1161","1851","1321","2537","1769","810","525","26","13042",""
"2010","56_Monthly_value_Charleston.pdf","Thornyhead, longspine","value","4505","27400","16471","29474","22036","14392","11724","10024","26073","16054","7586","3336","189075",""
"2010","56_Monthly_value_Charleston.pdf","Thornyhead, shortspine","value","8807","23752","15743","15577","14007","15546","19306","17533","17881","12464","12463","10311","183390",""
"2010","56_Monthly_value_Charleston.pdf","Sablefish","value","88838","125074","154176","707352","453388","586878","533541","388528","498051","243166","234347","100232","4113571",""
"2010","56_Monthly_value_Charleston.pdf","Salmon, chinook","value","0","0","0","0","341483","184937","22401","76264","0","0","0","0","625085",""
"2010","56_Monthly_value_Charleston.pdf","Sanddab, Pacific","value","0","0","0","58","5628","19419","1335","7798","6796","1106","1145","0","43285",""
"2010","56_Monthly_value_Charleston.pdf","Sardine, Pacific","value","0","2800","0","0","0","0","0","0","0","0","0","0","2800",""
"2010","56_Monthly_value_Charleston.pdf","Shark, blue","value","0","0","0","0","0","0","7","0","0","0","0","0","7",""
"2010","56_Monthly_value_Charleston.pdf","Shark, spiny dogfish","value","0","0","86","0","35","17","10","32","2","58","0","196","436",""
"2010","56_Monthly_value_Charleston.pdf","Shark, other sp","value","0","0","0","0","0","0","0","0","78","0","0","0","78",""
"2010","56_Monthly_value_Charleston.pdf","Skates and rays","value","3955","8756","12177","14871","15331","24594","16358","27178","13828","13117","10730","4108","165003",""
"2010","56_Monthly_value_Charleston.pdf","Sole, curlfin (turbot)","value","0","0","0","3","0","15","6","24","13","0","0","0","61",""
"2010","56_Monthly_value_Charleston.pdf","Sole, Dover","value","110025","181808","166698","89850","44264","66542","76249","82568","87211","80121","161951","71589","1218876",""
"2010","56_Monthly_value_Charleston.pdf","Sole, English","value","529","1347","1597","680","2252","1874","1050","1158","893","683","1950","44","14057",""
"2010","56_Monthly_value_Charleston.pdf","Sole, petrale","value","72268","53424","51246","6232","24810","29055","14694","22402","20282","17830","40460","7401","360104",""
"2010","56_Monthly_value_Charleston.pdf","Sole, rex","value","5203","11998","7100","8996","7593","6567","5048","7921","7966","7417","7797","3969","87575",""
"2010","56_Monthly_value_Charleston.pdf","Sole, rock","value","0","0","0","2","0","36","41","6","26","1","0","0","112",""
"2010","56_Monthly_value_Charleston.pdf","Sole, sand","value","0","0","0","5","1","11","1355","1610","167","2","0","0","3151",""
"2010","56_Monthly_value_Charleston.pdf","Tuna, albacore","value","0","0","0","0","0","0","275809","557337","675572","464572","0","0","1973290",""
"2010","56_Monthly_value_Charleston.pdf","Whiting, Pac (hake)","value","0","48","141","0","0","9842","0","0","0","3317","0","0","13348",""
"2010","56_Monthly_value_Charleston.pdf","Wolf-eel","value","0","0","0","0","0","3","10","2","9","0","0","0","24",""
"2010","56_Monthly_value_Charleston.pdf","Wrymouth, giant","value","0","0","0","0","0","0","3","4","0","6","0","0","13",""
"2010","56_Monthly_value_Charleston.pdf","Crab..Dungeness.bay...","value","CHECK","CHECK","CHECK","CHECK","CHECK","CHECK","CHECK","CHECK","CHECK","CHECK","CHECK","CHECK","CHECK","CHECK"
"2010","56_Monthly_value_Charleston.pdf","Crab, Dungeness ocean","value","1447508","796972","569297","396785","209703","52222","10297","19242","0","0","0","5013783","8515809",""
"2010","56_Monthly_value_Charleston.pdf","Crab, mole","value","0","0","0","0","41","29","0","0","0","0","0","0","70",""
"2010","56_Monthly_value_Charleston.pdf","Shrimp, ghost","value","187","379","159","130","2683","4275","3505","2173","2952","2406","1555","1096","21500",""
"2010","56_Monthly_value_Charleston.pdf","Shrimp, pink","value","0","0","0","575404","986728","941384","657791","937402","939468","386976","7520","0","5432673",""
"2010","56_Monthly_value_Charleston.pdf","Shrimp, spot","value","0","0","0","0","12454","24393","17949","9884","38334","43230","5412","0","151656",""
"2010","56_Monthly_value_Charleston.pdf","MOLLUSKS:","value",NA,NA,NA,NA,NA,NA,NA,NA,NA,NA,NA,NA,NA,""
"2010","56_Monthly_value_Charleston.pdf","Clams, cockle","value","260","1229","1349","842","2310","8487","3041","1217","956","818","111","1478","22098",""
"2010","56_Monthly_value_Charleston.pdf","Clams, gaper","value","0","0","0","0","0","0","20","0","0","0","0","561","581",""
"2010","56_Monthly_value_Charleston.pdf","Octopus","value","0","0","0","33","149","0","40","0","0","0","23","178","423",""
"2010","56_Monthly_value_Charleston.pdf","Squid, other sp","value","261","20","0","0","0","0","0","0","7","0","17","0","305",""
"2010","56_Monthly_value_Charleston.pdf","OTHER INVERTEBRATES:","value",NA,NA,NA,NA,NA,NA,NA,NA,NA,NA,NA,NA,NA,""
"2010","56_Monthly_value_Charleston.pdf","Sea urchin, red","value","0","0","0","0","0","0","0","2245","0","0","0","0","2245",""
"2010","57_Monthly_value_Bandon.pdf","Cabezon...............","value","CHECK","CHECK","CHECK","CHECK","CHECK","CHECK","CHECK","CHECK","CHECK","CHECK","CHECK","CHECK","CHECK","CHECK"
"2010","57_Monthly_value_Bandon.pdf","Greenling sp","value","0","0","0","0","300","0","755","405","1439","0","0","0","2899",""
"2010","57_Monthly_value_Bandon.pdf","Lingcod","value","0","0","0","0","231","0","466","466","439","0","0","0","1602",""
"2010","57_Monthly_value_Bandon.pdf","Rockfish, black","value","0","0","0","0","1492","0","3223","4780","4096","0","0","19","13610",""
"2010","57_Monthly_value_Bandon.pdf","Rockfish, blue","value","0","0","0","0","0","0","0","0","4","0","0","8","12",""
"2010","57_Monthly_value_Bandon.pdf","Rockfish, china","value","0","0","0","0","105","0","294","147","555","0","0","0","1101",""
"2010","57_Monthly_value_Bandon.pdf","Rockfish, copper","value","0","0","0","0","40","0","0","70","56","0","0","0","166",""
"2010","57_Monthly_value_Bandon.pdf","Rockfish, Gopher","value","0","0","0","0","0","0","0","0","1","0","0","0","1",""
"2010","57_Monthly_value_Bandon.pdf","Rockfish, tiger","value","0","0","0","0","0","0","0","0","25","0","0","0","25",""
"2010","57_Monthly_value_Bandon.pdf","Rockfish, vermillion","value","0","0","0","0","0","0","0","90","82","0","0","0","172",""
"2010","57_Monthly_value_Bandon.pdf","Tuna, albacore","value","0","0","0","0","0","0","1674","3720","0","0","0","0","5394",""
"2010","57_Monthly_value_Bandon.pdf","CRUSTACEANS:","value",NA,NA,NA,NA,NA,NA,NA,NA,NA,NA,NA,NA,NA,""
"2010","57_Monthly_value_Bandon.pdf","Crab, Dungeness bay","value","0","0","0","0","0","0","0","0","0","117","0","0","117",""
"2010","58_Monthly_value_Port_Orford.pdf","Cabezon...............","value","CHECK","CHECK","CHECK","CHECK","CHECK","CHECK","CHECK","CHECK","CHECK","CHECK","CHECK","CHECK","CHECK","CHECK"
"2010","58_Monthly_value_Port_Orford.pdf","Cod, Pacific","value","0","0","0","0","0","0","0","0","3","0","0","0","3",""
"2010","58_Monthly_value_Port_Orford.pdf","Flounder, arrowtooth","value","0","2","8","34","62","29","16","43","33","33","13","2","275",""
"2010","58_Monthly_value_Port_Orford.pdf","Greenling sp","value","1802","13448","8932","7784","10987","10592","10564","14003","10796","4416","5212","9955","108491",""
"2010","58_Monthly_value_Port_Orford.pdf","Grenadier, Pacific","value","0","0","0","0","0","0","0","2","0","0","1","0","3",""
"2010","58_Monthly_value_Port_Orford.pdf","Halibut, Pacific","value","0","0","0","0","0","6334","0","0","0","0","0","0","6334",""
"2010","58_Monthly_value_Port_Orford.pdf","Irish Lord, red","value","0","0","0","0","0","0","0","1","0","0","0","0","1",""
"2010","58_Monthly_value_Port_Orford.pdf","Lingcod","value","0","0","0","0","9067","8414","6498","9087","4777","3954","5488","0","47285",""
"2010","58_Monthly_value_Port_Orford.pdf","Pacific Ocean perch","value","0","5","18","9","21","19","10","118","29","159","38","3","429",""
"2010","58_Monthly_value_Port_Orford.pdf","Rockfish, black","value","4422","12703","14376","13926","21210","22296","22660","31739","15263","15589","13600","16314","204098",""
"2010","58_Monthly_value_Port_Orford.pdf","Rockfish, black&yellow","value","0","7","0","7","42","0","7","7","14","14","0","0","98",""
"2010","58_Monthly_value_Port_Orford.pdf","Rockfish, blue","value","1","113","29","44","24","234","162","693","270","790","133","728","3221",""
"2010","58_Monthly_value_Port_Orford.pdf","Rockfish, brown","value","0","0","0","0","0","0","0","68","0","0","0","9","77",""
"2010","58_Monthly_value_Port_Orford.pdf","Rockfish, china","value","858","4669","3264","3077","3805","5735","5533","9339","4970","2613","2606","3285","49754",""
"2010","58_Monthly_value_Port_Orford.pdf","Rockfish, copper","value","24","52","224","222","73","432","720","821","134","367","212","526","3807",""
"2010","58_Monthly_value_Port_Orford.pdf","Rockfish, darkblotched","value","0","306","468","439","670","1064","451","1214","1004","5512","1029","169","12326",""
"2010","58_Monthly_value_Port_Orford.pdf","Rockfish, Gopher","value","9","27","15","9","36","13","13","63","4","0","3","13","205",""
"2010","58_Monthly_value_Port_Orford.pdf","Rockfish, grass","value","0","14","0","21","0","28","2","35","16","21","0","14","151",""
"2010","58_Monthly_value_Port_Orford.pdf","Rockfish, quillback","value","17","227","280","168","233","981","705","1074","553","246","112","399","4995",""
"2010","58_Monthly_value_Port_Orford.pdf","Rockfish, tiger","value","0","39","13","19","43","0","37","55","9","44","4","152","415",""
"2010","58_Monthly_value_Port_Orford.pdf","Rockfish, vermillion","value","31","229","120","190","127","237","412","961","334","417","315","153","3526",""
"2010","58_Monthly_value_Port_Orford.pdf","Rockfish, widow","value","0","15","2","0","1","16","0","11","13","17","0","0","75",""
"2010","58_Monthly_value_Port_Orford.pdf","Rockfish, yellowtail","value","0","12","11","9","117","20","16","53","49","34","23","6","350",""
"2010","58_Monthly_value_Port_Orford.pdf","Rockfish, Shelf","value","0","3","17","0","16","47","28","77","39","4","7","5","243",""
"2010","58_Monthly_value_Port_Orford.pdf","Rockfish, Slope","value","0","3972","3403","1080","1555","643","910","4706","9794","3220","7201","969","37453",""
"2010","58_Monthly_value_Port_Orford.pdf","Thornyhead, longspine","value","0","0","0","0","0","0","0","0","0","8","100","0","108",""
"2010","58_Monthly_value_Port_Orford.pdf","Thornyhead, shortspine","value","3","9","25","61","35","14","15","159","639","133","111","161","1365",""
"2010","58_Monthly_value_Port_Orford.pdf","Sablefish","value","3493","38711","58062","125641","199165","183871","105314","275784","268640","129338","210559","97677","1696255",""
"2010","58_Monthly_value_Port_Orford.pdf","Salmon, chinook","value","0","0","0","0","11779","698","1496","8866","0","131941","0","0","154780",""
"2010","58_Monthly_value_Port_Orford.pdf","Shark, blue","value","0","0","0","0","0","45","0","0","12","0","0","0","57",""
"2010","58_Monthly_value_Port_Orford.pdf","Shark, soupfin","value","0","0","0","0","0","0","0","17","0","0","0","0","17",""
"2010","58_Monthly_value_Port_Orford.pdf","Shark, spiny dogfish","value","0","13","156","15","824","319","18","82","66","27","1628","1755","4903",""
"2010","58_Monthly_value_Port_Orford.pdf","Skates and rays","value","0","57","259","241","304","304","416","1527","911","737","281","241","5278",""
"2010","58_Monthly_value_Port_Orford.pdf","Skilfish","value","0","0","0","0","0","0","0","0","0","0","0","143","143",""
"2010","58_Monthly_value_Port_Orford.pdf","Sole, Dover","value","0","1","7","34","123","77","48","109","79","60","52","28","618",""
"2010","58_Monthly_value_Port_Orford.pdf","Sole, petrale","value","0","18","12","3","0","86","3","0","3","0","29","0","154",""
"2010","58_Monthly_value_Port_Orford.pdf","Sole, rock","value","0","0","0","0","0","0","0","3","0","0","0","0","3",""
"2010","58_Monthly_value_Port_Orford.pdf","Tuna, albacore","value","0","0","0","0","0","0","0","12133","6122","0","0","0","18255",""
"2010","58_Monthly_value_Port_Orford.pdf","Wolf-eel","value","0","0","0","0","0","0","6","0","0","0","0","0","6",""
"2010","58_Monthly_value_Port_Orford.pdf","CRUSTACEANS:","value",NA,NA,NA,NA,NA,NA,NA,NA,NA,NA,NA,NA,NA,""
"2010","58_Monthly_value_Port_Orford.pdf","Crab, Dungeness ocean","value","315947","201948","114854","93549","23911","15973","8381","7143","0","0","0","2216","783922",""
"2010","58_Monthly_value_Port_Orford.pdf","MOLLUSKS:","value",NA,NA,NA,NA,NA,NA,NA,NA,NA,NA,NA,NA,NA,""
"2010","58_Monthly_value_Port_Orford.pdf","Octopus","value","279","49","0","31","0","0","7","26","0","0","0","0","392",""
"2010","58_Monthly_value_Port_Orford.pdf","OTHER INVERTEBRATES:","value",NA,NA,NA,NA,NA,NA,NA,NA,NA,NA,NA,NA,NA,""
"2010","58_Monthly_value_Port_Orford.pdf","Sea urchin, red","value","16798","30823","20622","1925","0","0","0","0","6694","8539","9231","12518","107150",""
"2010","59_Monthly_value_Gold_Beach.pdf","Cabezon...............","value","CHECK","CHECK","CHECK","CHECK","CHECK","CHECK","CHECK","CHECK","CHECK","CHECK","CHECK","CHECK","CHECK","CHECK"
"2010","59_Monthly_value_Gold_Beach.pdf","Greenling sp","value","532","2635","2344","3677","7165","4279","2473","8369","8788","654","1812","1415","44143",""
"2010","59_Monthly_value_Gold_Beach.pdf","Halibut, Pacific","value","0","0","0","0","90","0","0","0","0","0","0","0","90",""
"2010","59_Monthly_value_Gold_Beach.pdf","Lingcod","value","0","0","0","0","2760","984","1028","2795","2506","120","521","0","10714",""
"2010","59_Monthly_value_Gold_Beach.pdf","Rockfish, black","value","515","1650","2423","4960","12245","8054","10682","16673","12921","1188","957","687","72955",""
"2010","59_Monthly_value_Gold_Beach.pdf","Rockfish, blue","value","16","5","16","41","42","26","6","268","94","119","53","151","837",""
"2010","59_Monthly_value_Gold_Beach.pdf","Rockfish, china","value","42","359","440","819","1215","449","873","2963","1674","251","608","556","10249",""
"2010","59_Monthly_value_Gold_Beach.pdf","Rockfish, copper","value","0","8","0","2","28","16","26","64","79","0","3","0","226",""
"2010","59_Monthly_value_Gold_Beach.pdf","Rockfish, Gopher","value","14","36","28","6","40","0","6","36","31","0","11","0","208",""
"2010","59_Monthly_value_Gold_Beach.pdf","Rockfish, grass","value","56","0","0","35","0","0","21","21","0","0","0","0","133",""
"2010","59_Monthly_value_Gold_Beach.pdf","Rockfish, quillback","value","0","9","30","0","87","41","35","65","35","0","0","0","302",""
"2010","59_Monthly_value_Gold_Beach.pdf","Rockfish, Olive","value","0","0","0","0","0","4","0","0","0","0","0","0","4",""
"2010","59_Monthly_value_Gold_Beach.pdf","Rockfish, tiger","value","0","0","0","0","0","0","8","0","0","0","0","0","8",""
"2010","59_Monthly_value_Gold_Beach.pdf","Rockfish, vermillion","value","0","35","0","36","83","12","74","51","165","0","35","9","500",""
"2010","59_Monthly_value_Gold_Beach.pdf","Rockfish, yellowtail","value","0","0","0","0","4","2","8","2","0","0","0","0","16",""
"2010","59_Monthly_value_Gold_Beach.pdf","Salmon, chinook","value","0","0","0","0","5072","0","0","2827","0","0","0","0","7899",""
"2010","59_Monthly_value_Gold_Beach.pdf","Tuna, albacore","value","0","0","0","0","0","0","0","6925","454","0","0","0","7379",""
"2010","59_Monthly_value_Gold_Beach.pdf","CRUSTACEANS:","value",NA,NA,NA,NA,NA,NA,NA,NA,NA,NA,NA,NA,NA,""
"2010","59_Monthly_value_Gold_Beach.pdf","Crab, Dungeness ocean","value","2327","1451","1383","11670","8727","2045","1178","467","0","0","0","0","29248",""
"2010","59_Monthly_value_Gold_Beach.pdf","OTHER INVERTEBRATES:","value",NA,NA,NA,NA,NA,NA,NA,NA,NA,NA,NA,NA,NA,""
"2010","59_Monthly_value_Gold_Beach.pdf","Sea urchin, red","value","0","0","0","1053","3401","555","1274","1411","10480","1392","0","982","20548",""
"2010","60_Monthly_value_Brookings.pdf","Cabezon...............","value","CHECK","CHECK","CHECK","CHECK","CHECK","CHECK","CHECK","CHECK","CHECK","CHECK","CHECK","CHECK","CHECK","CHECK"
"2010","60_Monthly_value_Brookings.pdf","Flounder, arrowtooth","value","8","231","0","19","0","63","172","73","52","390","16","0","1024",""
"2010","60_Monthly_value_Brookings.pdf","Greenling sp","value","0","1931","1600","667","4959","715","2800","2782","3843","835","1343","793","22268",""
"2010","60_Monthly_value_Brookings.pdf","Grenadier, Pacific","value","0","141","0","0","0","2","0","0","589","95","162","0","989",""
"2010","60_Monthly_value_Brookings.pdf","Halibut, Pacific","value","0","0","0","0","180","0","0","1538","0","0","0","0","1718",""
"2010","60_Monthly_value_Brookings.pdf","Irish Lord, red","value","0","0","0","0","33","3","19","5","22","0","0","0","82",""
"2010","60_Monthly_value_Brookings.pdf","Lingcod","value","0","135","288","69","3782","1456","2142","1968","3465","434","1082","0","14821",""
"2010","60_Monthly_value_Brookings.pdf","Pacific Ocean perch","value","0","7","4","27","2","1","14","41","95","16","27","0","234",""
"2010","60_Monthly_value_Brookings.pdf","Rockfish, black","value","0","1435","2156","2515","8944","3571","5914","4935","6784","949","2654","1092","40949",""
"2010","60_Monthly_value_Brookings.pdf","Rockfish, black&yellow","value","0","0","0","0","13","12","0","24","36","0","0","0","85",""
"2010","60_Monthly_value_Brookings.pdf","Rockfish, blue","value","0","119","64","38","0","8","0","19","73","22","79","72","494",""
"2010","60_Monthly_value_Brookings.pdf","Rockfish, china","value","0","130","75","21","1081","274","515","414","391","136","536","128","3701",""
"2010","60_Monthly_value_Brookings.pdf","Rockfish, copper","value","0","0","0","0","65","53","106","101","8","0","0","0","333",""
"2010","60_Monthly_value_Brookings.pdf","Rockfish, darkblotched","value","42","292","4326","3293","662","94","107","204","308","2533","1718","0","13579",""
"2010","60_Monthly_value_Brookings.pdf","Rockfish, Gopher","value","0","32","6","0","24","0","13","60","46","0","39","0","220",""
"2010","60_Monthly_value_Brookings.pdf","Rockfish, grass","value","0","0","0","0","450","154","245","1442","161","0","0","0","2452",""
"2010","60_Monthly_value_Brookings.pdf","Rockfish, quillback","value","0","13","0","0","19","0","10","0","0","0","0","0","42",""
"2010","60_Monthly_value_Brookings.pdf","Rockfish, vermillion","value","0","27","0","9","139","67","0","145","64","0","19","11","481",""
"2010","60_Monthly_value_Brookings.pdf","Rockfish, widow","value","0","0","0","0","0","0","0","0","5","0","0","0","5",""
"2010","60_Monthly_value_Brookings.pdf","Rockfish, yelloweye","value","0","0","0","0","0","0","0","54","0","0","0","0","54",""
"2010","60_Monthly_value_Brookings.pdf","Rockfish, Shelf","value","0","0","3","0","0","0","0","2","0","0","0","0","5",""
"2010","60_Monthly_value_Brookings.pdf","Rockfish, Slope","value","19","49","201","142","161","92","52","104","62","645","167","0","1694",""
"2010","60_Monthly_value_Brookings.pdf","Thornyhead, longspine","value","3012","8972","6167","10061","12729","9198","2316","7652","9472","4777","7787","0","82143",""
"2010","60_Monthly_value_Brookings.pdf","Thornyhead, shortspine","value","4182","6606","8830","10327","8731","9278","2240","11553","9970","7027","10201","0","88945",""
"2010","60_Monthly_value_Brookings.pdf","Sablefish","value","43966","40688","96491","91806","77816","114405","56984","153639","146742","100512","104013","0","1027062",""
"2010","60_Monthly_value_Brookings.pdf","Salmon, chinook","value","0","0","0","0","10943","1207","3418","6602","754","79114","0","0","102038",""
"2010","60_Monthly_value_Brookings.pdf","Sculpin, other sp","value","0","0","0","0","0","2","0","0","0","0","0","0","2",""
"2010","60_Monthly_value_Brookings.pdf","Skates and rays","value","32","124","805","1214","470","1292","1771","2147","2019","2132","1134","0","13140",""
"2010","60_Monthly_value_Brookings.pdf","Sole, Dover","value","18115","40784","61778","51189","26487","42055","33587","85686","74501","84648","43702","0","562532",""
"2010","60_Monthly_value_Brookings.pdf","Sole, English","value","0","89","422","73","15","0","0","129","216","0","0","0","944",""
"2010","60_Monthly_value_Brookings.pdf","Sole, petrale","value","27424","13832","21058","1194","0","0","0","0","916","2429","18075","0","84928",""
"2010","60_Monthly_value_Brookings.pdf","Sole, rex","value","796","1899","2727","2788","3055","1734","993","3235","2962","4201","2190","0","26580",""
"2010","60_Monthly_value_Brookings.pdf","Tuna, albacore","value","0","0","0","0","0","200","280","12831","21413","27037","0","0","61761",""
"2010","60_Monthly_value_Brookings.pdf","CRUSTACEANS:","value",NA,NA,NA,NA,NA,NA,NA,NA,NA,NA,NA,NA,NA,""
"2010","60_Monthly_value_Brookings.pdf","Crab, Dungeness bay","value","0","0","0","0","0","0","0","0","0","0","0","1564","1564",""
"2010","60_Monthly_value_Brookings.pdf","Crab, Dungeness ocean","value","368776","205159","106396","69683","23980","6332","540","2983","0","0","0","1511062","2294911",""
"2010","60_Monthly_value_Brookings.pdf","Shrimp, pink","value","0","0","0","90062","200148","103185","144299","103733","48658","53014","0","0","743099",""
"2010","60_Monthly_value_Brookings.pdf","MOLLUSKS:","value",NA,NA,NA,NA,NA,NA,NA,NA,NA,NA,NA,NA,NA,""
"2010","60_Monthly_value_Brookings.pdf","Octopus","value","0","91","10","107","0","0","0","0","0","0","0","0","208",""
"2010","60_Monthly_value_Brookings.pdf","OTHER INVERTEBRATES:","value",NA,NA,NA,NA,NA,NA,NA,NA,NA,NA,NA,NA,NA,""
"2010","60_Monthly_value_Brookings.pdf","Sea urchin, red","value","0","0","0","0","0","1279","1099","2436","0","0","0","0","4814",""
